email_id,sender,receiver,subject,body,category,priority,source,text,clean_text
H001,hr@nexova.example,nupur@iris-mail.com,Technical Interview Confirmation - March 18,"Hi Nupur,
 
 We would like to confirm your technical interview for March 18 at 11:00 AM. Please confirm your availability by 6 PM today so that we can reserve the interview panel.
 
 Regards,
 Recruitment Team, Nexova Technologies",Job/Internship,HIGH,Synthetic,"Technical Interview Confirmation - March 18 Hi Nupur,
 
 We would like to confirm your technical interview for March 18 at 11:00 AM. Please confirm your availability by 6 PM today so that we can reserve the interview panel.
 
 Regards,
 Recruitment Team, Nexova Technologies",technical interview confirmation - march 18 hi nupur would like to confirm technical interview march 18 at 11:00 am please confirm availability by 6 pm today reserve interview panel regard recruitment team nexova technology
H002,hr@nexova.example,nupur@iris-mail.com,Re: Technical Interview Confirmation - Reschedule to 10 AM,"Hi Nupur,
 
 Thanks for confirming. There has been a small change, the panel is now available at 10:00 AM instead of 11:00 AM on the same day. Please let us know if this earlier slot still works for you.
 
 Regards,
 Recruitment Team, Nexova Technologies",Job/Internship,HIGH,Synthetic,"Re: Technical Interview Confirmation - Reschedule to 10 AM Hi Nupur,
 
 Thanks for confirming. There has been a small change, the panel is now available at 10:00 AM instead of 11:00 AM on the same day. Please let us know if this earlier slot still works for you.
 
 Regards,
 Recruitment Team, Nexova Technologies",: technical interview confirmation - reschedule to 10 am hi nupur thanks confirming small change panel available at 10:00 am instead 11:00 am on day please let u know earlier slot still work regard recruitment team nexova technology
H003,hr@nexova.example,nupur@iris-mail.com,Final Round Scheduled - Documents Needed,"Hi Nupur,
 
 Congratulations on clearing the technical round. The final HR round is tomorrow at 3 PM. Please carry your resume, college ID, and a copy of your latest marksheet, as we cannot process the offer without these on file.
 
 Regards,
 Recruitment Team, Nexova Technologies",Job/Internship,HIGH,Synthetic,"Final Round Scheduled - Documents Needed Hi Nupur,
 
 Congratulations on clearing the technical round. The final HR round is tomorrow at 3 PM. Please carry your resume, college ID, and a copy of your latest marksheet, as we cannot process the offer without these on file.
 
 Regards,
 Recruitment Team, Nexova Technologies",final round scheduled - document needed hi nupur congratulation on clearing technical round final hr round tomorrow at 3 pm please carry resume college id copy latest marksheet not process offer without on file regard recruitment team nexova technology
H004,careers@vertexlabs.example,nupur@iris-mail.com,Offer Letter Attached - Response Needed by Friday,"Dear Nupur,
 
 Congratulations! Please find your internship offer letter attached. Our HR team needs your signed acceptance by end of day Friday to include you in the next onboarding batch. If we do not hear back by then, the seat may be offered to another candidate.
 
 Best,
 HR, Vertex Labs",Job/Internship,HIGH,Synthetic,"Offer Letter Attached - Response Needed by Friday Dear Nupur,
 
 Congratulations! Please find your internship offer letter attached. Our HR team needs your signed acceptance by end of day Friday to include you in the next onboarding batch. If we do not hear back by then, the seat may be offered to another candidate.
 
 Best,
 HR, Vertex Labs",offer letter attached - response needed by friday dear nupur congratulation please find internship offer letter attached hr team need signed acceptance by end day friday to include next onboarding batch not hear back by seat may offered to another candidate best hr vertex lab
H005,internships@internhub.example,nupur@iris-mail.com,Internship Slot Confirmation Required,"Hi Nupur,
 
 Only 2 seats remain in the Summer Data Analytics Internship you applied for. To lock your seat, complete the registration form within 24 hours. After that the seat will be released to students on the waitlist.
 
 Team InternHub",Job/Internship,HIGH,Synthetic,"Internship Slot Confirmation Required Hi Nupur,
 
 Only 2 seats remain in the Summer Data Analytics Internship you applied for. To lock your seat, complete the registration form within 24 hours. After that the seat will be released to students on the waitlist.
 
 Team InternHub",internship slot confirmation required hi nupur 2 seat remain summer data analytics internship applied to lock seat complete registration form within 24 hour after seat released to student on waitlist team internhub
H006,sneha.talent@finlyst.example,nupur@iris-mail.com,Rescheduling Your Interview Today,"Hi Nupur,
 
 Our interviewer had an emergency and your slot for today at 3 PM needs to move. Could you do 5 PM today instead, or would tomorrow morning work better? Please reply within the hour so we can lock a new time.
 
 Thanks,
 Sneha, Talent Acquisition, Finlyst",Job/Internship,HIGH,Synthetic,"Rescheduling Your Interview Today Hi Nupur,
 
 Our interviewer had an emergency and your slot for today at 3 PM needs to move. Could you do 5 PM today instead, or would tomorrow morning work better? Please reply within the hour so we can lock a new time.
 
 Thanks,
 Sneha, Talent Acquisition, Finlyst",rescheduling interview today hi nupur interviewer emergency slot today at 3 pm need to move could 5 pm today instead would tomorrow morning work better please reply within hour lock new time thanks sneha talent acquisition finlyst
H007,careers@vertexlabs.example,nupur@iris-mail.com,Missing Document in Your Application,"Dear Nupur,
 
 Your application for the Junior Analyst role is on hold because your latest semester marksheet was not attached. The portal closes tonight at midnight and incomplete applications will not be forwarded to the panel.
 
 Regards,
 Careers Team, Vertex Labs",Job/Internship,HIGH,Synthetic,"Missing Document in Your Application Dear Nupur,
 
 Your application for the Junior Analyst role is on hold because your latest semester marksheet was not attached. The portal closes tonight at midnight and incomplete applications will not be forwarded to the panel.
 
 Regards,
 Careers Team, Vertex Labs",missing document application dear nupur application junior analyst role on hold latest semester marksheet not attached portal close tonight at midnight incomplete application not forwarded to panel regard career team vertex lab
H008,placement@nirmaya.edu,nupur@iris-mail.com,You Have Been Shortlisted - Report Tomorrow,"Hi Nupur,
 
 You have cleared the aptitude round. The group discussion is scheduled for tomorrow at 9 AM in Seminar Hall 2. Please carry a printed resume and valid photo ID, and arrive 15 minutes early as latecomers will not be allowed entry.
 
 Placement Cell, Nirmaya Institute",Job/Internship,HIGH,Synthetic,"You Have Been Shortlisted - Report Tomorrow Hi Nupur,
 
 You have cleared the aptitude round. The group discussion is scheduled for tomorrow at 9 AM in Seminar Hall 2. Please carry a printed resume and valid photo ID, and arrive 15 minutes early as latecomers will not be allowed entry.
 
 Placement Cell, Nirmaya Institute",shortlisted - report tomorrow hi nupur cleared aptitude round group discussion scheduled tomorrow at 9 am seminar hall 2 please carry printed resume valid photo id arrive 15 minute early latecomer not allowed entry placement cell nirmaya institute
H009,rohit.manager@orchidconsulting.example,nupur@iris-mail.com,Quick Question Before We Finalize,"Hi Nupur,
 
 My manager wants to close the hiring for this role by tomorrow evening. Can you confirm your expected joining date and notice period today so I can put it in front of him at the 4 PM review? Sorry for the short notice.
 
 Rohit",Job/Internship,HIGH,Synthetic,"Quick Question Before We Finalize Hi Nupur,
 
 My manager wants to close the hiring for this role by tomorrow evening. Can you confirm your expected joining date and notice period today so I can put it in front of him at the 4 PM review? Sorry for the short notice.
 
 Rohit",quick question before finalize hi nupur manager want to close hiring role by tomorrow evening confirm expected joining date notice period today put front at 4 pm review sorry short notice rohit
H010,verification@screensafe.example,nupur@iris-mail.com,Background Verification Call Tomorrow,"Dear Nupur,
 
 Our background verification agency will call you tomorrow between 10 AM and 1 PM. Please keep your original degree certificate and previous internship letter ready, as your joining is contingent on this call being completed on time.
 
 HR Operations",Job/Internship,HIGH,Synthetic,"Background Verification Call Tomorrow Dear Nupur,
 
 Our background verification agency will call you tomorrow between 10 AM and 1 PM. Please keep your original degree certificate and previous internship letter ready, as your joining is contingent on this call being completed on time.
 
 HR Operations",background verification call tomorrow dear nupur background verification agency call tomorrow between 10 am 1 pm please keep original degree certificate previous internship letter ready joining contingent on call completed on time hr operation
H011,karan.hr@cloudberry.example,nupur@iris-mail.com,Re: Internship Stipend - Bank Details Needed,"Hi Nupur,
 
 Glad we could agree on the stipend. Finance needs your bank details filled in the joining form by tomorrow morning to include you in this month's payroll cycle, otherwise your first payment gets delayed by a full month.
 
 Warm regards,
 Karan, Cloudberry Systems",Job/Internship,HIGH,Synthetic,"Re: Internship Stipend - Bank Details Needed Hi Nupur,
 
 Glad we could agree on the stipend. Finance needs your bank details filled in the joining form by tomorrow morning to include you in this month's payroll cycle, otherwise your first payment gets delayed by a full month.
 
 Warm regards,
 Karan, Cloudberry Systems",: internship stipend - bank detail needed hi nupur glad could agree on stipend finance need bank detail filled joining form by tomorrow morning to include month payroll cycle otherwise first payment get delayed by full month warm regard karan cloudberry system
H012,hr@nexova.example,nupur@iris-mail.com,Panel Wants to Meet You Again,"Hi Nupur,
 
 The panel needs a short follow up round tomorrow at 2 PM since two interviewers could not attend the first session. This is unusual but necessary before we can move your file to HR. Please confirm you can make it.
 
 Regards,
 Recruitment, Nexova Technologies",Job/Internship,HIGH,Synthetic,"Panel Wants to Meet You Again Hi Nupur,
 
 The panel needs a short follow up round tomorrow at 2 PM since two interviewers could not attend the first session. This is unusual but necessary before we can move your file to HR. Please confirm you can make it.
 
 Regards,
 Recruitment, Nexova Technologies",panel want to meet hi nupur panel need short follow round tomorrow at 2 pm since two interviewer could not attend first session unusual necessary before move file to hr please confirm make regard recruitment nexova technology
H013,hrbp@orchidconsulting.example,nupur@iris-mail.com,Your Application Has Moved to Offer Stage,"Hi Nupur,
 
 Your profile has moved to the offer stage for the Business Analyst position. Our HR will call you within the next two hours to discuss compensation. Please keep your phone accessible as we would like to close this today.
 
 Talent Team, Orchid Consulting",Job/Internship,HIGH,Synthetic,"Your Application Has Moved to Offer Stage Hi Nupur,
 
 Your profile has moved to the offer stage for the Business Analyst position. Our HR will call you within the next two hours to discuss compensation. Please keep your phone accessible as we would like to close this today.
 
 Talent Team, Orchid Consulting",application moved to offer stage hi nupur profile moved to offer stage business analyst position hr call within next two hour to discus compensation please keep phone accessible would like to close today talent team orchid consulting
H014,hr@cloudberry.example,nupur@iris-mail.com,Documents Needed Before Tomorrow's Induction,"Dear Nupur,
 
 Induction for new joiners starts tomorrow at 9 AM sharp. You still need to submit your Aadhaar copy and last marksheet to the HR desk today evening, otherwise your access card and system login will not be ready on day one.
 
 HR Desk, Cloudberry Systems",Job/Internship,HIGH,Synthetic,"Documents Needed Before Tomorrow's Induction Dear Nupur,
 
 Induction for new joiners starts tomorrow at 9 AM sharp. You still need to submit your Aadhaar copy and last marksheet to the HR desk today evening, otherwise your access card and system login will not be ready on day one.
 
 HR Desk, Cloudberry Systems",document needed before tomorrow induction dear nupur induction new joiner start tomorrow at 9 am sharp still need to submit aadhaar copy last marksheet to hr desk today evening otherwise access card system login not ready on day one hr desk cloudberry system
H015,placement@nirmaya.edu,nupur@iris-mail.com,Company Representatives Arrived Early - Report Now,"Nupur,
 
 The company representatives for today's placement drive arrived earlier than planned. All shortlisted students for the Group Discussion must report to Seminar Hall 2 within the next 30 minutes with their resumes, or names will be dropped from today's list.
 
 Placement Office, Nirmaya Institute",Job/Internship,HIGH,Synthetic,"Company Representatives Arrived Early - Report Now Nupur,
 
 The company representatives for today's placement drive arrived earlier than planned. All shortlisted students for the Group Discussion must report to Seminar Hall 2 within the next 30 minutes with their resumes, or names will be dropped from today's list.
 
 Placement Office, Nirmaya Institute",company representative arrived early - report nupur company representative today placement drive arrived earlier planned shortlisted student group discussion must report to seminar hall 2 within next 30 minute resume name dropped from today list placement office nirmaya institute
H016,anil.rao@nirmaya.edu,nupur@iris-mail.com,Project Synopsis Submission Closes Tonight,"Dear Nupur,
 
 This is a reminder that the project synopsis upload link on the portal closes tonight at 11:59 PM. No extensions will be granted this time as the review committee meets first thing tomorrow morning.
 
 Dr. Anil Rao
 Project Coordinator, Nirmaya Institute",Academic,HIGH,Synthetic,"Project Synopsis Submission Closes Tonight Dear Nupur,
 
 This is a reminder that the project synopsis upload link on the portal closes tonight at 11:59 PM. No extensions will be granted this time as the review committee meets first thing tomorrow morning.
 
 Dr. Anil Rao
 Project Coordinator, Nirmaya Institute",project synopsis submission close tonight dear nupur reminder project synopsis upload link on portal close tonight at 11:59 pm no extension granted time review committee meet first thing tomorrow morning dr anil rao project coordinator nirmaya institute
H017,anil.rao@nirmaya.edu,nupur@iris-mail.com,Re: Extension Request for Your Assignment,"Hi Nupur,
 
 I can give you until tomorrow noon, not beyond that, because I have to submit the consolidated marks to the exam cell by 2 PM. Please make sure the plagiarism report is also attached when you upload the file.
 
 Prof. Anil Rao",Academic,HIGH,Synthetic,"Re: Extension Request for Your Assignment Hi Nupur,
 
 I can give you until tomorrow noon, not beyond that, because I have to submit the consolidated marks to the exam cell by 2 PM. Please make sure the plagiarism report is also attached when you upload the file.
 
 Prof. Anil Rao",: extension request assignment hi nupur give until tomorrow noon not beyond to submit consolidated mark to exam cell by 2 pm please make sure plagiarism report also attached upload file prof anil rao
H018,anil.rao@nirmaya.edu,nupur@iris-mail.com,Viva Voce Moved to Tomorrow,"Nupur,
 
 Your project viva has been moved up to tomorrow at 10 AM instead of next week because the external examiner's travel dates changed. Please have your printed report, certificate, and a working demo ready without fail.
 
 Dr. Anil Rao",Academic,HIGH,Synthetic,"Viva Voce Moved to Tomorrow Nupur,
 
 Your project viva has been moved up to tomorrow at 10 AM instead of next week because the external examiner's travel dates changed. Please have your printed report, certificate, and a working demo ready without fail.
 
 Dr. Anil Rao",viva voce moved to tomorrow nupur project viva moved to tomorrow at 10 am instead next week external examiner travel date changed please printed report certificate working demo ready without fail dr anil rao
H019,examcell@nirmaya.edu,nupur@iris-mail.com,Backlog Exam Form - Last Date Tomorrow,"Dear Nupur,
 
 Our records show you have not yet filled the backlog exam form for Data Structures. The last date to submit with the normal fee is tomorrow. After that a late fee applies, and after two more days the form will not be accepted at all.
 
 Examination Section, Nirmaya Institute",Academic,HIGH,Synthetic,"Backlog Exam Form - Last Date Tomorrow Dear Nupur,
 
 Our records show you have not yet filled the backlog exam form for Data Structures. The last date to submit with the normal fee is tomorrow. After that a late fee applies, and after two more days the form will not be accepted at all.
 
 Examination Section, Nirmaya Institute",backlog exam form - last date tomorrow dear nupur record show not yet filled backlog exam form data structure last date to submit normal fee tomorrow after late fee applies after two day form not accepted at examination section nirmaya institute
H020,accounts@nirmaya.edu,nupur@iris-mail.com,Fee Payment Deadline for Semester Exam,"Dear Nupur,
 
 Semester exam admit cards will not be generated for students with pending fees after tomorrow. Please clear the outstanding amount at the accounts office before 3 PM to avoid being marked as ineligible for the exams starting next week.
 
 Accounts Office, Nirmaya Institute",Academic,HIGH,Synthetic,"Fee Payment Deadline for Semester Exam Dear Nupur,
 
 Semester exam admit cards will not be generated for students with pending fees after tomorrow. Please clear the outstanding amount at the accounts office before 3 PM to avoid being marked as ineligible for the exams starting next week.
 
 Accounts Office, Nirmaya Institute",fee payment deadline semester exam dear nupur semester exam admit card not generated student pending fee after tomorrow please clear outstanding amount at account office before 3 pm to avoid marked ineligible exam starting next week account office nirmaya institute
H021,ayesha.friend@gmail.example,nupur@iris-mail.com,Group Project - Need the Code Tonight,"Hey Nupur,
 
 Sir asked to see a working demo tomorrow morning before the review starts, so whatever pending modules you have please push to the repo by tonight. If the login and dashboard modules are not merged by then we will not have anything to show.
 
 Ayesha",Academic,HIGH,Synthetic,"Group Project - Need the Code Tonight Hey Nupur,
 
 Sir asked to see a working demo tomorrow morning before the review starts, so whatever pending modules you have please push to the repo by tonight. If the login and dashboard modules are not merged by then we will not have anything to show.
 
 Ayesha",group project - need code tonight hey nupur sir asked to see working demo tomorrow morning before review start whatever pending module please push to repo by tonight login dashboard module not merged by not anything to show ayesha
H022,scholarships@nirmaya.edu,nupur@iris-mail.com,Scholarship Form - Final Reminder,"Dear Nupur,
 
 Your merit scholarship application is incomplete because the income certificate has not been uploaded. The portal closes at midnight today and there is no provision to reopen it for this academic year once it closes.
 
 Scholarship Cell, Nirmaya Institute",Academic,HIGH,Synthetic,"Scholarship Form - Final Reminder Dear Nupur,
 
 Your merit scholarship application is incomplete because the income certificate has not been uploaded. The portal closes at midnight today and there is no provision to reopen it for this academic year once it closes.
 
 Scholarship Cell, Nirmaya Institute",scholarship form - final reminder dear nupur merit scholarship application incomplete income certificate not uploaded portal close at midnight today no provision to reopen academic year close scholarship cell nirmaya institute
H023,meenakshi.iyer@nirmaya.edu,nupur@iris-mail.com,Attendance Shortage - Meet HOD Tomorrow,"Dear Nupur,
 
 Your attendance in Computer Networks has fallen below the required 75 percent. You are required to meet the HOD tomorrow between 11 AM and 1 PM with a written explanation, failing which you may be detained from the upcoming semester exam.
 
 Office of the HOD, Nirmaya Institute",Academic,HIGH,Synthetic,"Attendance Shortage - Meet HOD Tomorrow Dear Nupur,
 
 Your attendance in Computer Networks has fallen below the required 75 percent. You are required to meet the HOD tomorrow between 11 AM and 1 PM with a written explanation, failing which you may be detained from the upcoming semester exam.
 
 Office of the HOD, Nirmaya Institute",attendance shortage - meet hod tomorrow dear nupur attendance computer network fallen required 75 percent required to meet hod tomorrow between 11 am 1 pm written explanation failing may detained from upcoming semester exam office hod nirmaya institute
H024,vandana.shah@nirmaya.edu,nupur@iris-mail.com,Thesis Draft Comments - Action Needed Before Submission,"Hi Nupur,
 
 I have reviewed your draft and a few sections need rewriting before the plagiarism check, otherwise it will get flagged. Since the final submission window closes in two days, please revise and send it back to me by tomorrow evening so there is time for one more pass.
 
 Dr. Vandana Shah",Academic,HIGH,Synthetic,"Thesis Draft Comments - Action Needed Before Submission Hi Nupur,
 
 I have reviewed your draft and a few sections need rewriting before the plagiarism check, otherwise it will get flagged. Since the final submission window closes in two days, please revise and send it back to me by tomorrow evening so there is time for one more pass.
 
 Dr. Vandana Shah",thesis draft comment - action needed before submission hi nupur reviewed draft section need rewriting before plagiarism check otherwise get flagged since final submission window close two day please revise send back to by tomorrow evening time one pas dr vandana shah
H025,labincharge@nirmaya.edu,nupur@iris-mail.com,Lab File Submission Tomorrow - Pages Missing,"Dear Nupur,
 
 Your DBMS lab file is missing the last three experiments. Files are being collected tomorrow morning at 9 AM sharp for internal marks and no submissions will be accepted after the practical exam begins.
 
 Lab Instructor, Nirmaya Institute",Academic,HIGH,Synthetic,"Lab File Submission Tomorrow - Pages Missing Dear Nupur,
 
 Your DBMS lab file is missing the last three experiments. Files are being collected tomorrow morning at 9 AM sharp for internal marks and no submissions will be accepted after the practical exam begins.
 
 Lab Instructor, Nirmaya Institute",lab file submission tomorrow - page missing dear nupur dbms lab file missing last three experiment file collected tomorrow morning at 9 am sharp internal mark no submission accepted after practical exam begin lab instructor nirmaya institute
H026,academics@nirmaya.edu,nupur@iris-mail.com,Semester Registration Still Pending,"Hi Nupur,
 
 Our records show your semester registration is still pending on the ERP. Classes officially start Monday and unregistered students will not get access to course materials or attendance. Please complete it before the office closes today.
 
 Academic Office, Nirmaya Institute",Academic,HIGH,Synthetic,"Semester Registration Still Pending Hi Nupur,
 
 Our records show your semester registration is still pending on the ERP. Classes officially start Monday and unregistered students will not get access to course materials or attendance. Please complete it before the office closes today.
 
 Academic Office, Nirmaya Institute",semester registration still pending hi nupur record show semester registration still pending on erp class officially start monday unregistered student not get access to course material attendance please complete before office close today academic office nirmaya institute
H027,examcell@nirmaya.edu,nupur@iris-mail.com,Internal Marks Dispute - Respond by Tomorrow,"Dear Nupur,
 
 You have raised a query regarding your internal assessment marks. The moderation committee meets tomorrow afternoon to finalize marks before they go to the university. If you wish to present your case, please come to the department office before 11 AM tomorrow.
 
 Exam Coordinator, Nirmaya Institute",Academic,HIGH,Synthetic,"Internal Marks Dispute - Respond by Tomorrow Dear Nupur,
 
 You have raised a query regarding your internal assessment marks. The moderation committee meets tomorrow afternoon to finalize marks before they go to the university. If you wish to present your case, please come to the department office before 11 AM tomorrow.
 
 Exam Coordinator, Nirmaya Institute",internal mark dispute - respond by tomorrow dear nupur raised query regarding internal assessment mark moderation committee meet tomorrow afternoon to finalize mark before go to university wish to present case please come to department office before 11 am tomorrow exam coordinator nirmaya institute
H028,warden@nirmaya.edu,nupur@iris-mail.com,Hostel Fee and Exam Eligibility,"Dear Nupur,
 
 Students with pending hostel dues will not be issued hall tickets for the upcoming exams. The finance office closes for the week after tomorrow, so please clear your dues before then to avoid missing your first paper.
 
 Warden's Office, Nirmaya Institute",Academic,HIGH,Synthetic,"Hostel Fee and Exam Eligibility Dear Nupur,
 
 Students with pending hostel dues will not be issued hall tickets for the upcoming exams. The finance office closes for the week after tomorrow, so please clear your dues before then to avoid missing your first paper.
 
 Warden's Office, Nirmaya Institute",hostel fee exam eligibility dear nupur student pending hostel due not issued hall ticket upcoming exam finance office close week after tomorrow please clear due before to avoid missing first paper warden office nirmaya institute
H029,rohan.classmate@gmail.example,nupur@iris-mail.com,Re: Need Your Slides Before the Seminar,"Hi Nupur,
 
 The seminar has been moved up to tomorrow because the guest faculty is only available this week. Please send me your slides tonight so I can compile everything into one deck before the morning session.
 
 Rohan",Academic,HIGH,Synthetic,"Re: Need Your Slides Before the Seminar Hi Nupur,
 
 The seminar has been moved up to tomorrow because the guest faculty is only available this week. Please send me your slides tonight so I can compile everything into one deck before the morning session.
 
 Rohan",: need slide before seminar hi nupur seminar moved to tomorrow guest faculty available week please send slide tonight compile everything one deck before morning session rohan
H030,anil.rao@nirmaya.edu,nupur@iris-mail.com,Re: Viva Confirmed - Bring Original Certificates,"Nupur,
 
 Just confirming for tomorrow's viva at 10 AM, please also bring your original degree certificates from previous semesters along with the project report, the external examiner specifically asked to see them this time.
 
 Dr. Anil Rao",Academic,HIGH,Synthetic,"Re: Viva Confirmed - Bring Original Certificates Nupur,
 
 Just confirming for tomorrow's viva at 10 AM, please also bring your original degree certificates from previous semesters along with the project report, the external examiner specifically asked to see them this time.
 
 Dr. Anil Rao",: viva confirmed - bring original certificate nupur confirming tomorrow viva at 10 am please also bring original degree certificate from previous semester along project report external examiner specifically asked to see time dr anil rao
H031,vikram.lead@cloudberry.example,nupur@iris-mail.com,Client Escalation - Need Your Input Today,"Hi Nupur,
 
 The client flagged a critical bug in production and is asking for a root cause by end of day. Can you check the payment gateway logs and send me your findings before 5 PM so I can join the client call at 6?
 
 Thanks,
 Vikram",Work/Project,HIGH,Synthetic,"Client Escalation - Need Your Input Today Hi Nupur,
 
 The client flagged a critical bug in production and is asking for a root cause by end of day. Can you check the payment gateway logs and send me your findings before 5 PM so I can join the client call at 6?
 
 Thanks,
 Vikram",client escalation - need input today hi nupur client flagged critical bug production asking root cause by end day check payment gateway log send finding before 5 pm join client call at 6 thanks vikram
H032,ops@cloudberry.example,nupur@iris-mail.com,Server Downtime - Fix Needed Now,"Nupur,
 
 The checkout service has been throwing errors since 2 AM and orders are failing. This is affecting live customers right now. If you are available, please join the incident bridge immediately, this cannot wait until the morning standup.
 
 Ops Team, Cloudberry Systems",Work/Project,HIGH,Synthetic,"Server Downtime - Fix Needed Now Nupur,
 
 The checkout service has been throwing errors since 2 AM and orders are failing. This is affecting live customers right now. If you are available, please join the incident bridge immediately, this cannot wait until the morning standup.
 
 Ops Team, Cloudberry Systems",server downtime - fix needed nupur checkout service throwing error since 2 am order failing affecting live customer right available please join incident bridge immediately not wait until morning standup ops team cloudberry system
H033,ramesh.vp@cloudberry.example,nupur@iris-mail.com,Board Presentation Moved to Tomorrow Morning,"Hi Nupur,
 
 The board meeting got moved up a full week and is now tomorrow at 9 AM. I need the updated revenue slides and churn numbers tonight so I can review them before I present.
 
 Regards,
 Ramesh, VP Sales",Work/Project,HIGH,Synthetic,"Board Presentation Moved to Tomorrow Morning Hi Nupur,
 
 The board meeting got moved up a full week and is now tomorrow at 9 AM. I need the updated revenue slides and churn numbers tonight so I can review them before I present.
 
 Regards,
 Ramesh, VP Sales",board presentation moved to tomorrow morning hi nupur board meeting got moved full week tomorrow at 9 am need updated revenue slide churn number tonight review before present regard ramesh vp sale
H034,alok.legal@cloudberry.example,nupur@iris-mail.com,Contract Needs Your Sign Off Before Noon,"Hi Nupur,
 
 Legal has approved the vendor contract but it needs to be reviewed and signed off before noon today, otherwise the vendor said they will offer the discounted rate to another client instead. Can you take a look at page 3?
 
 Best,
 Alok",Work/Project,HIGH,Synthetic,"Contract Needs Your Sign Off Before Noon Hi Nupur,
 
 Legal has approved the vendor contract but it needs to be reviewed and signed off before noon today, otherwise the vendor said they will offer the discounted rate to another client instead. Can you take a look at page 3?
 
 Best,
 Alok",contract need sign before noon hi nupur legal approved vendor contract need to reviewed signed before noon today otherwise vendor said offer discounted rate to another client instead take look at page 3 best alok
H035,release@cloudberry.example,nupur@iris-mail.com,Production Deployment Window Closing Soon,"Hi Nupur,
 
 Our deployment window with the infra team closes in two hours. If the release build is not ready by then we lose the slot and have to wait until next week, which pushes the client launch date. Please confirm build status now.
 
 Release Manager",Work/Project,HIGH,Synthetic,"Production Deployment Window Closing Soon Hi Nupur,
 
 Our deployment window with the infra team closes in two hours. If the release build is not ready by then we lose the slot and have to wait until next week, which pushes the client launch date. Please confirm build status now.
 
 Release Manager",production deployment window closing soon hi nupur deployment window infra team close two hour release build not ready by lose slot to wait until next week push client launch date please confirm build status release manager
H036,priyanka.finance@cloudberry.example,nupur@iris-mail.com,Manager Needs the Numbers Before His Flight,"Hey Nupur,
 
 My manager is boarding a flight in three hours and wants the quarterly numbers finalized before he lands since he is presenting them first thing tomorrow. Could you send the updated sheet as soon as it's ready?
 
 Thanks,
 Priyanka",Work/Project,HIGH,Synthetic,"Manager Needs the Numbers Before His Flight Hey Nupur,
 
 My manager is boarding a flight in three hours and wants the quarterly numbers finalized before he lands since he is presenting them first thing tomorrow. Could you send the updated sheet as soon as it's ready?
 
 Thanks,
 Priyanka",manager need number before flight hey nupur manager boarding flight three hour want quarterly number finalized before land since presenting first thing tomorrow could send updated sheet soon ready thanks priyanka
H037,finance@cloudberry.example,nupur@iris-mail.com,Budget Approval Closes Today,"Hi Nupur,
 
 Finance is closing this quarter's budget approvals at 6 PM today. If your team's request is not submitted with proper justification before then, it rolls over to next quarter and you may not get the allocation in time for the project.
 
 Finance Team, Cloudberry Systems",Work/Project,HIGH,Synthetic,"Budget Approval Closes Today Hi Nupur,
 
 Finance is closing this quarter's budget approvals at 6 PM today. If your team's request is not submitted with proper justification before then, it rolls over to next quarter and you may not get the allocation in time for the project.
 
 Finance Team, Cloudberry Systems",budget approval close today hi nupur finance closing quarter budget approval at 6 pm today team request not submitted proper justification before roll over to next quarter may not get allocation time project finance team cloudberry system
H038,kunal.colleague@gmail.example,nupur@iris-mail.com,Re: Can You Cover My Shift Tonight,"Hey Nupur,
 
 I just got a call that my father was admitted to the hospital and I need to leave right now. Could you cover my on call shift tonight? I am really sorry for the last minute ask, I would not do this if it wasn't serious.
 
 Kunal",Work/Project,HIGH,Synthetic,"Re: Can You Cover My Shift Tonight Hey Nupur,
 
 I just got a call that my father was admitted to the hospital and I need to leave right now. Could you cover my on call shift tonight? I am really sorry for the last minute ask, I would not do this if it wasn't serious.
 
 Kunal",: cover shift tonight hey nupur got call father admitted to hospital need to leave right could cover on call shift tonight am really sorry last minute ask would not serious kunal
H039,itsecurity@cloudberry.example,nupur@iris-mail.com,Data Access Investigation - Need Logs Now,"Hi Nupur,
 
 Security has flagged unusual access patterns on the customer database starting this morning. We need the access logs from your team pulled and shared within the hour so we can determine whether this is a genuine breach.
 
 IT Security, Cloudberry Systems",Work/Project,HIGH,Synthetic,"Data Access Investigation - Need Logs Now Hi Nupur,
 
 Security has flagged unusual access patterns on the customer database starting this morning. We need the access logs from your team pulled and shared within the hour so we can determine whether this is a genuine breach.
 
 IT Security, Cloudberry Systems",data access investigation - need log hi nupur security flagged unusual access pattern on customer database starting morning need access log from team pulled shared within hour determine whether genuine breach security cloudberry system
H040,suresh.vendor@partsupply.example,nupur@iris-mail.com,"Re: Vendor Payment Stuck, Factory Waiting","Hi Nupur,
 
 The vendor has paused production because last month's payment has not cleared. They said if it is not resolved by tomorrow they will push our order to the back of the queue, which would delay the launch by weeks.
 
 Regards,
 Suresh",Work/Project,HIGH,Synthetic,"Re: Vendor Payment Stuck, Factory Waiting Hi Nupur,
 
 The vendor has paused production because last month's payment has not cleared. They said if it is not resolved by tomorrow they will push our order to the back of the queue, which would delay the launch by weeks.
 
 Regards,
 Suresh",: vendor payment stuck factory waiting hi nupur vendor paused production last month payment not cleared said not resolved by tomorrow push order to back queue would delay launch by week regard suresh
H041,hrbp@cloudberry.example,nupur@iris-mail.com,Performance Review Moved Up to Tomorrow,"Hi Nupur,
 
 HR asked us to move your performance review from next week to tomorrow at 11 AM because of a scheduling conflict with your reporting manager's travel. Please come prepared, this is the final review before the appraisal cycle closes.
 
 HRBP Team, Cloudberry Systems",Work/Project,HIGH,Synthetic,"Performance Review Moved Up to Tomorrow Hi Nupur,
 
 HR asked us to move your performance review from next week to tomorrow at 11 AM because of a scheduling conflict with your reporting manager's travel. Please come prepared, this is the final review before the appraisal cycle closes.
 
 HRBP Team, Cloudberry Systems",performance review moved to tomorrow hi nupur hr asked u to move performance review from next week to tomorrow at 11 am scheduling conflict reporting manager travel please come prepared final review before appraisal cycle close hrbp team cloudberry system
H042,anita.qa@cloudberry.example,nupur@iris-mail.com,The Demo is Broken and Client Joins in an Hour,"Nupur,
 
 I just tested the staging build and the checkout flow is throwing errors. The client demo is in one hour and this is the exact flow we are supposed to show them. If you can look at this right now, please jump in.
 
 Anita",Work/Project,HIGH,Synthetic,"The Demo is Broken and Client Joins in an Hour Nupur,
 
 I just tested the staging build and the checkout flow is throwing errors. The client demo is in one hour and this is the exact flow we are supposed to show them. If you can look at this right now, please jump in.
 
 Anita",demo broken client join hour nupur tested staging build checkout flow throwing error client demo one hour exact flow supposed to show look at right please jump anita
H043,compliance@cloudberry.example,nupur@iris-mail.com,Compliance Audit Document Request,"Dear Nupur,
 
 The external auditors have requested last quarter's access control logs by tomorrow morning as part of the compliance audit. Missing this deadline could delay the certification renewal that is due at month end.
 
 Compliance Office, Cloudberry Systems",Work/Project,HIGH,Synthetic,"Compliance Audit Document Request Dear Nupur,
 
 The external auditors have requested last quarter's access control logs by tomorrow morning as part of the compliance audit. Missing this deadline could delay the certification renewal that is due at month end.
 
 Compliance Office, Cloudberry Systems",compliance audit document request dear nupur external auditor requested last quarter access control log by tomorrow morning part compliance audit missing deadline could delay certification renewal due at month end compliance office cloudberry system
H044,marketing@cloudberry.example,nupur@iris-mail.com,Sign Off Needed Before Print Deadline,"Hi Nupur,
 
 The printer needs final approval on the brochure by 3 PM today or our slot in their production queue gets pushed to next week, which would be after the trade show. Can you take a last look and approve?
 
 Marketing Team, Cloudberry Systems",Work/Project,HIGH,Synthetic,"Sign Off Needed Before Print Deadline Hi Nupur,
 
 The printer needs final approval on the brochure by 3 PM today or our slot in their production queue gets pushed to next week, which would be after the trade show. Can you take a last look and approve?
 
 Marketing Team, Cloudberry Systems",sign needed before print deadline hi nupur printer need final approval on brochure by 3 pm today slot production queue get pushed to next week would after trade show take last look approve marketing team cloudberry system
H045,pm@cloudberry.example,nupur@iris-mail.com,Key Resource Resigning - Handover Needed This Week,"Hi Nupur,
 
 As you may have heard, Rakesh has resigned with immediate effect and his last day is Friday. We need to identify all pending items on his plate and plan handover sessions before he leaves, starting with the client facing tasks.
 
 Regards,
 Project Manager, Cloudberry Systems",Work/Project,HIGH,Synthetic,"Key Resource Resigning - Handover Needed This Week Hi Nupur,
 
 As you may have heard, Rakesh has resigned with immediate effect and his last day is Friday. We need to identify all pending items on his plate and plan handover sessions before he leaves, starting with the client facing tasks.
 
 Regards,
 Project Manager, Cloudberry Systems",key resource resigning - handover needed week hi nupur may heard rakesh resigned immediate effect last day friday need to identify pending item on plate plan handover session before leaf starting client facing task regard project manager cloudberry system
H046,alerts@suvidhabank.example,nupur@iris-mail.com,Loan EMI Bounced - Action Required,"Dear Nupur,
 
 Your EMI for this month could not be processed due to insufficient balance. Please ensure funds are available by tomorrow to avoid a bounce charge and a negative remark on your credit report.
 
 Customer Service, Suvidha Bank",Financial,HIGH,Synthetic,"Loan EMI Bounced - Action Required Dear Nupur,
 
 Your EMI for this month could not be processed due to insufficient balance. Please ensure funds are available by tomorrow to avoid a bounce charge and a negative remark on your credit report.
 
 Customer Service, Suvidha Bank",loan emi bounced - action required dear nupur emi month could not processed due to insufficient balance please ensure fund available by tomorrow to avoid bounce charge negative remark on credit report customer service suvidha bank
H047,alerts@suvidhabank.example,nupur@iris-mail.com,Re: EMI Bounced - Final Reminder Before Report Filed,"Dear Nupur,
 
 We have not yet received the pending EMI amount from our earlier notice. If it is not cleared by tomorrow evening, this will be reported to the credit bureau and may affect your future loan eligibility.
 
 Customer Service, Suvidha Bank",Financial,HIGH,Synthetic,"Re: EMI Bounced - Final Reminder Before Report Filed Dear Nupur,
 
 We have not yet received the pending EMI amount from our earlier notice. If it is not cleared by tomorrow evening, this will be reported to the credit bureau and may affect your future loan eligibility.
 
 Customer Service, Suvidha Bank",: emi bounced - final reminder before report filed dear nupur not yet received pending emi amount from earlier notice not cleared by tomorrow evening reported to credit bureau may affect future loan eligibility customer service suvidha bank
H048,alerts@suvidhabank.example,nupur@iris-mail.com,Credit Card Payment Due Tomorrow,"Hello Nupur,
 
 This is a reminder that your credit card outstanding is due tomorrow. If the minimum amount is not paid by then, late payment charges and interest will apply, and it may also be reported to the credit bureau.
 
 Suvidha Bank",Financial,HIGH,Synthetic,"Credit Card Payment Due Tomorrow Hello Nupur,
 
 This is a reminder that your credit card outstanding is due tomorrow. If the minimum amount is not paid by then, late payment charges and interest will apply, and it may also be reported to the credit bureau.
 
 Suvidha Bank",credit card payment due tomorrow hello nupur reminder credit card outstanding due tomorrow minimum amount not paid by late payment charge interest apply may also reported to credit bureau suvidha bank
H049,support@payeasy.example,nupur@iris-mail.com,"Re: Refund Reversed, Please Respond","Hi Nupur,
 
 We attempted to process your refund but it bounced back because the account details on file are outdated. Please share the correct bank details within 2 business days or the refund will be held for an additional billing cycle.
 
 Support Team, Payeasy",Financial,HIGH,Synthetic,"Re: Refund Reversed, Please Respond Hi Nupur,
 
 We attempted to process your refund but it bounced back because the account details on file are outdated. Please share the correct bank details within 2 business days or the refund will be held for an additional billing cycle.
 
 Support Team, Payeasy",: refund reversed please respond hi nupur attempted to process refund bounced back account detail on file outdated please share correct bank detail within 2 business day refund held additional billing cycle support team payeasy
H050,dad@family.example,nupur@iris-mail.com,"Re: Rent Transfer Failed, Landlord Following Up","Hi Nupur,
 
 The rent transfer I tried this morning failed, seems the account number on file might be wrong. Your landlord already messaged twice asking about it. Could you confirm the correct account details today so I can retry before evening?
 
 Dad",Financial,HIGH,Synthetic,"Re: Rent Transfer Failed, Landlord Following Up Hi Nupur,
 
 The rent transfer I tried this morning failed, seems the account number on file might be wrong. Your landlord already messaged twice asking about it. Could you confirm the correct account details today so I can retry before evening?
 
 Dad",: rent transfer failed landlord following hi nupur rent transfer tried morning failed seems account number on file might wrong landlord already messaged twice asking could confirm correct account detail today retry before evening dad
H051,policy@securelife.example,nupur@iris-mail.com,Insufficient Funds Alert on Scheduled Payment,"Dear Nupur,
 
 Your account does not have sufficient balance to process the auto debit scheduled for tomorrow towards your insurance premium. If the payment fails, your policy may lapse and reinstatement could require a fresh medical check up.
 
 Customer Care, SecureLife Insurance",Financial,HIGH,Synthetic,"Insufficient Funds Alert on Scheduled Payment Dear Nupur,
 
 Your account does not have sufficient balance to process the auto debit scheduled for tomorrow towards your insurance premium. If the payment fails, your policy may lapse and reinstatement could require a fresh medical check up.
 
 Customer Care, SecureLife Insurance",insufficient fund alert on scheduled payment dear nupur account not sufficient balance to process auto debit scheduled tomorrow towards insurance premium payment fails policy may lapse reinstatement could require fresh medical check customer care securelife insurance
H052,karan.hr@cloudberry.example,nupur@iris-mail.com,Re: Stipend Not Credited,"Hi Nupur,
 
 I checked with finance and your stipend for this month has not been processed yet due to a bank verification issue. You mentioned an EMI due tomorrow, so I have escalated this to be resolved by end of day.
 
 Karan",Financial,HIGH,Synthetic,"Re: Stipend Not Credited Hi Nupur,
 
 I checked with finance and your stipend for this month has not been processed yet due to a bank verification issue. You mentioned an EMI due tomorrow, so I have escalated this to be resolved by end of day.
 
 Karan",: stipend not credited hi nupur checked finance stipend month not processed yet due to bank verification issue mentioned emi due tomorrow escalated to resolved by end day karan
H053,meera.ca@meeraassociates.example,nupur@iris-mail.com,Tax Filing Deadline Approaching,"Dear Nupur,
 
 Based on the documents you shared, there is a discrepancy in your income declaration that needs correction before the return is filed. The filing deadline is in two days and any further delay may attract a penalty.
 
 Your CA, Meera Associates",Financial,HIGH,Synthetic,"Tax Filing Deadline Approaching Dear Nupur,
 
 Based on the documents you shared, there is a discrepancy in your income declaration that needs correction before the return is filed. The filing deadline is in two days and any further delay may attract a penalty.
 
 Your CA, Meera Associates",tax filing deadline approaching dear nupur based on document shared discrepancy income declaration need correction before return filed filing deadline two day delay may attract penalty ca meera associate
H054,alerts@suvidhabank.example,nupur@iris-mail.com,Overdraft Limit Exceeded,"Dear Nupur,
 
 Your account has exceeded the approved overdraft limit. Please deposit funds within 24 hours to bring the account within limits, failing which the bank may restrict further transactions on this account.
 
 Suvidha Bank",Financial,HIGH,Synthetic,"Overdraft Limit Exceeded Dear Nupur,
 
 Your account has exceeded the approved overdraft limit. Please deposit funds within 24 hours to bring the account within limits, failing which the bank may restrict further transactions on this account.
 
 Suvidha Bank",overdraft limit exceeded dear nupur account exceeded approved overdraft limit please deposit fund within 24 hour to bring account within limit failing bank may restrict transaction on account suvidha bank
H055,accounts@webnesthosting.example,nupur@iris-mail.com,Invoice Not Paid - Services May Be Paused,"Hi Nupur,
 
 Our records show invoice INV-2291 for your portfolio website hosting is now 15 days overdue. As per our agreement, services will be paused if payment is not received within 48 hours.
 
 Accounts Team, Webnest Hosting",Financial,HIGH,Synthetic,"Invoice Not Paid - Services May Be Paused Hi Nupur,
 
 Our records show invoice INV-2291 for your portfolio website hosting is now 15 days overdue. As per our agreement, services will be paused if payment is not received within 48 hours.
 
 Accounts Team, Webnest Hosting",invoice not paid - service may paused hi nupur record show invoice inv-2291 portfolio website hosting 15 day overdue per agreement service paused payment not received within 48 hour account team webnest hosting
H056,security@zentracloud.example,nupur@iris-mail.com,Unusual Sign-in Attempt on Your Account,"Hello Nupur,
 
 We noticed a sign in attempt to your account from a device we do not recognize, located in a different city than your usual activity. If this was not you, please secure your account right away by changing your password.
 
 Account Security Team, Zentra Cloud",Security,HIGH,Synthetic,"Unusual Sign-in Attempt on Your Account Hello Nupur,
 
 We noticed a sign in attempt to your account from a device we do not recognize, located in a different city than your usual activity. If this was not you, please secure your account right away by changing your password.
 
 Account Security Team, Zentra Cloud",unusual sign-in attempt on account hello nupur noticed sign attempt to account from device not recognize located different city usual activity not please secure account right away by changing password account security team zentra cloud
H057,security@zentracloud.example,nupur@iris-mail.com,Re: Your Account Will Be Locked in 24 Hours,"Dear Nupur,
 
 Following up on our earlier alert, we detected further failed login attempts on your account. For your safety, the account will be temporarily locked in 24 hours unless you verify your identity through the secure link sent to your registered email.
 
 Security Desk, Zentra Cloud",Security,HIGH,Synthetic,"Re: Your Account Will Be Locked in 24 Hours Dear Nupur,
 
 Following up on our earlier alert, we detected further failed login attempts on your account. For your safety, the account will be temporarily locked in 24 hours unless you verify your identity through the secure link sent to your registered email.
 
 Security Desk, Zentra Cloud",: account locked 24 hour dear nupur following on earlier alert detected failed login attempt on account safety account temporarily locked 24 hour unless verify identity secure link sent to registered email security desk zentra cloud
H058,fraud@suvidhabank.example,nupur@iris-mail.com,Suspicious Transaction on Your Card,"Dear Nupur,
 
 We flagged a transaction on your card that does not match your usual spending pattern. As a precaution we have paused the card temporarily. Please call us back today to confirm whether this transaction was made by you.
 
 Fraud Prevention Team, Suvidha Bank",Security,HIGH,Synthetic,"Suspicious Transaction on Your Card Dear Nupur,
 
 We flagged a transaction on your card that does not match your usual spending pattern. As a precaution we have paused the card temporarily. Please call us back today to confirm whether this transaction was made by you.
 
 Fraud Prevention Team, Suvidha Bank",suspicious transaction on card dear nupur flagged transaction on card not match usual spending pattern precaution paused card temporarily please call u back today to confirm whether transaction made by fraud prevention team suvidha bank
H059,it@nirmaya.edu,nupur@iris-mail.com,Password Expiring Soon - Update Required,"Hi Nupur,
 
 Your college portal password expires tomorrow. If it is not updated before then, your access to the student portal and email will be automatically suspended until IT manually resets it, which can take up to a day.
 
 IT Support, Nirmaya Institute",Security,HIGH,Synthetic,"Password Expiring Soon - Update Required Hi Nupur,
 
 Your college portal password expires tomorrow. If it is not updated before then, your access to the student portal and email will be automatically suspended until IT manually resets it, which can take up to a day.
 
 IT Support, Nirmaya Institute",password expiring soon - update required hi nupur college portal password expires tomorrow not updated before access to student portal email automatically suspended until manually reset take to day support nirmaya institute
H060,noreply@zentracloud.example,nupur@iris-mail.com,Someone Tried to Reset Your Password,"Hello Nupur,
 
 We received a request to reset the password for your account. If this was not initiated by you, please ignore the reset link and change your password immediately as someone may be attempting to access your account.
 
 Account Team, Zentra Cloud",Security,HIGH,Synthetic,"Someone Tried to Reset Your Password Hello Nupur,
 
 We received a request to reset the password for your account. If this was not initiated by you, please ignore the reset link and change your password immediately as someone may be attempting to access your account.
 
 Account Team, Zentra Cloud",someone tried to reset password hello nupur received request to reset password account not initiated by please ignore reset link change password immediately someone may attempting to access account account team zentra cloud
H061,security@cloudberry.example,nupur@iris-mail.com,Two-Factor Authentication Disabled Unexpectedly,"Dear Nupur,
 
 Our system shows that two factor authentication on your account was turned off a few hours ago, which we did not initiate. If you did not make this change, please contact support immediately as your account may be compromised.
 
 Security Operations, Cloudberry Systems",Security,HIGH,Synthetic,"Two-Factor Authentication Disabled Unexpectedly Dear Nupur,
 
 Our system shows that two factor authentication on your account was turned off a few hours ago, which we did not initiate. If you did not make this change, please contact support immediately as your account may be compromised.
 
 Security Operations, Cloudberry Systems",two-factor authentication disabled unexpectedly dear nupur system show two factor authentication on account turned hour ago not initiate not make change please contact support immediately account may compromised security operation cloudberry system
H062,ayesha.friend@gmail.example,nupur@iris-mail.com,Re: My Account Got Logged Out Everywhere,"Hi Nupur,
 
 I just got logged out of my account on all my devices without doing anything myself, and now I cannot log back in with my usual password. This looks strange and I am worried someone else has gotten into my account. Can you help me check?
 
 Thanks,
 Ayesha",Security,HIGH,Synthetic,"Re: My Account Got Logged Out Everywhere Hi Nupur,
 
 I just got logged out of my account on all my devices without doing anything myself, and now I cannot log back in with my usual password. This looks strange and I am worried someone else has gotten into my account. Can you help me check?
 
 Thanks,
 Ayesha",: account got logged everywhere hi nupur got logged account on device without anything not log back usual password look strange am worried someone else gotten account help check thanks ayesha
H063,itsecurity@cloudberry.example,nupur@iris-mail.com,Data Access Request Flagged for Review,"Dear Nupur,
 
 Your recent request to download the customer database has been flagged by our monitoring system for unusual volume. Access has been temporarily paused pending manager approval, please contact IT security today to clarify the request.
 
 IT Security, Cloudberry Systems",Security,HIGH,Synthetic,"Data Access Request Flagged for Review Dear Nupur,
 
 Your recent request to download the customer database has been flagged by our monitoring system for unusual volume. Access has been temporarily paused pending manager approval, please contact IT security today to clarify the request.
 
 IT Security, Cloudberry Systems",data access request flagged review dear nupur recent request to download customer database flagged by monitoring system unusual volume access temporarily paused pending manager approval please contact security today to clarify request security cloudberry system
H064,ithelpdesk@cloudberry.example,nupur@iris-mail.com,New Device Added to Your Account,"Hello Nupur,
 
 A new device was just added to your account for accessing company email. If you did not add this device, please revoke access immediately from your security settings and notify IT, as this may allow someone else to read your mail.
 
 IT Helpdesk, Cloudberry Systems",Security,HIGH,Synthetic,"New Device Added to Your Account Hello Nupur,
 
 A new device was just added to your account for accessing company email. If you did not add this device, please revoke access immediately from your security settings and notify IT, as this may allow someone else to read your mail.
 
 IT Helpdesk, Cloudberry Systems",new device added to account hello nupur new device added to account accessing company email not add device please revoke access immediately from security setting notify may allow someone else to read mail helpdesk cloudberry system
H065,it@nirmaya.edu,nupur@iris-mail.com,Phishing Email Reported - Change Password as Precaution,"Hi Nupur,
 
 A student reported an email pretending to be from our portal asking for login credentials. Several people in your batch may have received it. Please do not click any links in it and change your password as a precaution before end of day.
 
 IT Support, Nirmaya Institute",Security,HIGH,Synthetic,"Phishing Email Reported - Change Password as Precaution Hi Nupur,
 
 A student reported an email pretending to be from our portal asking for login credentials. Several people in your batch may have received it. Please do not click any links in it and change your password as a precaution before end of day.
 
 IT Support, Nirmaya Institute",phishing email reported - change password precaution hi nupur student reported email pretending to from portal asking login credential several people batch may received please not click link change password precaution before end day support nirmaya institute
H066,reception@wellnessclinic.example,nupur@iris-mail.com,Doctor Appointment Moved Up to Today,"Hi Nupur,
 
 The clinic called to say Dr. Kapoor had a cancellation and can see you today at 4 PM instead of next week. Given how long the wait usually is, we would suggest taking this slot if you can make it. Let us know so we can confirm.
 
 Reception, Wellness Clinic",Meeting/Appointment,HIGH,Synthetic,"Doctor Appointment Moved Up to Today Hi Nupur,
 
 The clinic called to say Dr. Kapoor had a cancellation and can see you today at 4 PM instead of next week. Given how long the wait usually is, we would suggest taking this slot if you can make it. Let us know so we can confirm.
 
 Reception, Wellness Clinic",doctor appointment moved to today hi nupur clinic called to say dr kapoor cancellation see today at 4 pm instead next week given long wait usually would suggest taking slot make let u know confirm reception wellness clinic
H067,landlord.rajesh@gmail.example,nupur@iris-mail.com,Meet Before Tomorrow - Lease Renewal,"Hi Nupur,
 
 I want to finalize the lease renewal terms in person tomorrow morning before I leave for a trip, otherwise we will have to wait until I am back in three weeks, which is after your current lease ends.
 
 Rajesh",Meeting/Appointment,HIGH,Synthetic,"Meet Before Tomorrow - Lease Renewal Hi Nupur,
 
 I want to finalize the lease renewal terms in person tomorrow morning before I leave for a trip, otherwise we will have to wait until I am back in three weeks, which is after your current lease ends.
 
 Rajesh",meet before tomorrow - lease renewal hi nupur want to finalize lease renewal term person tomorrow morning before leave trip otherwise to wait until am back three week after current lease end rajesh
H068,sbhatia.advocate@example.com,nupur@iris-mail.com,Court Hearing Date Confirmed,"Dear Nupur,
 
 This is to confirm that your case hearing has been scheduled for tomorrow at 11 AM in Court Room 4. Please be present at least 30 minutes early with all the original documents we discussed, as adjournment is unlikely to be granted this time.
 
 Advocate S. Bhatia",Meeting/Appointment,HIGH,Synthetic,"Court Hearing Date Confirmed Dear Nupur,
 
 This is to confirm that your case hearing has been scheduled for tomorrow at 11 AM in Court Room 4. Please be present at least 30 minutes early with all the original documents we discussed, as adjournment is unlikely to be granted this time.
 
 Advocate S. Bhatia",court hearing date confirmed dear nupur to confirm case hearing scheduled tomorrow at 11 am court room 4 please present at least 30 minute early original document discussed adjournment unlikely to granted time advocate bhatia
H069,hr@nexova.example,nupur@iris-mail.com,Panel Waiting - Please Join Now,"Hi Nupur,
 
 We had scheduled a call with you for 4 PM today but you have not joined yet and the panel is waiting. Please let us know if you can join in the next 15 minutes, otherwise we will need to reschedule with a much later date.
 
 Recruitment Team, Nexova Technologies",Meeting/Appointment,HIGH,Synthetic,"Panel Waiting - Please Join Now Hi Nupur,
 
 We had scheduled a call with you for 4 PM today but you have not joined yet and the panel is waiting. Please let us know if you can join in the next 15 minutes, otherwise we will need to reschedule with a much later date.
 
 Recruitment Team, Nexova Technologies",panel waiting - please join hi nupur scheduled call 4 pm today not joined yet panel waiting please let u know join next 15 minute otherwise need to reschedule much later date recruitment team nexova technology
H070,secretary@greenmeadows.example,nupur@iris-mail.com,Emergency Society Meeting Tonight,"Dear Resident,
 
 Due to the sudden water supply issue in our block, an emergency society meeting is called for tonight at 8 PM in the community hall. All residents are requested to attend as decisions about tanker arrangements will be made.
 
 Secretary, Green Meadows Society",Meeting/Appointment,HIGH,Synthetic,"Emergency Society Meeting Tonight Dear Resident,
 
 Due to the sudden water supply issue in our block, an emergency society meeting is called for tonight at 8 PM in the community hall. All residents are requested to attend as decisions about tanker arrangements will be made.
 
 Secretary, Green Meadows Society",emergency society meeting tonight dear resident due to sudden water supply issue block emergency society meeting called tonight at 8 pm community hall resident requested to attend decision tanker arrangement made secretary green meadow society
H071,simran.friend@gmail.example,nupur@iris-mail.com,Flight Lands Early - Pickup Rearranged,"Hi Nupur,
 
 My flight got rescheduled and now lands three hours earlier than planned, at 6 AM instead of 9. Could you let the cab driver know about the change today itself so there is no confusion or missed pickup?
 
 Thanks,
 Simran",Meeting/Appointment,HIGH,Synthetic,"Flight Lands Early - Pickup Rearranged Hi Nupur,
 
 My flight got rescheduled and now lands three hours earlier than planned, at 6 AM instead of 9. Could you let the cab driver know about the change today itself so there is no confusion or missed pickup?
 
 Thanks,
 Simran",flight land early - pickup rearranged hi nupur flight got rescheduled land three hour earlier planned at 6 am instead 9 could let cab driver know change today no confusion missed pickup thanks simran
H072,classteacher@sunriseschool.example,nupur@iris-mail.com,Parent-Teacher Meeting Slot Changed,"Dear Nupur,
 
 Due to a scheduling clash, the slot for tomorrow's parent teacher meeting for your sibling has been moved to 10 AM instead of 2 PM. Please confirm if this works, as the class teacher has very limited availability after that.
 
 Class Teacher, Sunrise School",Meeting/Appointment,HIGH,Synthetic,"Parent-Teacher Meeting Slot Changed Dear Nupur,
 
 Due to a scheduling clash, the slot for tomorrow's parent teacher meeting for your sibling has been moved to 10 AM instead of 2 PM. Please confirm if this works, as the class teacher has very limited availability after that.
 
 Class Teacher, Sunrise School",parent-teacher meeting slot changed dear nupur due to scheduling clash slot tomorrow parent teacher meeting sibling moved to 10 am instead 2 pm please confirm work class teacher limited availability after class teacher sunrise school
H073,farhan.classmate@gmail.example,nupur@iris-mail.com,Need to Move Our Call - Something Came Up,"Hi Nupur,
 
 Something urgent came up on my end and I will not be able to make our 3 PM call today. Can we do first thing tomorrow morning instead? I know this is short notice and I am sorry for the inconvenience.
 
 Best,
 Farhan",Meeting/Appointment,HIGH,Synthetic,"Need to Move Our Call - Something Came Up Hi Nupur,
 
 Something urgent came up on my end and I will not be able to make our 3 PM call today. Can we do first thing tomorrow morning instead? I know this is short notice and I am sorry for the inconvenience.
 
 Best,
 Farhan",need to move call - something came hi nupur something urgent came on end not able to make 3 pm call today first thing tomorrow morning instead know short notice am sorry inconvenience best farhan
H074,events@royalevents.example,nupur@iris-mail.com,Wedding Venue Visit - Final Slot Available,"Hi Nupur,
 
 This is the last available slot to visit before the booking calendar for your cousin's wedding date closes to other clients. The manager can only hold it until tomorrow evening, after which he will start showing it to another family.
 
 Regards,
 Royal Events",Meeting/Appointment,HIGH,Synthetic,"Wedding Venue Visit - Final Slot Available Hi Nupur,
 
 This is the last available slot to visit before the booking calendar for your cousin's wedding date closes to other clients. The manager can only hold it until tomorrow evening, after which he will start showing it to another family.
 
 Regards,
 Royal Events",wedding venue visit - final slot available hi nupur last available slot to visit before booking calendar cousin wedding date close to client manager hold until tomorrow evening after start showing to another family regard royal event
H075,frontdesk@petcareclinic.example,nupur@iris-mail.com,Vet Wants to See Your Dog Today,"Hi Nupur,
 
 The vet reviewed the reports you sent and would like to see your dog in person today rather than waiting for the scheduled appointment next week. Please try to bring him in before the clinic closes at 7 PM.
 
 Front Desk, PetCare Clinic",Meeting/Appointment,HIGH,Synthetic,"Vet Wants to See Your Dog Today Hi Nupur,
 
 The vet reviewed the reports you sent and would like to see your dog in person today rather than waiting for the scheduled appointment next week. Please try to bring him in before the clinic closes at 7 PM.
 
 Front Desk, PetCare Clinic",vet want to see dog today hi nupur vet reviewed report sent would like to see dog person today rather waiting scheduled appointment next week please try to bring before clinic close at 7 pm front desk petcare clinic
H076,mom@family.example,nupur@iris-mail.com,Grandma is in the Hospital,"Hi Nupur,
 
 Dad just called, grandma was rushed to the hospital this afternoon and the doctors are still running tests. He wants everyone to come as soon as they can. I know you have your project work but please try to leave early today if possible.
 
 Love,
 Mom",Personal,HIGH,Synthetic,"Grandma is in the Hospital Hi Nupur,
 
 Dad just called, grandma was rushed to the hospital this afternoon and the doctors are still running tests. He wants everyone to come as soon as they can. I know you have your project work but please try to leave early today if possible.
 
 Love,
 Mom",grandma hospital hi nupur dad called grandma rushed to hospital afternoon doctor still running test want everyone to come soon know project work please try to leave early today possible love mom
H077,mom@family.example,nupur@iris-mail.com,Re: Need to Talk About Grandma's Reports,"Hi Nupur,
 
 I spoke to grandma's doctor today and there are some new reports we need to discuss as a family before her follow up visit tomorrow. Can you call tonight, even if late? It is important we are all on the same page before then.
 
 Mom",Personal,HIGH,Synthetic,"Re: Need to Talk About Grandma's Reports Hi Nupur,
 
 I spoke to grandma's doctor today and there are some new reports we need to discuss as a family before her follow up visit tomorrow. Can you call tonight, even if late? It is important we are all on the same page before then.
 
 Mom",: need to talk grandma report hi nupur spoke to grandma doctor today new report need to discus family before follow visit tomorrow call tonight even late important on page before mom
H078,landlord.rajesh@gmail.example,nupur@iris-mail.com,Asking You to Vacate Early,"Hi Nupur,
 
 I wanted to let you know I have decided to sell the flat and need you to vacate by the end of this month instead of when your lease actually ends. Let's figure out the next steps this week since flat hunting usually takes time.
 
 Rajesh",Personal,HIGH,Synthetic,"Asking You to Vacate Early Hi Nupur,
 
 I wanted to let you know I have decided to sell the flat and need you to vacate by the end of this month instead of when your lease actually ends. Let's figure out the next steps this week since flat hunting usually takes time.
 
 Rajesh",asking to vacate early hi nupur wanted to let know decided to sell flat need to vacate by end month instead lease actually end let figure next step week since flat hunting usually take time rajesh
H079,dad@family.example,nupur@iris-mail.com,Re: Passport Office Called Back,"Hi Nupur,
 
 The passport office called and said there is a discrepancy in the documents submitted and someone needs to visit in person tomorrow with the corrected papers, otherwise the application will be sent back and we will have to start over.
 
 Dad",Personal,HIGH,Synthetic,"Re: Passport Office Called Back Hi Nupur,
 
 The passport office called and said there is a discrepancy in the documents submitted and someone needs to visit in person tomorrow with the corrected papers, otherwise the application will be sent back and we will have to start over.
 
 Dad",: passport office called back hi nupur passport office called said discrepancy document submitted someone need to visit person tomorrow corrected paper otherwise application sent back to start over dad
H080,ayesha.friend@gmail.example,nupur@iris-mail.com,Need Help Moving Out Tonight,"Hey Nupur,
 
 I know this is last minute but my situation at home got really bad and I need to move my stuff out tonight before things get worse. Could you help me get a few boxes to your place, just for a couple of days?
 
 Thanks so much,
 Ayesha",Personal,HIGH,Synthetic,"Need Help Moving Out Tonight Hey Nupur,
 
 I know this is last minute but my situation at home got really bad and I need to move my stuff out tonight before things get worse. Could you help me get a few boxes to your place, just for a couple of days?
 
 Thanks so much,
 Ayesha",need help moving tonight hey nupur know last minute situation at home got really bad need to move stuff tonight before thing get worse could help get box to place couple day thanks much ayesha
H081,mom@family.example,nupur@iris-mail.com,Dad's Flight Got Cancelled,"Hi Nupur,
 
 Dad's flight back got cancelled because of the weather and he is stuck at the airport with no clear rebooking yet. Can you check flights from your end too, in case we find something faster than what the airline is offering him?
 
 Love,
 Mom",Personal,HIGH,Synthetic,"Dad's Flight Got Cancelled Hi Nupur,
 
 Dad's flight back got cancelled because of the weather and he is stuck at the airport with no clear rebooking yet. Can you check flights from your end too, in case we find something faster than what the airline is offering him?
 
 Love,
 Mom",dad flight got cancelled hi nupur dad flight back got cancelled weather stuck at airport no clear rebooking yet check flight from end case find something faster airline offering love mom
H082,rohan.cousin@gmail.example,nupur@iris-mail.com,Sister's Delivery Date Moved Up,"Hey Nupur,
 
 The doctor just told my sister the delivery might happen earlier than expected, possibly in the next couple of days. Mom wants to know if you can come down this weekend instead of next, in case things move faster than planned.
 
 Rohan",Personal,HIGH,Synthetic,"Sister's Delivery Date Moved Up Hey Nupur,
 
 The doctor just told my sister the delivery might happen earlier than expected, possibly in the next couple of days. Mom wants to know if you can come down this weekend instead of next, in case things move faster than planned.
 
 Rohan",sister delivery date moved hey nupur doctor told sister delivery might happen earlier expected possibly next couple day mom want to know come weekend instead next case thing move faster planned rohan
H083,landlord.rajesh@gmail.example,nupur@iris-mail.com,Ceiling Leak - Needs Fixing Today,"Hi Nupur,
 
 The plumber found a leak in the ceiling coming from the flat above and it is getting worse. He said it needs to be fixed today itself before it damages the wiring. Can you be around this evening when he comes?
 
 Rajesh",Personal,HIGH,Synthetic,"Ceiling Leak - Needs Fixing Today Hi Nupur,
 
 The plumber found a leak in the ceiling coming from the flat above and it is getting worse. He said it needs to be fixed today itself before it damages the wiring. Can you be around this evening when he comes?
 
 Rajesh",ceiling leak - need fixing today hi nupur plumber found leak ceiling coming from flat getting worse said need to fixed today before damage wiring around evening come rajesh
H084,dad@family.example,nupur@iris-mail.com,Uncle's Surgery Moved to Tomorrow,"Hi Nupur,
 
 The hospital just informed us that uncle's surgery has been moved up to tomorrow morning instead of next week because a slot opened up. If you want to see him before, today evening is the only window since he needs to be prepped early tomorrow.
 
 Dad",Personal,HIGH,Synthetic,"Uncle's Surgery Moved to Tomorrow Hi Nupur,
 
 The hospital just informed us that uncle's surgery has been moved up to tomorrow morning instead of next week because a slot opened up. If you want to see him before, today evening is the only window since he needs to be prepped early tomorrow.
 
 Dad",uncle surgery moved to tomorrow hi nupur hospital informed u uncle surgery moved to tomorrow morning instead next week slot opened want to see before today evening window since need to prepped early tomorrow dad
H085,suresh.uncle@gmail.example,nupur@iris-mail.com,Need an Answer About the Family Property,"Hi Nupur,
 
 The buyer for the property is only willing to wait until tomorrow for our decision, after that he said he will look at other options. Can we all get on a call tonight so we can give him a final answer in time?
 
 Suresh",Personal,HIGH,Synthetic,"Need an Answer About the Family Property Hi Nupur,
 
 The buyer for the property is only willing to wait until tomorrow for our decision, after that he said he will look at other options. Can we all get on a call tonight so we can give him a final answer in time?
 
 Suresh",need answer family property hi nupur buyer property willing to wait until tomorrow decision after said look at option get on call tonight give final answer time suresh
H086,notify@skywings.example,nupur@iris-mail.com,Flight Rescheduled - New Departure Time,"Dear Nupur,
 
 Your flight tomorrow has been rescheduled to depart three hours earlier due to operational reasons. Please check in at least two hours before the new departure time as boarding will close accordingly. We regret the inconvenience.
 
 SkyWings Airlines",Travel,HIGH,Synthetic,"Flight Rescheduled - New Departure Time Dear Nupur,
 
 Your flight tomorrow has been rescheduled to depart three hours earlier due to operational reasons. Please check in at least two hours before the new departure time as boarding will close accordingly. We regret the inconvenience.
 
 SkyWings Airlines",flight rescheduled - new departure time dear nupur flight tomorrow rescheduled to depart three hour earlier due to operational reason please check at least two hour before new departure time boarding close accordingly regret inconvenience skywings airline
H087,simran.friend@gmail.example,nupur@iris-mail.com,Re: Hotel Booking Cancelled by Mistake,"Hi Nupur,
 
 I just noticed our hotel booking for tomorrow night got cancelled somehow, maybe a system glitch on their end. We check in tomorrow evening and I don't want to land there with no room. Can you call the hotel today and get this fixed?
 
 Thanks,
 Simran",Travel,HIGH,Synthetic,"Re: Hotel Booking Cancelled by Mistake Hi Nupur,
 
 I just noticed our hotel booking for tomorrow night got cancelled somehow, maybe a system glitch on their end. We check in tomorrow evening and I don't want to land there with no room. Can you call the hotel today and get this fixed?
 
 Thanks,
 Simran",: hotel booking cancelled by mistake hi nupur noticed hotel booking tomorrow night got cancelled somehow maybe system glitch on end check tomorrow evening want to land no room call hotel today get fixed thanks simran
H088,visaservices@globalvisa.example,nupur@iris-mail.com,Visa Appointment Slot Released,"Dear Nupur,
 
 A visa interview slot has opened up for tomorrow due to a cancellation. Since your travel date is approaching and no other slots are available for the next three weeks, we recommend confirming this slot within the next few hours.
 
 Visa Services Team",Travel,HIGH,Synthetic,"Visa Appointment Slot Released Dear Nupur,
 
 A visa interview slot has opened up for tomorrow due to a cancellation. Since your travel date is approaching and no other slots are available for the next three weeks, we recommend confirming this slot within the next few hours.
 
 Visa Services Team",visa appointment slot released dear nupur visa interview slot opened tomorrow due to cancellation since travel date approaching no slot available next three week recommend confirming slot within next hour visa service team
H089,booking@railwayservices.example,nupur@iris-mail.com,Train Ticket Waitlisted - Chart Prepares Tonight,"Dear Nupur,
 
 Your ticket is currently on the waiting list and the reservation chart will be prepared tonight. If it does not get confirmed, you will need to arrange alternate travel for tomorrow's journey since waitlisted tickets are not valid for boarding.
 
 Railway Booking Services",Travel,HIGH,Synthetic,"Train Ticket Waitlisted - Chart Prepares Tonight Dear Nupur,
 
 Your ticket is currently on the waiting list and the reservation chart will be prepared tonight. If it does not get confirmed, you will need to arrange alternate travel for tomorrow's journey since waitlisted tickets are not valid for boarding.
 
 Railway Booking Services",train ticket waitlisted - chart prepares tonight dear nupur ticket currently on waiting list reservation chart prepared tonight not get confirmed need to arrange alternate travel tomorrow journey since waitlisted ticket not valid boarding railway booking service
H090,dispatch@ridenow.example,nupur@iris-mail.com,"Re: Cab Driver Stuck, Pickup at Risk","Hi Nupur,
 
 The cab assigned for your airport pickup tomorrow morning just messaged saying his vehicle broke down. We are arranging a replacement but wanted to flag this now in case you want to also keep a backup option ready given your flight time.
 
 Dispatch Team, RideNow",Travel,HIGH,Synthetic,"Re: Cab Driver Stuck, Pickup at Risk Hi Nupur,
 
 The cab assigned for your airport pickup tomorrow morning just messaged saying his vehicle broke down. We are arranging a replacement but wanted to flag this now in case you want to also keep a backup option ready given your flight time.
 
 Dispatch Team, RideNow",: cab driver stuck pickup at risk hi nupur cab assigned airport pickup tomorrow morning messaged saying vehicle broke arranging replacement wanted to flag case want to also keep backup option ready given flight time dispatch team ridenow
H091,hrcompliance@cloudberry.example,nupur@iris-mail.com,Notice Period Discrepancy - Response Required,"Dear Nupur,
 
 Our records show a discrepancy in your internship notice period compared to your offer letter terms. Please respond within two working days with clarification, failing which the matter will be forwarded to the legal team for further action.
 
 HR Compliance, Cloudberry Systems",Legal/Administrative,HIGH,Synthetic,"Notice Period Discrepancy - Response Required Dear Nupur,
 
 Our records show a discrepancy in your internship notice period compared to your offer letter terms. Please respond within two working days with clarification, failing which the matter will be forwarded to the legal team for further action.
 
 HR Compliance, Cloudberry Systems",notice period discrepancy - response required dear nupur record show discrepancy internship notice period compared to offer letter term please respond within two working day clarification failing matter forwarded to legal team action hr compliance cloudberry system
H092,revenue@municipalcorp.example,nupur@iris-mail.com,Property Tax Notice - Objection Window Closing,"Dear Resident,
 
 The municipal office has issued a revised property tax assessment for your family's property. If you wish to raise an objection, it must be filed before the window closes in three days, after which the revised amount becomes final and payable.
 
 Municipal Corporation",Legal/Administrative,HIGH,Synthetic,"Property Tax Notice - Objection Window Closing Dear Resident,
 
 The municipal office has issued a revised property tax assessment for your family's property. If you wish to raise an objection, it must be filed before the window closes in three days, after which the revised amount becomes final and payable.
 
 Municipal Corporation",property tax notice - objection window closing dear resident municipal office issued revised property tax assessment family property wish to raise objection must filed before window close three day after revised amount becomes final payable municipal corporation
H093,compliance@regauthority.example,nupur@iris-mail.com,Show Cause Notice Received,"Dear Nupur,
 
 This refers to the show cause notice sent regarding a compliance filing on your internship company's records. You are required to submit a response within seven days from the date of this notice, failing which further action may be initiated.
 
 Regulatory Affairs Office",Legal/Administrative,HIGH,Synthetic,"Show Cause Notice Received Dear Nupur,
 
 This refers to the show cause notice sent regarding a compliance filing on your internship company's records. You are required to submit a response within seven days from the date of this notice, failing which further action may be initiated.
 
 Regulatory Affairs Office",show cause notice received dear nupur refers to show cause notice sent regarding compliance filing on internship company record required to submit response within seven day from date notice failing action may initiated regulatory affair office
H094,info@passportsevakendra.example,nupur@iris-mail.com,Passport Renewal - Document Verification Pending,"Dear Nupur,
 
 Your passport renewal application is on hold as the address verification report has not been received. Please visit the nearest police station within 3 days to complete the process, or your application may be closed and you will need to reapply.
 
 Passport Seva Kendra",Legal/Administrative,HIGH,Synthetic,"Passport Renewal - Document Verification Pending Dear Nupur,
 
 Your passport renewal application is on hold as the address verification report has not been received. Please visit the nearest police station within 3 days to complete the process, or your application may be closed and you will need to reapply.
 
 Passport Seva Kendra",passport renewal - document verification pending dear nupur passport renewal application on hold address verification report not received please visit nearest police station within 3 day to complete process application may closed need to reapply passport seva kendra
H095,rnair.advocate@example.com,nupur@iris-mail.com,Re: Tenant Notice Draft - Confirm Today,"Dear Nupur,
 
 As discussed, the legal notice regarding the flat has a response window of 15 days. Please review the attached draft and confirm today if any changes are needed before it is formally dispatched tomorrow.
 
 Advocate R. Nair",Legal/Administrative,HIGH,Synthetic,"Re: Tenant Notice Draft - Confirm Today Dear Nupur,
 
 As discussed, the legal notice regarding the flat has a response window of 15 days. Please review the attached draft and confirm today if any changes are needed before it is formally dispatched tomorrow.
 
 Advocate R. Nair",: tenant notice draft - confirm today dear nupur discussed legal notice regarding flat response window 15 day please review attached draft confirm today change needed before formally dispatched tomorrow advocate r nair
H096,facilities@greenmeadows.example,nupur@iris-mail.com,Water Tank Contamination Alert,"Dear Residents,
 
 Water samples from the overhead tank have tested positive for contamination. Please avoid using tap water for drinking or cooking until further notice. Cleaning is scheduled for tomorrow morning and an update will follow once it is safe to resume normal use.
 
 Facilities Management, Green Meadows Society",Other,HIGH,Synthetic,"Water Tank Contamination Alert Dear Residents,
 
 Water samples from the overhead tank have tested positive for contamination. Please avoid using tap water for drinking or cooking until further notice. Cleaning is scheduled for tomorrow morning and an update will follow once it is safe to resume normal use.
 
 Facilities Management, Green Meadows Society",water tank contamination alert dear resident water sample from overhead tank tested positive contamination please avoid using tap water drinking cooking until notice cleaning scheduled tomorrow morning update follow safe to resume normal use facility management green meadow society
H097,vikas.neighbor@gmail.example,nupur@iris-mail.com,Neighbor's Tree About to Fall on Our Wall,"Hi Nupur,
 
 The tree next door has been leaning more since last night's rain and looks like it could come down on our shared wall anytime. Can you call the neighbor and the tree cutting service today before it actually falls and damages something?
 
 Thanks,
 Vikas",Other,HIGH,Synthetic,"Neighbor's Tree About to Fall on Our Wall Hi Nupur,
 
 The tree next door has been leaning more since last night's rain and looks like it could come down on our shared wall anytime. Can you call the neighbor and the tree cutting service today before it actually falls and damages something?
 
 Thanks,
 Vikas",neighbor tree to fall on wall hi nupur tree next door leaning since last night rain look like could come on shared wall anytime call neighbor tree cutting service today before actually fall damage something thanks vikas
H098,management@greenmeadows.example,nupur@iris-mail.com,Gas Leak Reported in the Building,"Dear Residents,
 
 A gas leak has been reported on the third floor. Please keep your windows open and avoid using any open flame until the technician has inspected all flats, which is expected to begin within the hour. Evacuate immediately if you smell gas strongly.
 
 Building Management, Green Meadows Society",Other,HIGH,Synthetic,"Gas Leak Reported in the Building Dear Residents,
 
 A gas leak has been reported on the third floor. Please keep your windows open and avoid using any open flame until the technician has inspected all flats, which is expected to begin within the hour. Evacuate immediately if you smell gas strongly.
 
 Building Management, Green Meadows Society",gas leak reported building dear resident gas leak reported on third floor please keep window open avoid using open flame until technician inspected flat expected to begin within hour evacuate immediately smell gas strongly building management green meadow society
H099,hostelcommittee@nirmaya.edu,nupur@iris-mail.com,Power Backup Failing During Exam Week,"Hi Nupur,
 
 The hostel's power backup has been failing every night this week, right during study hours before exams. Several students are affected and we need this fixed before tonight if at all possible, since your exam is tomorrow morning.
 
 Regards,
 Hostel Committee",Other,HIGH,Synthetic,"Power Backup Failing During Exam Week Hi Nupur,
 
 The hostel's power backup has been failing every night this week, right during study hours before exams. Several students are affected and we need this fixed before tonight if at all possible, since your exam is tomorrow morning.
 
 Regards,
 Hostel Committee",power backup failing during exam week hi nupur hostel power backup failing every night week right during study hour before exam several student affected need fixed before tonight at possible since exam tomorrow morning regard hostel committee
H100,kabir.neighbor@gmail.example,nupur@iris-mail.com,Pet Gone Missing Near the Park,"Hi Nupur,
 
 Our dog slipped out of the gate about an hour ago and has not come back. If you spot him near the park or the main road on your way back, please call immediately, he gets scared easily around traffic and it gets dark soon.
 
 Thanks,
 Kabir",Other,HIGH,Synthetic,"Pet Gone Missing Near the Park Hi Nupur,
 
 Our dog slipped out of the gate about an hour ago and has not come back. If you spot him near the park or the main road on your way back, please call immediately, he gets scared easily around traffic and it gets dark soon.
 
 Thanks,
 Kabir",pet gone missing near park hi nupur dog slipped gate hour ago not come back spot near park main road on way back please call immediately get scared easily around traffic get dark soon thanks kabir
H101,hr@nexova.example,nupur@iris-mail.com,Your Slot May Be Released,"Hi Nupur,
 
 Your interview slot for Thursday is being held for you, but we have candidates on standby. If we do not hear a confirmation from you by 6 PM today, the slot will be released to the next person in line.
 
 Regards,
 Recruitment Team, Nexova Technologies",Job/Internship,HIGH,Synthetic,"Your Slot May Be Released Hi Nupur,
 
 Your interview slot for Thursday is being held for you, but we have candidates on standby. If we do not hear a confirmation from you by 6 PM today, the slot will be released to the next person in line.
 
 Regards,
 Recruitment Team, Nexova Technologies",slot may released hi nupur interview slot thursday held candidate on standby not hear confirmation from by 6 pm today slot released to next person line regard recruitment team nexova technology
H102,careers@vertexlabs.example,nupur@iris-mail.com,Acceptance Document Needed Before Friday,"Dear Nupur,
 
 Your internship offer remains open, but the acceptance document needs to be completed and returned before Friday. Without it, we cannot proceed with your onboarding for this batch.
 
 Best,
 HR, Vertex Labs",Job/Internship,HIGH,Synthetic,"Acceptance Document Needed Before Friday Dear Nupur,
 
 Your internship offer remains open, but the acceptance document needs to be completed and returned before Friday. Without it, we cannot proceed with your onboarding for this batch.
 
 Best,
 HR, Vertex Labs",acceptance document needed before friday dear nupur internship offer remains open acceptance document need to completed returned before friday without not proceed onboarding batch best hr vertex lab
H103,placement@nirmaya.edu,nupur@iris-mail.com,Aptitude Test Window Closes at 5 PM,"Dear Nupur,
 
 The online aptitude test for the upcoming placement drive closes at 5 PM today. You have not yet attempted it based on our records. Please complete it before the window closes as no retakes will be permitted afterward.
 
 Placement Cell, Nirmaya Institute",Job/Internship,HIGH,Synthetic,"Aptitude Test Window Closes at 5 PM Dear Nupur,
 
 The online aptitude test for the upcoming placement drive closes at 5 PM today. You have not yet attempted it based on our records. Please complete it before the window closes as no retakes will be permitted afterward.
 
 Placement Cell, Nirmaya Institute",aptitude test window close at 5 pm dear nupur online aptitude test upcoming placement drive close at 5 pm today not yet attempted based on record please complete before window close no retake permitted afterward placement cell nirmaya institute
H104,hrbp@orchidconsulting.example,nupur@iris-mail.com,Salary Negotiation Deadline,"Hi Nupur,
 
 We understand you wanted to discuss the compensation further. The hiring manager needs a final decision by tomorrow noon so the offer can be processed in this cycle, otherwise it moves to next month's batch.
 
 Talent Team, Orchid Consulting",Job/Internship,HIGH,Synthetic,"Salary Negotiation Deadline Hi Nupur,
 
 We understand you wanted to discuss the compensation further. The hiring manager needs a final decision by tomorrow noon so the offer can be processed in this cycle, otherwise it moves to next month's batch.
 
 Talent Team, Orchid Consulting",salary negotiation deadline hi nupur understand wanted to discus compensation hiring manager need final decision by tomorrow noon offer processed cycle otherwise move to next month batch talent team orchid consulting
H105,sneha.talent@finlyst.example,nupur@iris-mail.com,One Slot Remaining for Tomorrow,"Hi Nupur,
 
 We have one interview slot left for tomorrow at 11 AM and a few other candidates are also interested in it. Please confirm within the next couple of hours if you would like to take it.
 
 Sneha, Talent Acquisition, Finlyst",Job/Internship,HIGH,Synthetic,"One Slot Remaining for Tomorrow Hi Nupur,
 
 We have one interview slot left for tomorrow at 11 AM and a few other candidates are also interested in it. Please confirm within the next couple of hours if you would like to take it.
 
 Sneha, Talent Acquisition, Finlyst",one slot remaining tomorrow hi nupur one interview slot left tomorrow at 11 am candidate also interested please confirm within next couple hour would like to take sneha talent acquisition finlyst
H106,internships@internhub.example,nupur@iris-mail.com,Confirm Registration Before Seats Fill,"Hi Nupur,
 
 The internship you shortlisted has three seats left as of this morning, and applications are coming in quickly. Complete your registration today if you want to secure a spot in this cohort.
 
 Team InternHub",Job/Internship,HIGH,Synthetic,"Confirm Registration Before Seats Fill Hi Nupur,
 
 The internship you shortlisted has three seats left as of this morning, and applications are coming in quickly. Complete your registration today if you want to secure a spot in this cohort.
 
 Team InternHub",confirm registration before seat fill hi nupur internship shortlisted three seat left morning application coming quickly complete registration today want to secure spot cohort team internhub
H107,karan.hr@cloudberry.example,nupur@iris-mail.com,Joining Formalities Pending,"Hi Nupur,
 
 Your joining date is fixed for Monday, but a couple of formalities on the portal are still incomplete. Please finish uploading your documents by tomorrow evening so your system access can be created in time.
 
 Karan, Cloudberry Systems",Job/Internship,HIGH,Synthetic,"Joining Formalities Pending Hi Nupur,
 
 Your joining date is fixed for Monday, but a couple of formalities on the portal are still incomplete. Please finish uploading your documents by tomorrow evening so your system access can be created in time.
 
 Karan, Cloudberry Systems",joining formality pending hi nupur joining date fixed monday couple formality on portal still incomplete please finish uploading document by tomorrow evening system access created time karan cloudberry system
H108,verification@screensafe.example,nupur@iris-mail.com,Reference Contact Needs Confirmation Today,"Dear Nupur,
 
 We were unable to reach the reference you provided. Could you confirm an alternate contact number today? Your background check cannot move forward without this, and the client has a tight timeline for your onboarding.
 
 HR Operations, ScreenSafe",Job/Internship,HIGH,Synthetic,"Reference Contact Needs Confirmation Today Dear Nupur,
 
 We were unable to reach the reference you provided. Could you confirm an alternate contact number today? Your background check cannot move forward without this, and the client has a tight timeline for your onboarding.
 
 HR Operations, ScreenSafe",reference contact need confirmation today dear nupur unable to reach reference provided could confirm alternate contact number today background check not move forward without client tight timeline onboarding hr operation screensafe
H109,hr@nexova.example,nupur@iris-mail.com,Re: Final Round Feedback Pending Your Response,"Hi Nupur,
 
 Following up on the final round, the panel has asked us to check if you are still available to join within the next three weeks. Please respond by tomorrow so we can proceed with the paperwork.
 
 Recruitment Team, Nexova Technologies",Job/Internship,HIGH,Synthetic,"Re: Final Round Feedback Pending Your Response Hi Nupur,
 
 Following up on the final round, the panel has asked us to check if you are still available to join within the next three weeks. Please respond by tomorrow so we can proceed with the paperwork.
 
 Recruitment Team, Nexova Technologies",: final round feedback pending response hi nupur following on final round panel asked u to check still available to join within next three week please respond by tomorrow proceed paperwork recruitment team nexova technology
H110,rohit.manager@orchidconsulting.example,nupur@iris-mail.com,Need Your Decision Before I Close the Req,"Hi Nupur,
 
 I have to close this requisition by end of week either with your acceptance or by moving to the next candidate. If you are still interested, please let me know today so I can hold the position for you.
 
 Rohit",Job/Internship,HIGH,Synthetic,"Need Your Decision Before I Close the Req Hi Nupur,
 
 I have to close this requisition by end of week either with your acceptance or by moving to the next candidate. If you are still interested, please let me know today so I can hold the position for you.
 
 Rohit",need decision before close req hi nupur to close requisition by end week either acceptance by moving to next candidate still interested please let know today hold position rohit
H111,placement@nirmaya.edu,nupur@iris-mail.com,Mandatory Pre-Placement Talk Tomorrow,"Dear Students,
 
 Attendance at tomorrow's pre placement talk is mandatory for anyone wishing to sit for the upcoming drive. Students who do not attend will not be permitted to appear for the interviews later this week.
 
 Placement Cell, Nirmaya Institute",Job/Internship,HIGH,Synthetic,"Mandatory Pre-Placement Talk Tomorrow Dear Students,
 
 Attendance at tomorrow's pre placement talk is mandatory for anyone wishing to sit for the upcoming drive. Students who do not attend will not be permitted to appear for the interviews later this week.
 
 Placement Cell, Nirmaya Institute",mandatory pre-placement talk tomorrow dear student attendance at tomorrow pre placement talk mandatory anyone wishing to sit upcoming drive student not attend not permitted to appear interview later week placement cell nirmaya institute
H112,careers@vertexlabs.example,nupur@iris-mail.com,Certificate Needed for Your Joining File,"Dear Nupur,
 
 Your joining file is incomplete without the college bonafide certificate. HR needs it in hand before your induction begins tomorrow, otherwise your access card cannot be issued on day one.
 
 Careers Team, Vertex Labs",Job/Internship,HIGH,Synthetic,"Certificate Needed for Your Joining File Dear Nupur,
 
 Your joining file is incomplete without the college bonafide certificate. HR needs it in hand before your induction begins tomorrow, otherwise your access card cannot be issued on day one.
 
 Careers Team, Vertex Labs",certificate needed joining file dear nupur joining file incomplete without college bonafide certificate hr need hand before induction begin tomorrow otherwise access card not issued on day one career team vertex lab
H113,hrbp@orchidconsulting.example,nupur@iris-mail.com,Client Wants to Meet You Before Confirming,"Hi Nupur,
 
 The client has asked for a short introductory call with you before they finalize the placement. They are only available tomorrow between 2 and 4 PM, please let us know a time within that window that works.
 
 Talent Team, Orchid Consulting",Job/Internship,HIGH,Synthetic,"Client Wants to Meet You Before Confirming Hi Nupur,
 
 The client has asked for a short introductory call with you before they finalize the placement. They are only available tomorrow between 2 and 4 PM, please let us know a time within that window that works.
 
 Talent Team, Orchid Consulting",client want to meet before confirming hi nupur client asked short introductory call before finalize placement available tomorrow between 2 4 pm please let u know time within window work talent team orchid consulting
H114,karan.hr@cloudberry.example,nupur@iris-mail.com,Medical Test Report Needed Before Joining,"Hi Nupur,
 
 Your pre employment medical test report has not reached us yet, and your joining date is only three days away. Please share it at the earliest so there is no delay in issuing your appointment letter.
 
 Karan, Cloudberry Systems",Job/Internship,HIGH,Synthetic,"Medical Test Report Needed Before Joining Hi Nupur,
 
 Your pre employment medical test report has not reached us yet, and your joining date is only three days away. Please share it at the earliest so there is no delay in issuing your appointment letter.
 
 Karan, Cloudberry Systems",medical test report needed before joining hi nupur pre employment medical test report not reached u yet joining date three day away please share at earliest no delay issuing appointment letter karan cloudberry system
H115,dev.recruiter@brightpath.example,nupur@iris-mail.com,Panel Available Only This Week,"Hi Nupur,
 
 The technical panel reviewing your profile is traveling next week and will not be available again for a month. If you would like to be considered in this cycle, please share your availability for an interview within the next three days.
 
 Recruiter, BrightPath Solutions",Job/Internship,HIGH,Synthetic,"Panel Available Only This Week Hi Nupur,
 
 The technical panel reviewing your profile is traveling next week and will not be available again for a month. If you would like to be considered in this cycle, please share your availability for an interview within the next three days.
 
 Recruiter, BrightPath Solutions",panel available week hi nupur technical panel reviewing profile traveling next week not available month would like to considered cycle please share availability interview within next three day recruiter brightpath solution
H116,hr@nexova.example,nupur@iris-mail.com,Offer on Hold Pending Your Confirmation,"Hi Nupur,
 
 Your offer is currently on hold in our system since we have not received your acceptance email. Please respond within the next two days, after which we will assume you are not interested and proceed with other candidates.
 
 Recruitment Team, Nexova Technologies",Job/Internship,HIGH,Synthetic,"Offer on Hold Pending Your Confirmation Hi Nupur,
 
 Your offer is currently on hold in our system since we have not received your acceptance email. Please respond within the next two days, after which we will assume you are not interested and proceed with other candidates.
 
 Recruitment Team, Nexova Technologies",offer on hold pending confirmation hi nupur offer currently on hold system since not received acceptance email please respond within next two day after assume not interested proceed candidate recruitment team nexova technology
H117,placement@nirmaya.edu,nupur@iris-mail.com,Company Moved Interview Date Forward,"Dear Nupur,
 
 The company you were shortlisted for has moved their interview date forward by two days due to a change in their travel plans. Please check the revised schedule on the portal and confirm your availability immediately.
 
 Placement Cell, Nirmaya Institute",Job/Internship,HIGH,Synthetic,"Company Moved Interview Date Forward Dear Nupur,
 
 The company you were shortlisted for has moved their interview date forward by two days due to a change in their travel plans. Please check the revised schedule on the portal and confirm your availability immediately.
 
 Placement Cell, Nirmaya Institute",company moved interview date forward dear nupur company shortlisted moved interview date forward by two day due to change travel plan please check revised schedule on portal confirm availability immediately placement cell nirmaya institute
H118,hrbp@orchidconsulting.example,nupur@iris-mail.com,Please Send Your Updated Resume Today,"Hi Nupur,
 
 The client wants an updated version of your resume before they proceed to the next stage. Could you send it over today, since their internal review meeting is scheduled for tomorrow morning?
 
 Talent Team, Orchid Consulting",Job/Internship,HIGH,Synthetic,"Please Send Your Updated Resume Today Hi Nupur,
 
 The client wants an updated version of your resume before they proceed to the next stage. Could you send it over today, since their internal review meeting is scheduled for tomorrow morning?
 
 Talent Team, Orchid Consulting",please send updated resume today hi nupur client want updated version resume before proceed to next stage could send over today since internal review meeting scheduled tomorrow morning talent team orchid consulting
H119,internships@internhub.example,nupur@iris-mail.com,Your Application Is Incomplete,"Hi Nupur,
 
 Your internship application is missing a required document, and the recruiter's shortlisting closes tonight. Please upload the missing file before then to remain eligible for this round.
 
 Team InternHub",Job/Internship,HIGH,Synthetic,"Your Application Is Incomplete Hi Nupur,
 
 Your internship application is missing a required document, and the recruiter's shortlisting closes tonight. Please upload the missing file before then to remain eligible for this round.
 
 Team InternHub",application incomplete hi nupur internship application missing required document recruiter shortlisting close tonight please upload missing file before to remain eligible round team internhub
H120,manager.priya@techspire.example,nupur@iris-mail.com,Final Decision Needed on Joining Date,"Hi Nupur,
 
 We need your final decision on the joining date by tomorrow so we can inform the project team that will be onboarding you. A delay beyond that may push your start date by a full month.
 
 Priya, TechSpire Solutions",Job/Internship,HIGH,Synthetic,"Final Decision Needed on Joining Date Hi Nupur,
 
 We need your final decision on the joining date by tomorrow so we can inform the project team that will be onboarding you. A delay beyond that may push your start date by a full month.
 
 Priya, TechSpire Solutions",final decision needed on joining date hi nupur need final decision on joining date by tomorrow inform project team onboarding delay beyond may push start date by full month priya techspire solution
H121,careers@vertexlabs.example,nupur@iris-mail.com,Interview Panel Waiting on Confirmation,"Dear Nupur,
 
 We had shared an interview slot for you earlier today but have not received a response yet. The panel is holding the slot only until 5 PM, after which it will be offered to another candidate.
 
 Careers Team, Vertex Labs",Job/Internship,HIGH,Synthetic,"Interview Panel Waiting on Confirmation Dear Nupur,
 
 We had shared an interview slot for you earlier today but have not received a response yet. The panel is holding the slot only until 5 PM, after which it will be offered to another candidate.
 
 Careers Team, Vertex Labs",interview panel waiting on confirmation dear nupur shared interview slot earlier today not received response yet panel holding slot until 5 pm after offered to another candidate career team vertex lab
H122,sneha.talent@finlyst.example,nupur@iris-mail.com,Contract Copy Needs Your Signature,"Hi Nupur,
 
 The internship contract has been sent to your email for signature. Please sign and return it by tomorrow, as we need it on file before your start date to process your stipend correctly.
 
 Sneha, Talent Acquisition, Finlyst",Job/Internship,HIGH,Synthetic,"Contract Copy Needs Your Signature Hi Nupur,
 
 The internship contract has been sent to your email for signature. Please sign and return it by tomorrow, as we need it on file before your start date to process your stipend correctly.
 
 Sneha, Talent Acquisition, Finlyst",contract copy need signature hi nupur internship contract sent to email signature please sign return by tomorrow need on file before start date to process stipend correctly sneha talent acquisition finlyst
H123,placement@nirmaya.edu,nupur@iris-mail.com,Only a Few Names Left on the List,"Dear Nupur,
 
 The list of students confirmed for tomorrow's company visit is nearly full. If you intend to appear, please add your name on the portal before 8 PM today, as registrations close after that.
 
 Placement Cell, Nirmaya Institute",Job/Internship,HIGH,Synthetic,"Only a Few Names Left on the List Dear Nupur,
 
 The list of students confirmed for tomorrow's company visit is nearly full. If you intend to appear, please add your name on the portal before 8 PM today, as registrations close after that.
 
 Placement Cell, Nirmaya Institute",name left on list dear nupur list student confirmed tomorrow company visit nearly full intend to appear please add name on portal before 8 pm today registration close after placement cell nirmaya institute
H124,dev.recruiter@brightpath.example,nupur@iris-mail.com,Assessment Link Expires Tonight,"Hi Nupur,
 
 The coding assessment link we sent earlier this week expires tonight at midnight. If you have not attempted it yet, please do so before then, as we cannot generate a new link for this round.
 
 Recruiter, BrightPath Solutions",Job/Internship,HIGH,Synthetic,"Assessment Link Expires Tonight Hi Nupur,
 
 The coding assessment link we sent earlier this week expires tonight at midnight. If you have not attempted it yet, please do so before then, as we cannot generate a new link for this round.
 
 Recruiter, BrightPath Solutions",assessment link expires tonight hi nupur coding assessment link sent earlier week expires tonight at midnight not attempted yet please before not generate new link round recruiter brightpath solution
H125,manager.priya@techspire.example,nupur@iris-mail.com,Need Your Notice Period Confirmed,"Hi Nupur,
 
 Before we can release your offer letter, we need written confirmation of your notice period, or lack thereof, since you are currently a student. Please reply by tomorrow so the letter can go out this week.
 
 Priya, TechSpire Solutions",Job/Internship,HIGH,Synthetic,"Need Your Notice Period Confirmed Hi Nupur,
 
 Before we can release your offer letter, we need written confirmation of your notice period, or lack thereof, since you are currently a student. Please reply by tomorrow so the letter can go out this week.
 
 Priya, TechSpire Solutions",need notice period confirmed hi nupur before release offer letter need written confirmation notice period lack thereof since currently student please reply by tomorrow letter go week priya techspire solution
H126,anil.rao@nirmaya.edu,nupur@iris-mail.com,Synopsis Rejected - Resubmit Today,"Nupur,
 
 Your project synopsis was reviewed and needs revisions before it can be approved. Since the resubmission window closes tonight, please make the corrections and upload the revised version before the portal locks.
 
 Dr. Anil Rao",Academic,HIGH,Synthetic,"Synopsis Rejected - Resubmit Today Nupur,
 
 Your project synopsis was reviewed and needs revisions before it can be approved. Since the resubmission window closes tonight, please make the corrections and upload the revised version before the portal locks.
 
 Dr. Anil Rao",synopsis rejected - resubmit today nupur project synopsis reviewed need revision before approved since resubmission window close tonight please make correction upload revised version before portal lock dr anil rao
H127,examcell@nirmaya.edu,nupur@iris-mail.com,Hall Ticket Not Generated - Action Needed,"Dear Nupur,
 
 Your hall ticket for the upcoming semester exam has not been generated due to a pending document in your file. Please visit the exam cell before it closes today, as tomorrow's paper cannot be attempted without it.
 
 Examination Section, Nirmaya Institute",Academic,HIGH,Synthetic,"Hall Ticket Not Generated - Action Needed Dear Nupur,
 
 Your hall ticket for the upcoming semester exam has not been generated due to a pending document in your file. Please visit the exam cell before it closes today, as tomorrow's paper cannot be attempted without it.
 
 Examination Section, Nirmaya Institute",hall ticket not generated - action needed dear nupur hall ticket upcoming semester exam not generated due to pending document file please visit exam cell before close today tomorrow paper not attempted without examination section nirmaya institute
H128,vandana.shah@nirmaya.edu,nupur@iris-mail.com,Plagiarism Flag on Your Submission,"Hi Nupur,
 
 The plagiarism check on your submitted chapter has flagged a higher than acceptable similarity score. Please revise the flagged sections and resubmit by tomorrow morning before I forward the report to the committee.
 
 Dr. Vandana Shah",Academic,HIGH,Synthetic,"Plagiarism Flag on Your Submission Hi Nupur,
 
 The plagiarism check on your submitted chapter has flagged a higher than acceptable similarity score. Please revise the flagged sections and resubmit by tomorrow morning before I forward the report to the committee.
 
 Dr. Vandana Shah",plagiarism flag on submission hi nupur plagiarism check on submitted chapter flagged higher acceptable similarity score please revise flagged section resubmit by tomorrow morning before forward report to committee dr vandana shah
H129,labincharge@nirmaya.edu,nupur@iris-mail.com,Practical Exam Rescheduled to Tomorrow,"Dear Students,
 
 Due to an equipment issue, tomorrow's practical exam has been moved up by a day. Please arrive on time with your completed lab file, as the original slot will not be available again this semester.
 
 Lab Instructor, Nirmaya Institute",Academic,HIGH,Synthetic,"Practical Exam Rescheduled to Tomorrow Dear Students,
 
 Due to an equipment issue, tomorrow's practical exam has been moved up by a day. Please arrive on time with your completed lab file, as the original slot will not be available again this semester.
 
 Lab Instructor, Nirmaya Institute",practical exam rescheduled to tomorrow dear student due to equipment issue tomorrow practical exam moved by day please arrive on time completed lab file original slot not available semester lab instructor nirmaya institute
H130,academics@nirmaya.edu,nupur@iris-mail.com,Course Withdrawal Deadline Tomorrow,"Dear Nupur,
 
 If you wish to withdraw from any elective course without academic penalty, the deadline to do so is tomorrow. After this date, withdrawal will affect your semester GPA.
 
 Academic Office, Nirmaya Institute",Academic,HIGH,Synthetic,"Course Withdrawal Deadline Tomorrow Dear Nupur,
 
 If you wish to withdraw from any elective course without academic penalty, the deadline to do so is tomorrow. After this date, withdrawal will affect your semester GPA.
 
 Academic Office, Nirmaya Institute",course withdrawal deadline tomorrow dear nupur wish to withdraw from elective course without academic penalty deadline to tomorrow after date withdrawal affect semester gpa academic office nirmaya institute
H131,meenakshi.iyer@nirmaya.edu,nupur@iris-mail.com,Makeup Test Scheduled - Attendance Mandatory,"Dear Nupur,
 
 Since you missed the last class test due to your medical leave, a makeup test has been arranged for tomorrow at 10 AM. This is the only makeup slot being offered, please make sure to attend.
 
 Dr. Meenakshi Iyer",Academic,HIGH,Synthetic,"Makeup Test Scheduled - Attendance Mandatory Dear Nupur,
 
 Since you missed the last class test due to your medical leave, a makeup test has been arranged for tomorrow at 10 AM. This is the only makeup slot being offered, please make sure to attend.
 
 Dr. Meenakshi Iyer",makeup test scheduled - attendance mandatory dear nupur since missed last class test due to medical leave makeup test arranged tomorrow at 10 am makeup slot offered please make sure to attend dr meenakshi iyer
H132,anil.rao@nirmaya.edu,nupur@iris-mail.com,Re: Group Project - Guide Meeting Moved Up,"Nupur,
 
 I need to move our project guidance meeting to tomorrow instead of next week since I will be traveling after that for a conference. Please come prepared with your progress so far.
 
 Dr. Anil Rao",Academic,HIGH,Synthetic,"Re: Group Project - Guide Meeting Moved Up Nupur,
 
 I need to move our project guidance meeting to tomorrow instead of next week since I will be traveling after that for a conference. Please come prepared with your progress so far.
 
 Dr. Anil Rao",: group project - guide meeting moved nupur need to move project guidance meeting to tomorrow instead next week since traveling after conference please come prepared progress far dr anil rao
H133,hostelcommittee@nirmaya.edu,nupur@iris-mail.com,Vacate Notice for Room Inspection Tomorrow,"Dear Nupur,
 
 A mandatory room inspection has been scheduled for tomorrow morning. Please ensure your room is accessible and any personal restrictions on entry are lifted for the day, as non-compliance may result in a fine.
 
 Hostel Committee, Nirmaya Institute",Academic,HIGH,Synthetic,"Vacate Notice for Room Inspection Tomorrow Dear Nupur,
 
 A mandatory room inspection has been scheduled for tomorrow morning. Please ensure your room is accessible and any personal restrictions on entry are lifted for the day, as non-compliance may result in a fine.
 
 Hostel Committee, Nirmaya Institute",vacate notice room inspection tomorrow dear nupur mandatory room inspection scheduled tomorrow morning please ensure room accessible personal restriction on entry lifted day non-compliance may result fine hostel committee nirmaya institute
H134,scholarships@nirmaya.edu,nupur@iris-mail.com,Bank Verification Needed Before Disbursement,"Dear Nupur,
 
 Your scholarship disbursement is on hold because the bank account verification failed. Please visit the accounts office within two days with your passbook copy, or the amount will be returned to the government portal.
 
 Scholarship Cell, Nirmaya Institute",Academic,HIGH,Synthetic,"Bank Verification Needed Before Disbursement Dear Nupur,
 
 Your scholarship disbursement is on hold because the bank account verification failed. Please visit the accounts office within two days with your passbook copy, or the amount will be returned to the government portal.
 
 Scholarship Cell, Nirmaya Institute",bank verification needed before disbursement dear nupur scholarship disbursement on hold bank account verification failed please visit account office within two day passbook copy amount returned to government portal scholarship cell nirmaya institute
H135,examcell@nirmaya.edu,nupur@iris-mail.com,Revaluation Application Closing Tonight,"Dear Nupur,
 
 The window to apply for revaluation of your semester marks closes tonight at midnight. If you wish to apply, please do so before then as late applications cannot be accepted under university rules.
 
 Exam Coordinator, Nirmaya Institute",Academic,HIGH,Synthetic,"Revaluation Application Closing Tonight Dear Nupur,
 
 The window to apply for revaluation of your semester marks closes tonight at midnight. If you wish to apply, please do so before then as late applications cannot be accepted under university rules.
 
 Exam Coordinator, Nirmaya Institute",revaluation application closing tonight dear nupur window to apply revaluation semester mark close tonight at midnight wish to apply please before late application not accepted under university rule exam coordinator nirmaya institute
H136,ayesha.friend@gmail.example,nupur@iris-mail.com,Sir Wants the Group Report by Tonight,"Hey Nupur,
 
 Just heard that sir wants our combined group report emailed to him tonight instead of during class tomorrow since he has a meeting. Can you send your section as soon as possible so I can merge everything?
 
 Ayesha",Academic,HIGH,Synthetic,"Sir Wants the Group Report by Tonight Hey Nupur,
 
 Just heard that sir wants our combined group report emailed to him tonight instead of during class tomorrow since he has a meeting. Can you send your section as soon as possible so I can merge everything?
 
 Ayesha",sir want group report by tonight hey nupur heard sir want combined group report emailed to tonight instead during class tomorrow since meeting send section soon possible merge everything ayesha
H137,accounts@nirmaya.edu,nupur@iris-mail.com,Exam Fee Payment Failed - Retry Needed,"Dear Nupur,
 
 Your semester exam fee payment did not go through due to a gateway error. Please retry the payment before tomorrow evening, as the portal will lock registrations for students with pending fees after that.
 
 Accounts Office, Nirmaya Institute",Academic,HIGH,Synthetic,"Exam Fee Payment Failed - Retry Needed Dear Nupur,
 
 Your semester exam fee payment did not go through due to a gateway error. Please retry the payment before tomorrow evening, as the portal will lock registrations for students with pending fees after that.
 
 Accounts Office, Nirmaya Institute",exam fee payment failed - retry needed dear nupur semester exam fee payment not go due to gateway error please retry payment before tomorrow evening portal lock registration student pending fee after account office nirmaya institute
H138,vandana.shah@nirmaya.edu,nupur@iris-mail.com,Final Chance to Present Before the Panel,"Hi Nupur,
 
 Given your earlier absence, the department has agreed to give you one final slot to present your research findings tomorrow. If you cannot make it, your evaluation will be based only on the written report.
 
 Dr. Vandana Shah",Academic,HIGH,Synthetic,"Final Chance to Present Before the Panel Hi Nupur,
 
 Given your earlier absence, the department has agreed to give you one final slot to present your research findings tomorrow. If you cannot make it, your evaluation will be based only on the written report.
 
 Dr. Vandana Shah",final chance to present before panel hi nupur given earlier absence department agreed to give one final slot to present research finding tomorrow not make evaluation based on written report dr vandana shah
H139,labincharge@nirmaya.edu,nupur@iris-mail.com,Missing Signature on Lab Record,"Dear Nupur,
 
 Your lab record is missing the faculty signature for two experiments, which must be completed before the practical exam tomorrow. Please get it signed today during office hours, as it will not be accepted afterward.
 
 Lab Instructor, Nirmaya Institute",Academic,HIGH,Synthetic,"Missing Signature on Lab Record Dear Nupur,
 
 Your lab record is missing the faculty signature for two experiments, which must be completed before the practical exam tomorrow. Please get it signed today during office hours, as it will not be accepted afterward.
 
 Lab Instructor, Nirmaya Institute",missing signature on lab record dear nupur lab record missing faculty signature two experiment must completed before practical exam tomorrow please get signed today during office hour not accepted afterward lab instructor nirmaya institute
H140,anil.rao@nirmaya.edu,nupur@iris-mail.com,Viva Panel Confirmed for Tomorrow Morning,"Nupur,
 
 The external examiner has confirmed availability for your viva tomorrow morning at 9 AM. Please be present at least 20 minutes early with your project file and a working demo ready to present.
 
 Dr. Anil Rao",Academic,HIGH,Synthetic,"Viva Panel Confirmed for Tomorrow Morning Nupur,
 
 The external examiner has confirmed availability for your viva tomorrow morning at 9 AM. Please be present at least 20 minutes early with your project file and a working demo ready to present.
 
 Dr. Anil Rao",viva panel confirmed tomorrow morning nupur external examiner confirmed availability viva tomorrow morning at 9 am please present at least 20 minute early project file working demo ready to present dr anil rao
H141,rohan.classmate@gmail.example,nupur@iris-mail.com,Sir Changed the Submission Format Tonight,"Hi Nupur,
 
 Sir just messaged the class group that the report format has changed slightly and wants it resubmitted in the new template by tomorrow morning. Thought I should flag this before you finalize your file.
 
 Rohan",Academic,HIGH,Synthetic,"Sir Changed the Submission Format Tonight Hi Nupur,
 
 Sir just messaged the class group that the report format has changed slightly and wants it resubmitted in the new template by tomorrow morning. Thought I should flag this before you finalize your file.
 
 Rohan",sir changed submission format tonight hi nupur sir messaged class group report format changed slightly want resubmitted new template by tomorrow morning thought flag before finalize file rohan
H142,examcell@nirmaya.edu,nupur@iris-mail.com,Discrepancy in Your Roll Number - Respond Today,"Dear Nupur,
 
 We noticed a discrepancy between your roll number on the admit card and our exam records. Please visit the exam cell today to get this corrected, as attempting the exam with an incorrect admit card may lead to disqualification.
 
 Exam Coordinator, Nirmaya Institute",Academic,HIGH,Synthetic,"Discrepancy in Your Roll Number - Respond Today Dear Nupur,
 
 We noticed a discrepancy between your roll number on the admit card and our exam records. Please visit the exam cell today to get this corrected, as attempting the exam with an incorrect admit card may lead to disqualification.
 
 Exam Coordinator, Nirmaya Institute",discrepancy roll number - respond today dear nupur noticed discrepancy between roll number on admit card exam record please visit exam cell today to get corrected attempting exam incorrect admit card may lead to disqualification exam coordinator nirmaya institute
H143,warden@nirmaya.edu,nupur@iris-mail.com,Curfew Violation - Explanation Required Tomorrow,"Dear Nupur,
 
 Our records show a curfew violation logged against your name last night. You are required to submit a written explanation to the warden's office by tomorrow evening, failing which disciplinary action may follow.
 
 Warden's Office, Nirmaya Institute",Academic,HIGH,Synthetic,"Curfew Violation - Explanation Required Tomorrow Dear Nupur,
 
 Our records show a curfew violation logged against your name last night. You are required to submit a written explanation to the warden's office by tomorrow evening, failing which disciplinary action may follow.
 
 Warden's Office, Nirmaya Institute",curfew violation - explanation required tomorrow dear nupur record show curfew violation logged name last night required to submit written explanation to warden office by tomorrow evening failing disciplinary action may follow warden office nirmaya institute
H144,meenakshi.iyer@nirmaya.edu,nupur@iris-mail.com,Group Presentation Order Changed - You Are First,"Dear Nupur,
 
 Due to a change in tomorrow's schedule, your group has been moved to present first instead of last. Please make sure your slides and demo are ready to go right at the start of class.
 
 Dr. Meenakshi Iyer",Academic,HIGH,Synthetic,"Group Presentation Order Changed - You Are First Dear Nupur,
 
 Due to a change in tomorrow's schedule, your group has been moved to present first instead of last. Please make sure your slides and demo are ready to go right at the start of class.
 
 Dr. Meenakshi Iyer",group presentation order changed - first dear nupur due to change tomorrow schedule group moved to present first instead last please make sure slide demo ready to go right at start class dr meenakshi iyer
H145,academics@nirmaya.edu,nupur@iris-mail.com,Late Fee Waiver Application Closing,"Dear Nupur,
 
 The window to apply for a late fee waiver on your pending dues closes tomorrow. If you believe you are eligible, please submit your application with supporting documents before the office closes.
 
 Academic Office, Nirmaya Institute",Academic,HIGH,Synthetic,"Late Fee Waiver Application Closing Dear Nupur,
 
 The window to apply for a late fee waiver on your pending dues closes tomorrow. If you believe you are eligible, please submit your application with supporting documents before the office closes.
 
 Academic Office, Nirmaya Institute",late fee waiver application closing dear nupur window to apply late fee waiver on pending due close tomorrow believe eligible please submit application supporting document before office close academic office nirmaya institute
H146,vandana.shah@nirmaya.edu,nupur@iris-mail.com,Re: Draft Needs One More Correction Before Submission,"Hi Nupur,
 
 I found one more issue in your literature review section that needs correcting before the final submission tomorrow. Please make the change tonight and resend so I can approve it in time.
 
 Dr. Vandana Shah",Academic,HIGH,Synthetic,"Re: Draft Needs One More Correction Before Submission Hi Nupur,
 
 I found one more issue in your literature review section that needs correcting before the final submission tomorrow. Please make the change tonight and resend so I can approve it in time.
 
 Dr. Vandana Shah",: draft need one correction before submission hi nupur found one issue literature review section need correcting before final submission tomorrow please make change tonight resend approve time dr vandana shah
H147,hostelcommittee@nirmaya.edu,nupur@iris-mail.com,Mess Dues Pending - Meal Access Restricted,"Dear Nupur,
 
 Your mess dues for this month remain unpaid, and as per policy, meal access will be restricted starting tomorrow if payment is not received today. Please clear the amount at the accounts counter.
 
 Hostel Committee, Nirmaya Institute",Academic,HIGH,Synthetic,"Mess Dues Pending - Meal Access Restricted Dear Nupur,
 
 Your mess dues for this month remain unpaid, and as per policy, meal access will be restricted starting tomorrow if payment is not received today. Please clear the amount at the accounts counter.
 
 Hostel Committee, Nirmaya Institute",mess due pending - meal access restricted dear nupur mess due month remain unpaid per policy meal access restricted starting tomorrow payment not received today please clear amount at account counter hostel committee nirmaya institute
H148,farhan.classmate@gmail.example,nupur@iris-mail.com,Need Your Part of the Assignment Tonight,"Hi Nupur,
 
 We are supposed to submit the combined assignment tomorrow morning and I still need your part to compile everything. Could you send it tonight so I have enough time to format the whole document?
 
 Farhan",Academic,HIGH,Synthetic,"Need Your Part of the Assignment Tonight Hi Nupur,
 
 We are supposed to submit the combined assignment tomorrow morning and I still need your part to compile everything. Could you send it tonight so I have enough time to format the whole document?
 
 Farhan",need part assignment tonight hi nupur supposed to submit combined assignment tomorrow morning still need part to compile everything could send tonight enough time to format whole document farhan
H149,examcell@nirmaya.edu,nupur@iris-mail.com,Supplementary Exam Form Closes Tomorrow,"Dear Nupur,
 
 This is to remind you that the supplementary exam form for your backlog subject closes tomorrow evening. Please complete the payment and submission before then to avoid missing this attempt.
 
 Examination Section, Nirmaya Institute",Academic,HIGH,Synthetic,"Supplementary Exam Form Closes Tomorrow Dear Nupur,
 
 This is to remind you that the supplementary exam form for your backlog subject closes tomorrow evening. Please complete the payment and submission before then to avoid missing this attempt.
 
 Examination Section, Nirmaya Institute",supplementary exam form close tomorrow dear nupur to remind supplementary exam form backlog subject close tomorrow evening please complete payment submission before to avoid missing attempt examination section nirmaya institute
H150,anil.rao@nirmaya.edu,nupur@iris-mail.com,Re: Viva Rescheduled Again - Please Confirm,"Nupur,
 
 Due to an unavoidable change on the examiner's side, the viva has now been moved to this evening at 5 PM instead of tomorrow morning. Please confirm you can make it on such short notice.
 
 Dr. Anil Rao",Academic,HIGH,Synthetic,"Re: Viva Rescheduled Again - Please Confirm Nupur,
 
 Due to an unavoidable change on the examiner's side, the viva has now been moved to this evening at 5 PM instead of tomorrow morning. Please confirm you can make it on such short notice.
 
 Dr. Anil Rao",: viva rescheduled - please confirm nupur due to unavoidable change on examiner side viva moved to evening at 5 pm instead tomorrow morning please confirm make on short notice dr anil rao
H151,vikram.lead@cloudberry.example,nupur@iris-mail.com,Client Wants a Fix Before Their Demo Tomorrow,"Hi Nupur,
 
 The client flagged an issue in the reporting module they plan to demo to their own stakeholders tomorrow. Could you take a look and push a fix tonight so it does not affect their presentation?
 
 Thanks,
 Vikram",Work/Project,HIGH,Synthetic,"Client Wants a Fix Before Their Demo Tomorrow Hi Nupur,
 
 The client flagged an issue in the reporting module they plan to demo to their own stakeholders tomorrow. Could you take a look and push a fix tonight so it does not affect their presentation?
 
 Thanks,
 Vikram",client want fix before demo tomorrow hi nupur client flagged issue reporting module plan to demo to stakeholder tomorrow could take look push fix tonight not affect presentation thanks vikram
H152,pm@cloudberry.example,nupur@iris-mail.com,Sprint Commitments Need Revising Today,"Hi Nupur,
 
 Given the scope change from the client this morning, we need to revise our sprint commitments before the planning call this afternoon. Please send your updated estimates within the hour.
 
 Project Manager, Cloudberry Systems",Work/Project,HIGH,Synthetic,"Sprint Commitments Need Revising Today Hi Nupur,
 
 Given the scope change from the client this morning, we need to revise our sprint commitments before the planning call this afternoon. Please send your updated estimates within the hour.
 
 Project Manager, Cloudberry Systems",sprint commitment need revising today hi nupur given scope change from client morning need to revise sprint commitment before planning call afternoon please send updated estimate within hour project manager cloudberry system
H153,anita.qa@cloudberry.example,nupur@iris-mail.com,Regression Failing on Main Branch,"Nupur,
 
 The regression suite is failing on the main branch after this morning's merge, which is blocking today's release. Could you take a look at the failing test cases as soon as you get a chance?
 
 Anita",Work/Project,HIGH,Synthetic,"Regression Failing on Main Branch Nupur,
 
 The regression suite is failing on the main branch after this morning's merge, which is blocking today's release. Could you take a look at the failing test cases as soon as you get a chance?
 
 Anita",regression failing on main branch nupur regression suite failing on main branch after morning merge blocking today release could take look at failing test case soon get chance anita
H154,ramesh.vp@cloudberry.example,nupur@iris-mail.com,Need the Deck Before My Call in an Hour,"Hi Nupur,
 
 I have an investor call in an hour and still need the updated metrics slide from you. Could you send it over as soon as possible so I have time to review before I join?
 
 Ramesh",Work/Project,HIGH,Synthetic,"Need the Deck Before My Call in an Hour Hi Nupur,
 
 I have an investor call in an hour and still need the updated metrics slide from you. Could you send it over as soon as possible so I have time to review before I join?
 
 Ramesh",need deck before call hour hi nupur investor call hour still need updated metric slide from could send over soon possible time to review before join ramesh
H155,release@cloudberry.example,nupur@iris-mail.com,Build Failing - Release at Risk,"Team,
 
 This morning's build is failing on the payments module, which puts today's scheduled release at risk. Whoever owns that module, please look into it right away so we can decide whether to proceed or delay.
 
 Release Manager, Cloudberry Systems",Work/Project,HIGH,Synthetic,"Build Failing - Release at Risk Team,
 
 This morning's build is failing on the payments module, which puts today's scheduled release at risk. Whoever owns that module, please look into it right away so we can decide whether to proceed or delay.
 
 Release Manager, Cloudberry Systems",build failing - release at risk team morning build failing on payment module put today scheduled release at risk whoever owns module please look right away decide whether to proceed delay release manager cloudberry system
H156,suresh.vendor@partsupply.example,nupur@iris-mail.com,Order Confirmation Needed Before Cutoff,"Hi Nupur,
 
 Our supplier's order cutoff for this batch is in a few hours. If we do not confirm the revised quantities by then, we will have to wait for the next production cycle, which is three weeks away.
 
 Suresh",Work/Project,HIGH,Synthetic,"Order Confirmation Needed Before Cutoff Hi Nupur,
 
 Our supplier's order cutoff for this batch is in a few hours. If we do not confirm the revised quantities by then, we will have to wait for the next production cycle, which is three weeks away.
 
 Suresh",order confirmation needed before cutoff hi nupur supplier order cutoff batch hour not confirm revised quantity by to wait next production cycle three week away suresh
H157,hrbp@cloudberry.example,nupur@iris-mail.com,Appraisal Self-Assessment Closes Today,"Hi Nupur,
 
 This is a reminder that the self assessment form for your appraisal cycle closes today at 6 PM. Managers cannot proceed with their reviews until this is submitted, so please complete it before the deadline.
 
 HRBP Team, Cloudberry Systems",Work/Project,HIGH,Synthetic,"Appraisal Self-Assessment Closes Today Hi Nupur,
 
 This is a reminder that the self assessment form for your appraisal cycle closes today at 6 PM. Managers cannot proceed with their reviews until this is submitted, so please complete it before the deadline.
 
 HRBP Team, Cloudberry Systems",appraisal self-assessment close today hi nupur reminder self assessment form appraisal cycle close today at 6 pm manager not proceed review until submitted please complete before deadline hrbp team cloudberry system
H158,compliance@cloudberry.example,nupur@iris-mail.com,Access Review Response Needed Today,"Dear Nupur,
 
 The quarterly access review requires your confirmation on the systems you currently use for your role. Please respond by end of day, as unconfirmed accounts will be automatically revoked tomorrow as a security measure.
 
 Compliance Office, Cloudberry Systems",Work/Project,HIGH,Synthetic,"Access Review Response Needed Today Dear Nupur,
 
 The quarterly access review requires your confirmation on the systems you currently use for your role. Please respond by end of day, as unconfirmed accounts will be automatically revoked tomorrow as a security measure.
 
 Compliance Office, Cloudberry Systems",access review response needed today dear nupur quarterly access review requires confirmation on system currently use role please respond by end day unconfirmed account automatically revoked tomorrow security measure compliance office cloudberry system
H159,vikram.lead@cloudberry.example,nupur@iris-mail.com,Re: Fix Needed - Client Escalating,"Hi Nupur,
 
 The client has escalated the reporting issue to their leadership and is asking for an update within the hour. Could you share your progress so I can respond before they call again?
 
 Vikram",Work/Project,HIGH,Synthetic,"Re: Fix Needed - Client Escalating Hi Nupur,
 
 The client has escalated the reporting issue to their leadership and is asking for an update within the hour. Could you share your progress so I can respond before they call again?
 
 Vikram",: fix needed - client escalating hi nupur client escalated reporting issue to leadership asking update within hour could share progress respond before call vikram
H160,marketing@cloudberry.example,nupur@iris-mail.com,Approval Needed Before Ad Campaign Goes Live,"Hi Nupur,
 
 The ad campaign is scheduled to go live tomorrow morning, but we still need your sign off on the final creative. Please review it today so we do not miss the scheduled launch window.
 
 Marketing Team, Cloudberry Systems",Work/Project,HIGH,Synthetic,"Approval Needed Before Ad Campaign Goes Live Hi Nupur,
 
 The ad campaign is scheduled to go live tomorrow morning, but we still need your sign off on the final creative. Please review it today so we do not miss the scheduled launch window.
 
 Marketing Team, Cloudberry Systems",approval needed before ad campaign go live hi nupur ad campaign scheduled to go live tomorrow morning still need sign on final creative please review today not miss scheduled launch window marketing team cloudberry system
H161,kunal.colleague@gmail.example,nupur@iris-mail.com,Need You to Handle My Call Tomorrow,"Hey Nupur,
 
 Something has come up with my visa appointment and I will not be reachable during tomorrow's client call. Could you step in and handle it? I will send you my notes tonight so you are prepared.
 
 Kunal",Work/Project,HIGH,Synthetic,"Need You to Handle My Call Tomorrow Hey Nupur,
 
 Something has come up with my visa appointment and I will not be reachable during tomorrow's client call. Could you step in and handle it? I will send you my notes tonight so you are prepared.
 
 Kunal",need to handle call tomorrow hey nupur something come visa appointment not reachable during tomorrow client call could step handle send note tonight prepared kunal
H162,itsecurity@cloudberry.example,nupur@iris-mail.com,Confirm You Made This Data Export,"Hi Nupur,
 
 Our monitoring system flagged a large data export from your account this morning. Please confirm within the next few hours whether this was intentional, as unconfirmed exports are treated as a potential security incident.
 
 IT Security, Cloudberry Systems",Work/Project,HIGH,Synthetic,"Confirm You Made This Data Export Hi Nupur,
 
 Our monitoring system flagged a large data export from your account this morning. Please confirm within the next few hours whether this was intentional, as unconfirmed exports are treated as a potential security incident.
 
 IT Security, Cloudberry Systems",confirm made data export hi nupur monitoring system flagged large data export from account morning please confirm within next hour whether intentional unconfirmed export treated potential security incident security cloudberry system
H163,priyanka.finance@cloudberry.example,nupur@iris-mail.com,Numbers Needed Before Leadership Review,"Hi Nupur,
 
 The leadership review got moved up to tomorrow morning and I need the finalized numbers from your team tonight to prepare the summary deck. Please send them as soon as you can.
 
 Priyanka",Work/Project,HIGH,Synthetic,"Numbers Needed Before Leadership Review Hi Nupur,
 
 The leadership review got moved up to tomorrow morning and I need the finalized numbers from your team tonight to prepare the summary deck. Please send them as soon as you can.
 
 Priyanka",number needed before leadership review hi nupur leadership review got moved to tomorrow morning need finalized number from team tonight to prepare summary deck please send soon priyanka
H164,alok.legal@cloudberry.example,nupur@iris-mail.com,Contract Expiring - Renewal Decision Needed,"Hi Nupur,
 
 The vendor contract you manage expires in two days, and legal needs a decision on renewal before then to avoid a lapse in service. Please confirm today whether we are proceeding with the renewal.
 
 Alok",Work/Project,HIGH,Synthetic,"Contract Expiring - Renewal Decision Needed Hi Nupur,
 
 The vendor contract you manage expires in two days, and legal needs a decision on renewal before then to avoid a lapse in service. Please confirm today whether we are proceeding with the renewal.
 
 Alok",contract expiring - renewal decision needed hi nupur vendor contract manage expires two day legal need decision on renewal before to avoid lapse service please confirm today whether proceeding renewal alok
H165,pm@cloudberry.example,nupur@iris-mail.com,Client Rescheduled the Go-Live to Tomorrow,"Team,
 
 The client has moved the go live date up to tomorrow instead of next week. This means all pending sign offs need to happen today. Please prioritize your remaining tasks accordingly and flag any blockers immediately.
 
 Project Manager, Cloudberry Systems",Work/Project,HIGH,Synthetic,"Client Rescheduled the Go-Live to Tomorrow Team,
 
 The client has moved the go live date up to tomorrow instead of next week. This means all pending sign offs need to happen today. Please prioritize your remaining tasks accordingly and flag any blockers immediately.
 
 Project Manager, Cloudberry Systems",client rescheduled go-live to tomorrow team client moved go live date to tomorrow instead next week mean pending sign offs need to happen today please prioritize remaining task accordingly flag blocker immediately project manager cloudberry system
H166,training@cloudberry.example,nupur@iris-mail.com,Mandatory Training Deadline Tomorrow,"Dear Nupur,
 
 Our records show the mandatory compliance training assigned last month is still incomplete. It must be finished by tomorrow, as incomplete training beyond the deadline is flagged to your manager and HR.
 
 Learning and Development, Cloudberry Systems",Work/Project,HIGH,Synthetic,"Mandatory Training Deadline Tomorrow Dear Nupur,
 
 Our records show the mandatory compliance training assigned last month is still incomplete. It must be finished by tomorrow, as incomplete training beyond the deadline is flagged to your manager and HR.
 
 Learning and Development, Cloudberry Systems",mandatory training deadline tomorrow dear nupur record show mandatory compliance training assigned last month still incomplete must finished by tomorrow incomplete training beyond deadline flagged to manager hr learning development cloudberry system
H167,anita.qa@cloudberry.example,nupur@iris-mail.com,Critical Bug Found Before Release Window,"Nupur,
 
 I found a bug in the checkout flow that causes duplicate charges under certain conditions. Given the release window closes this evening, we need a decision on whether to fix it now or delay the release.
 
 Anita",Work/Project,HIGH,Synthetic,"Critical Bug Found Before Release Window Nupur,
 
 I found a bug in the checkout flow that causes duplicate charges under certain conditions. Given the release window closes this evening, we need a decision on whether to fix it now or delay the release.
 
 Anita",critical bug found before release window nupur found bug checkout flow cause duplicate charge under certain condition given release window close evening need decision on whether to fix delay release anita
H168,manager.priya@techspire.example,nupur@iris-mail.com,Client Wants an Answer Today,"Hi Nupur,
 
 The client is asking whether we can commit to the revised timeline you discussed with them yesterday. They need an answer today to plan their own internal dependencies, so please let me know your call.
 
 Priya",Work/Project,HIGH,Synthetic,"Client Wants an Answer Today Hi Nupur,
 
 The client is asking whether we can commit to the revised timeline you discussed with them yesterday. They need an answer today to plan their own internal dependencies, so please let me know your call.
 
 Priya",client want answer today hi nupur client asking whether commit to revised timeline discussed yesterday need answer today to plan internal dependency please let know call priya
H169,vikram.lead@cloudberry.example,nupur@iris-mail.com,One Task Blocking the Whole Team,"Hi Nupur,
 
 Your task on the authentication module is currently blocking three other people on the team from proceeding with their work today. Could you prioritize wrapping that up so everyone else can move forward?
 
 Vikram",Work/Project,HIGH,Synthetic,"One Task Blocking the Whole Team Hi Nupur,
 
 Your task on the authentication module is currently blocking three other people on the team from proceeding with their work today. Could you prioritize wrapping that up so everyone else can move forward?
 
 Vikram",one task blocking whole team hi nupur task on authentication module currently blocking three people on team from proceeding work today could prioritize wrapping everyone else move forward vikram
H170,ramesh.vp@cloudberry.example,nupur@iris-mail.com,Need Your Input Before I Respond to the Board,"Hi Nupur,
 
 A board member raised a question about your team's project that I need to answer by end of day. Could you send me a quick summary of where things stand so I can respond accurately?
 
 Ramesh",Work/Project,HIGH,Synthetic,"Need Your Input Before I Respond to the Board Hi Nupur,
 
 A board member raised a question about your team's project that I need to answer by end of day. Could you send me a quick summary of where things stand so I can respond accurately?
 
 Ramesh",need input before respond to board hi nupur board member raised question team project need to answer by end day could send quick summary thing stand respond accurately ramesh
H171,alerts@suvidhabank.example,nupur@iris-mail.com,Auto-Debit Failed - Retry Before Tonight,"Dear Nupur,
 
 Your scheduled auto debit for the personal loan installment failed due to low balance. Please add funds and retry before tonight, as a second failure this month will attract an additional penalty charge.
 
 Suvidha Bank",Financial,HIGH,Synthetic,"Auto-Debit Failed - Retry Before Tonight Dear Nupur,
 
 Your scheduled auto debit for the personal loan installment failed due to low balance. Please add funds and retry before tonight, as a second failure this month will attract an additional penalty charge.
 
 Suvidha Bank",auto-debit failed - retry before tonight dear nupur scheduled auto debit personal loan installment failed due to low balance please add fund retry before tonight second failure month attract additional penalty charge suvidha bank
H172,support@payeasy.example,nupur@iris-mail.com,Payment Verification Needed to Complete Booking,"Hi Nupur,
 
 Your card payment for the event ticket could not be verified by the bank. Please complete the verification within the next hour, or the booking will be automatically cancelled and the seat released.
 
 Support Team, Payeasy",Financial,HIGH,Synthetic,"Payment Verification Needed to Complete Booking Hi Nupur,
 
 Your card payment for the event ticket could not be verified by the bank. Please complete the verification within the next hour, or the booking will be automatically cancelled and the seat released.
 
 Support Team, Payeasy",payment verification needed to complete booking hi nupur card payment event ticket could not verified by bank please complete verification within next hour booking automatically cancelled seat released support team payeasy
H173,fraud@suvidhabank.example,nupur@iris-mail.com,Confirm This Transaction to Restore Card Access,"Dear Nupur,
 
 We temporarily blocked your card after noticing an unusual transaction. Please confirm whether you made this purchase today so we can either restore access or proceed with a formal dispute.
 
 Fraud Prevention Team, Suvidha Bank",Financial,HIGH,Synthetic,"Confirm This Transaction to Restore Card Access Dear Nupur,
 
 We temporarily blocked your card after noticing an unusual transaction. Please confirm whether you made this purchase today so we can either restore access or proceed with a formal dispute.
 
 Fraud Prevention Team, Suvidha Bank",confirm transaction to restore card access dear nupur temporarily blocked card after noticing unusual transaction please confirm whether made purchase today either restore access proceed formal dispute fraud prevention team suvidha bank
H174,billing@webnesthosting.example,nupur@iris-mail.com,Domain Renewal Failing - Site at Risk,"Dear Customer,
 
 Our system has attempted to renew your domain three times without success due to a card issue. If payment is not updated within 48 hours, your website may go offline once the domain expires.
 
 Billing Team, Webnest Hosting",Financial,HIGH,Synthetic,"Domain Renewal Failing - Site at Risk Dear Customer,
 
 Our system has attempted to renew your domain three times without success due to a card issue. If payment is not updated within 48 hours, your website may go offline once the domain expires.
 
 Billing Team, Webnest Hosting",domain renewal failing - site at risk dear customer system attempted to renew domain three time without success due to card issue payment not updated within 48 hour website may go offline domain expires billing team webnest hosting
H175,meera.ca@meeraassociates.example,nupur@iris-mail.com,Response Needed Before We File Your Return,"Dear Nupur,
 
 We are ready to file your tax return but need your confirmation on the deduction figures we sent yesterday. The filing window closes in two days, so please review and respond before then.
 
 Meera Associates",Financial,HIGH,Synthetic,"Response Needed Before We File Your Return Dear Nupur,
 
 We are ready to file your tax return but need your confirmation on the deduction figures we sent yesterday. The filing window closes in two days, so please review and respond before then.
 
 Meera Associates",response needed before file return dear nupur ready to file tax return need confirmation on deduction figure sent yesterday filing window close two day please review respond before meera associate
H176,dad@family.example,nupur@iris-mail.com,Bank Called About the Loan Guarantor Form,"Hi Nupur,
 
 The bank called asking for your signature on the guarantor form for my loan, they need it couriered back by tomorrow to process the disbursement. Can you sign it today so I can send it out?
 
 Dad",Financial,HIGH,Synthetic,"Bank Called About the Loan Guarantor Form Hi Nupur,
 
 The bank called asking for your signature on the guarantor form for my loan, they need it couriered back by tomorrow to process the disbursement. Can you sign it today so I can send it out?
 
 Dad",bank called loan guarantor form hi nupur bank called asking signature on guarantor form loan need couriered back by tomorrow to process disbursement sign today send dad
H177,policy@securelife.example,nupur@iris-mail.com,Premium Payment Grace Period Ending,"Dear Nupur,
 
 Your insurance premium payment is still pending, and the grace period ends tomorrow. If payment is not received by then, your policy will lapse and reinstatement may require additional medical documentation.
 
 SecureLife Insurance",Financial,HIGH,Synthetic,"Premium Payment Grace Period Ending Dear Nupur,
 
 Your insurance premium payment is still pending, and the grace period ends tomorrow. If payment is not received by then, your policy will lapse and reinstatement may require additional medical documentation.
 
 SecureLife Insurance",premium payment grace period ending dear nupur insurance premium payment still pending grace period end tomorrow payment not received by policy lapse reinstatement may require additional medical documentation securelife insurance
H178,alerts@suvidhabank.example,nupur@iris-mail.com,Credit Limit Breach - Immediate Attention Needed,"Dear Nupur,
 
 Your credit card balance has exceeded the approved limit after a recent transaction. Please make a partial payment today to bring the account within limits, or further transactions will be declined.
 
 Suvidha Bank",Financial,HIGH,Synthetic,"Credit Limit Breach - Immediate Attention Needed Dear Nupur,
 
 Your credit card balance has exceeded the approved limit after a recent transaction. Please make a partial payment today to bring the account within limits, or further transactions will be declined.
 
 Suvidha Bank",credit limit breach - immediate attention needed dear nupur credit card balance exceeded approved limit after recent transaction please make partial payment today to bring account within limit transaction declined suvidha bank
H179,karan.hr@cloudberry.example,nupur@iris-mail.com,Stipend Delay - Bank Details Mismatch,"Hi Nupur,
 
 Your stipend for this month is on hold because the bank account name does not match your registered name in our system. Please clarify this today so payroll can release the amount before the cycle closes.
 
 Karan",Financial,HIGH,Synthetic,"Stipend Delay - Bank Details Mismatch Hi Nupur,
 
 Your stipend for this month is on hold because the bank account name does not match your registered name in our system. Please clarify this today so payroll can release the amount before the cycle closes.
 
 Karan",stipend delay - bank detail mismatch hi nupur stipend month on hold bank account name not match registered name system please clarify today payroll release amount before cycle close karan
H180,accounts@webnesthosting.example,nupur@iris-mail.com,Second Reminder - Service Suspension Imminent,"Hi Nupur,
 
 This is our second reminder that invoice INV-3348 remains unpaid. As per policy, your hosting service will be suspended tomorrow if payment is not received today, which would take your website offline.
 
 Accounts Team, Webnest Hosting",Financial,HIGH,Synthetic,"Second Reminder - Service Suspension Imminent Hi Nupur,
 
 This is our second reminder that invoice INV-3348 remains unpaid. As per policy, your hosting service will be suspended tomorrow if payment is not received today, which would take your website offline.
 
 Accounts Team, Webnest Hosting",second reminder - service suspension imminent hi nupur second reminder invoice inv-3348 remains unpaid per policy hosting service suspended tomorrow payment not received today would take website offline account team webnest hosting
H181,support@payeasy.example,nupur@iris-mail.com,Chargeback Response Required Within 24 Hours,"Dear Nupur,
 
 A chargeback has been raised on a transaction linked to your account. We need your response with supporting details within 24 hours, or the dispute will be resolved in favor of the claimant by default.
 
 Support Team, Payeasy",Financial,HIGH,Synthetic,"Chargeback Response Required Within 24 Hours Dear Nupur,
 
 A chargeback has been raised on a transaction linked to your account. We need your response with supporting details within 24 hours, or the dispute will be resolved in favor of the claimant by default.
 
 Support Team, Payeasy",chargeback response required within 24 hour dear nupur chargeback raised on transaction linked to account need response supporting detail within 24 hour dispute resolved favor claimant by default support team payeasy
H182,alerts@suvidhabank.example,nupur@iris-mail.com,Cheque Bounced Due to Insufficient Funds,"Dear Nupur,
 
 A cheque issued from your account has bounced due to insufficient balance. Please deposit the required amount today to avoid additional penalty charges and a possible flag on your account for repeated bounces.
 
 Suvidha Bank",Financial,HIGH,Synthetic,"Cheque Bounced Due to Insufficient Funds Dear Nupur,
 
 A cheque issued from your account has bounced due to insufficient balance. Please deposit the required amount today to avoid additional penalty charges and a possible flag on your account for repeated bounces.
 
 Suvidha Bank",cheque bounced due to insufficient fund dear nupur cheque issued from account bounced due to insufficient balance please deposit required amount today to avoid additional penalty charge possible flag on account repeated bounce suvidha bank
H183,landlord.rajesh@gmail.example,nupur@iris-mail.com,Rent Payment Not Received Yet,"Hi Nupur,
 
 I have not received this month's rent yet and it is already a few days past the usual date. Could you confirm today whether there is an issue on your end, since I need to plan my own payments around it?
 
 Rajesh",Financial,HIGH,Synthetic,"Rent Payment Not Received Yet Hi Nupur,
 
 I have not received this month's rent yet and it is already a few days past the usual date. Could you confirm today whether there is an issue on your end, since I need to plan my own payments around it?
 
 Rajesh",rent payment not received yet hi nupur not received month rent yet already day past usual date could confirm today whether issue on end since need to plan payment around rajesh
H184,billing@musicstream.example,nupur@iris-mail.com,Payment Method Declined - Update Needed,"Hi Nupur,
 
 Your subscription payment method was declined this cycle. If it is not updated within three days, your account will be downgraded to the free tier and any saved playlists on the premium plan may be affected.
 
 MusicStream Billing Team",Financial,HIGH,Synthetic,"Payment Method Declined - Update Needed Hi Nupur,
 
 Your subscription payment method was declined this cycle. If it is not updated within three days, your account will be downgraded to the free tier and any saved playlists on the premium plan may be affected.
 
 MusicStream Billing Team",payment method declined - update needed hi nupur subscription payment method declined cycle not updated within three day account downgraded to free tier saved playlist on premium plan may affected musicstream billing team
H185,meera.ca@meeraassociates.example,nupur@iris-mail.com,Discrepancy Found - Please Clarify Today,"Dear Nupur,
 
 While preparing your filing, we found a discrepancy between your Form 16 and the investment proofs submitted. Please clarify today so we can correct it before the return is submitted tomorrow.
 
 Meera Associates",Financial,HIGH,Synthetic,"Discrepancy Found - Please Clarify Today Dear Nupur,
 
 While preparing your filing, we found a discrepancy between your Form 16 and the investment proofs submitted. Please clarify today so we can correct it before the return is submitted tomorrow.
 
 Meera Associates",discrepancy found - please clarify today dear nupur preparing filing found discrepancy between form 16 investment proof submitted please clarify today correct before return submitted tomorrow meera associate
H186,security@zentracloud.example,nupur@iris-mail.com,Login From a New Country Detected,"Hello Nupur,
 
 We detected a login attempt to your account from a country you have not accessed your account from before. If this was not you, please change your password immediately to prevent unauthorized access.
 
 Account Security Team, Zentra Cloud",Security,HIGH,Synthetic,"Login From a New Country Detected Hello Nupur,
 
 We detected a login attempt to your account from a country you have not accessed your account from before. If this was not you, please change your password immediately to prevent unauthorized access.
 
 Account Security Team, Zentra Cloud",login from new country detected hello nupur detected login attempt to account from country not accessed account from before not please change password immediately to prevent unauthorized access account security team zentra cloud
H187,it@nirmaya.edu,nupur@iris-mail.com,Your Portal Access Will Be Suspended Today,"Dear Nupur,
 
 Our records show your student portal password has expired and was not renewed in time. Access will be suspended by end of day unless you reset it now using the link sent to your registered email.
 
 IT Support, Nirmaya Institute",Security,HIGH,Synthetic,"Your Portal Access Will Be Suspended Today Dear Nupur,
 
 Our records show your student portal password has expired and was not renewed in time. Access will be suspended by end of day unless you reset it now using the link sent to your registered email.
 
 IT Support, Nirmaya Institute",portal access suspended today dear nupur record show student portal password expired not renewed time access suspended by end day unless reset using link sent to registered email support nirmaya institute
H188,fraud@suvidhabank.example,nupur@iris-mail.com,Card Frozen - Verification Needed to Unlock,"Dear Nupur,
 
 Your debit card has been temporarily frozen after a suspicious transaction attempt. Please call our helpline today to verify your identity and unlock the card, otherwise it will remain blocked until manually reviewed.
 
 Fraud Prevention Team, Suvidha Bank",Security,HIGH,Synthetic,"Card Frozen - Verification Needed to Unlock Dear Nupur,
 
 Your debit card has been temporarily frozen after a suspicious transaction attempt. Please call our helpline today to verify your identity and unlock the card, otherwise it will remain blocked until manually reviewed.
 
 Fraud Prevention Team, Suvidha Bank",card frozen - verification needed to unlock dear nupur debit card temporarily frozen after suspicious transaction attempt please call helpline today to verify identity unlock card otherwise remain blocked until manually reviewed fraud prevention team suvidha bank
H189,security@cloudberry.example,nupur@iris-mail.com,Unauthorized App Connected to Your Account,"Dear Nupur,
 
 We noticed a third party application was connected to your work account without going through the standard approval process. Please revoke access immediately and inform IT security if you did not authorize this yourself.
 
 Security Operations, Cloudberry Systems",Security,HIGH,Synthetic,"Unauthorized App Connected to Your Account Dear Nupur,
 
 We noticed a third party application was connected to your work account without going through the standard approval process. Please revoke access immediately and inform IT security if you did not authorize this yourself.
 
 Security Operations, Cloudberry Systems",unauthorized app connected to account dear nupur noticed third party application connected to work account without going standard approval process please revoke access immediately inform security not authorize security operation cloudberry system
H190,noreply@zentracloud.example,nupur@iris-mail.com,Recovery Email Changed on Your Account,"Hello Nupur,
 
 The recovery email on your account was just changed. If you did not make this change, please contact support right away, as this could mean someone else is trying to gain control of your account.
 
 Account Team, Zentra Cloud",Security,HIGH,Synthetic,"Recovery Email Changed on Your Account Hello Nupur,
 
 The recovery email on your account was just changed. If you did not make this change, please contact support right away, as this could mean someone else is trying to gain control of your account.
 
 Account Team, Zentra Cloud",recovery email changed on account hello nupur recovery email on account changed not make change please contact support right away could mean someone else trying to gain control account account team zentra cloud
H191,ayesha.friend@gmail.example,nupur@iris-mail.com,"My Card Got Cloned, Check Yours Too","Hey Nupur,
 
 I just found out my card details got cloned from that restaurant we visited together last week. You might want to check your statement too and freeze your card if you see anything unfamiliar.
 
 Ayesha",Security,HIGH,Synthetic,"My Card Got Cloned, Check Yours Too Hey Nupur,
 
 I just found out my card details got cloned from that restaurant we visited together last week. You might want to check your statement too and freeze your card if you see anything unfamiliar.
 
 Ayesha",card got cloned check hey nupur found card detail got cloned from restaurant visited together last week might want to check statement freeze card see anything unfamiliar ayesha
H192,itsecurity@cloudberry.example,nupur@iris-mail.com,Suspicious Login Requires Manager Approval,"Dear Nupur,
 
 A login attempt to your account from an unrecognized device requires manager approval before access is restored. Please reach out to your manager today to expedite this, as your account remains locked until then.
 
 IT Security, Cloudberry Systems",Security,HIGH,Synthetic,"Suspicious Login Requires Manager Approval Dear Nupur,
 
 A login attempt to your account from an unrecognized device requires manager approval before access is restored. Please reach out to your manager today to expedite this, as your account remains locked until then.
 
 IT Security, Cloudberry Systems",suspicious login requires manager approval dear nupur login attempt to account from unrecognized device requires manager approval before access restored please reach to manager today to expedite account remains locked until security cloudberry system
H193,ithelpdesk@cloudberry.example,nupur@iris-mail.com,Your Session Was Terminated Remotely,"Hello Nupur,
 
 Your active session was terminated remotely a short while ago, which is unusual outside of a security event. Please log back in and change your password as a precaution, and let us know if this was not initiated by you.
 
 IT Helpdesk, Cloudberry Systems",Security,HIGH,Synthetic,"Your Session Was Terminated Remotely Hello Nupur,
 
 Your active session was terminated remotely a short while ago, which is unusual outside of a security event. Please log back in and change your password as a precaution, and let us know if this was not initiated by you.
 
 IT Helpdesk, Cloudberry Systems",session terminated remotely hello nupur active session terminated remotely short ago unusual outside security event please log back change password precaution let u know not initiated by helpdesk cloudberry system
H194,care@suvidhabank.example,nupur@iris-mail.com,OTP Requested Multiple Times - Please Confirm,"Dear Customer,
 
 Our system logged multiple OTP requests on your account within a short period. If you did not request these, please call our helpline immediately as this may indicate someone attempting to access your account.
 
 Suvidha Bank",Security,HIGH,Synthetic,"OTP Requested Multiple Times - Please Confirm Dear Customer,
 
 Our system logged multiple OTP requests on your account within a short period. If you did not request these, please call our helpline immediately as this may indicate someone attempting to access your account.
 
 Suvidha Bank",otp requested multiple time - please confirm dear customer system logged multiple otp request on account within short period not request please call helpline immediately may indicate someone attempting to access account suvidha bank
H195,security@zentracloud.example,nupur@iris-mail.com,Password Changed - Confirm It Was You,"Hello Nupur,
 
 Your account password was changed a few minutes ago. If you did not make this change, your account may be compromised, please use the recovery option immediately to regain control.
 
 Account Security Team, Zentra Cloud",Security,HIGH,Synthetic,"Password Changed - Confirm It Was You Hello Nupur,
 
 Your account password was changed a few minutes ago. If you did not make this change, your account may be compromised, please use the recovery option immediately to regain control.
 
 Account Security Team, Zentra Cloud",password changed - confirm hello nupur account password changed minute ago not make change account may compromised please use recovery option immediately to regain control account security team zentra cloud
H196,it@nirmaya.edu,nupur@iris-mail.com,Unusual Activity on Your College Email,"Dear Nupur,
 
 We noticed several emails sent from your college account late last night that do not match your usual activity pattern. Please change your password today and let us know if you did not send these emails.
 
 IT Support, Nirmaya Institute",Security,HIGH,Synthetic,"Unusual Activity on Your College Email Dear Nupur,
 
 We noticed several emails sent from your college account late last night that do not match your usual activity pattern. Please change your password today and let us know if you did not send these emails.
 
 IT Support, Nirmaya Institute",unusual activity on college email dear nupur noticed several email sent from college account late last night not match usual activity pattern please change password today let u know not send email support nirmaya institute
H197,verification@screensafe.example,nupur@iris-mail.com,Identity Mismatch Found During Verification,"Dear Nupur,
 
 During your background verification, we found a mismatch between the ID proof submitted and government records. Please contact us today with clarification, as this may delay or affect your final joining confirmation.
 
 HR Operations, ScreenSafe",Security,HIGH,Synthetic,"Identity Mismatch Found During Verification Dear Nupur,
 
 During your background verification, we found a mismatch between the ID proof submitted and government records. Please contact us today with clarification, as this may delay or affect your final joining confirmation.
 
 HR Operations, ScreenSafe",identity mismatch found during verification dear nupur during background verification found mismatch between id proof submitted government record please contact u today clarification may delay affect final joining confirmation hr operation screensafe
H198,noreply@zentracloud.example,nupur@iris-mail.com,Two Devices Logged In Simultaneously,"Hello Nupur,
 
 Our system detected your account being accessed from two different devices at the same time in different locations. If this seems unusual to you, please secure your account today by updating your password.
 
 Account Team, Zentra Cloud",Security,HIGH,Synthetic,"Two Devices Logged In Simultaneously Hello Nupur,
 
 Our system detected your account being accessed from two different devices at the same time in different locations. If this seems unusual to you, please secure your account today by updating your password.
 
 Account Team, Zentra Cloud",two device logged simultaneously hello nupur system detected account accessed from two different device at time different location seems unusual to please secure account today by updating password account team zentra cloud
H199,security@cloudberry.example,nupur@iris-mail.com,VPN Access Revoked Due to Policy Violation Flag,"Dear Nupur,
 
 Your VPN access has been temporarily revoked after a policy compliance flag on your device. Please contact IT security today to resolve this, as you will not be able to access internal systems remotely until it is cleared.
 
 Security Operations, Cloudberry Systems",Security,HIGH,Synthetic,"VPN Access Revoked Due to Policy Violation Flag Dear Nupur,
 
 Your VPN access has been temporarily revoked after a policy compliance flag on your device. Please contact IT security today to resolve this, as you will not be able to access internal systems remotely until it is cleared.
 
 Security Operations, Cloudberry Systems",vpn access revoked due to policy violation flag dear nupur vpn access temporarily revoked after policy compliance flag on device please contact security today to resolve not able to access internal system remotely until cleared security operation cloudberry system
H200,fraud@suvidhabank.example,nupur@iris-mail.com,International Transaction Attempt Blocked,"Dear Nupur,
 
 We blocked an international transaction attempt on your card as it did not match your usual spending pattern. Please confirm today whether this was you, or we will proceed to reissue your card as a precaution.
 
 Fraud Prevention Team, Suvidha Bank",Security,HIGH,Synthetic,"International Transaction Attempt Blocked Dear Nupur,
 
 We blocked an international transaction attempt on your card as it did not match your usual spending pattern. Please confirm today whether this was you, or we will proceed to reissue your card as a precaution.
 
 Fraud Prevention Team, Suvidha Bank",international transaction attempt blocked dear nupur blocked international transaction attempt on card not match usual spending pattern please confirm today whether proceed to reissue card precaution fraud prevention team suvidha bank
H201,reception@wellnessclinic.example,nupur@iris-mail.com,Test Results Ready - Doctor Wants to See You,"Hi Nupur,
 
 Your recent test results have come in and Dr. Kapoor would like to discuss them with you in person rather than over the phone. Please call to book the earliest available slot today.
 
 Reception, Wellness Clinic",Meeting/Appointment,HIGH,Synthetic,"Test Results Ready - Doctor Wants to See You Hi Nupur,
 
 Your recent test results have come in and Dr. Kapoor would like to discuss them with you in person rather than over the phone. Please call to book the earliest available slot today.
 
 Reception, Wellness Clinic",test result ready - doctor want to see hi nupur recent test result come dr kapoor would like to discus person rather over phone please call to book earliest available slot today reception wellness clinic
H202,hr@nexova.example,nupur@iris-mail.com,Interview Moved to This Afternoon,"Hi Nupur,
 
 Due to a change in the panel's schedule, your interview originally set for tomorrow has been moved to this afternoon at 4 PM. Please confirm you can make it on short notice.
 
 Recruitment Team, Nexova Technologies",Meeting/Appointment,HIGH,Synthetic,"Interview Moved to This Afternoon Hi Nupur,
 
 Due to a change in the panel's schedule, your interview originally set for tomorrow has been moved to this afternoon at 4 PM. Please confirm you can make it on short notice.
 
 Recruitment Team, Nexova Technologies",interview moved to afternoon hi nupur due to change panel schedule interview originally set tomorrow moved to afternoon at 4 pm please confirm make on short notice recruitment team nexova technology
H203,sbhatia.advocate@example.com,nupur@iris-mail.com,Court Date Moved Up by a Week,"Dear Nupur,
 
 The court has moved your hearing date up by a week due to a scheduling change. The new date is this Thursday at 11 AM. Please ensure all documents are ready well before then.
 
 Advocate S. Bhatia",Meeting/Appointment,HIGH,Synthetic,"Court Date Moved Up by a Week Dear Nupur,
 
 The court has moved your hearing date up by a week due to a scheduling change. The new date is this Thursday at 11 AM. Please ensure all documents are ready well before then.
 
 Advocate S. Bhatia",court date moved by week dear nupur court moved hearing date by week due to scheduling change new date thursday at 11 am please ensure document ready well before advocate bhatia
H204,secretary@greenmeadows.example,nupur@iris-mail.com,Emergency Meeting Called for Tonight,"Dear Residents,
 
 Following the water contamination issue reported this morning, an emergency society meeting has been called for tonight at 8 PM to decide on immediate arrangements. Please make an effort to attend.
 
 Secretary, Green Meadows Society",Meeting/Appointment,HIGH,Synthetic,"Emergency Meeting Called for Tonight Dear Residents,
 
 Following the water contamination issue reported this morning, an emergency society meeting has been called for tonight at 8 PM to decide on immediate arrangements. Please make an effort to attend.
 
 Secretary, Green Meadows Society",emergency meeting called tonight dear resident following water contamination issue reported morning emergency society meeting called tonight at 8 pm to decide on immediate arrangement please make effort to attend secretary green meadow society
H205,landlord.rajesh@gmail.example,nupur@iris-mail.com,Need to Meet Before I Sign the New Tenant,"Hi Nupur,
 
 I have another interested tenant for the flat if you decide not to renew, but I need to know your decision before I meet them tomorrow evening. Can we talk today?
 
 Rajesh",Meeting/Appointment,HIGH,Synthetic,"Need to Meet Before I Sign the New Tenant Hi Nupur,
 
 I have another interested tenant for the flat if you decide not to renew, but I need to know your decision before I meet them tomorrow evening. Can we talk today?
 
 Rajesh",need to meet before sign new tenant hi nupur another interested tenant flat decide not to renew need to know decision before meet tomorrow evening talk today rajesh
H206,simran.friend@gmail.example,nupur@iris-mail.com,Layover Changed - Need to Confirm Pickup,"Hi Nupur,
 
 My connecting flight got rearranged and I now land two hours earlier than planned, around 5 AM. Could you confirm with the cab today so there is no mix up at that hour?
 
 Simran",Meeting/Appointment,HIGH,Synthetic,"Layover Changed - Need to Confirm Pickup Hi Nupur,
 
 My connecting flight got rearranged and I now land two hours earlier than planned, around 5 AM. Could you confirm with the cab today so there is no mix up at that hour?
 
 Simran",layover changed - need to confirm pickup hi nupur connecting flight got rearranged land two hour earlier planned around 5 am could confirm cab today no mix at hour simran
H207,classteacher@sunriseschool.example,nupur@iris-mail.com,Meeting Moved Up Due to Concern,"Dear Parent,
 
 We would like to move up the scheduled parent teacher meeting to tomorrow instead of next month, as a concern has come up that we would like to discuss with you directly.
 
 Class Teacher, Sunrise School",Meeting/Appointment,HIGH,Synthetic,"Meeting Moved Up Due to Concern Dear Parent,
 
 We would like to move up the scheduled parent teacher meeting to tomorrow instead of next month, as a concern has come up that we would like to discuss with you directly.
 
 Class Teacher, Sunrise School",meeting moved due to concern dear parent would like to move scheduled parent teacher meeting to tomorrow instead next month concern come would like to discus directly class teacher sunrise school
H208,frontdesk@petcareclinic.example,nupur@iris-mail.com,Vet Needs to See Him Before Surgery Tomorrow,"Hi Nupur,
 
 Before tomorrow's scheduled surgery, the vet needs a final check up today to confirm your dog is fit for the procedure. Please bring him in before the clinic closes this evening.
 
 Front Desk, PetCare Clinic",Meeting/Appointment,HIGH,Synthetic,"Vet Needs to See Him Before Surgery Tomorrow Hi Nupur,
 
 Before tomorrow's scheduled surgery, the vet needs a final check up today to confirm your dog is fit for the procedure. Please bring him in before the clinic closes this evening.
 
 Front Desk, PetCare Clinic",vet need to see before surgery tomorrow hi nupur before tomorrow scheduled surgery vet need final check today to confirm dog fit procedure please bring before clinic close evening front desk petcare clinic
H209,events@royalevents.example,nupur@iris-mail.com,Last Chance to Confirm the Venue Booking,"Hi Nupur,
 
 The venue manager needs a final confirmation today, otherwise the date you had shortlisted will be released to another family who has also shown interest. Please let us know your decision as soon as possible.
 
 Royal Events",Meeting/Appointment,HIGH,Synthetic,"Last Chance to Confirm the Venue Booking Hi Nupur,
 
 The venue manager needs a final confirmation today, otherwise the date you had shortlisted will be released to another family who has also shown interest. Please let us know your decision as soon as possible.
 
 Royal Events",last chance to confirm venue booking hi nupur venue manager need final confirmation today otherwise date shortlisted released to another family also shown interest please let u know decision soon possible royal event
H210,farhan.classmate@gmail.example,nupur@iris-mail.com,Group Call Moved to Tonight Because of Sir's Deadline,"Hi Nupur,
 
 Since sir wants our project update tomorrow morning, we need to have our group discussion tonight instead of this weekend. Can you join a call around 9 PM?
 
 Farhan",Meeting/Appointment,HIGH,Synthetic,"Group Call Moved to Tonight Because of Sir's Deadline Hi Nupur,
 
 Since sir wants our project update tomorrow morning, we need to have our group discussion tonight instead of this weekend. Can you join a call around 9 PM?
 
 Farhan",group call moved to tonight sir deadline hi nupur since sir want project update tomorrow morning need to group discussion tonight instead weekend join call around 9 pm farhan
H211,hrbp@orchidconsulting.example,nupur@iris-mail.com,Final Interview Slot - Confirm by Evening,"Hi Nupur,
 
 We have arranged your final round interview for tomorrow morning, but need your confirmation by this evening so we can lock the panel's calendar and share the meeting link with you in time.
 
 Talent Team, Orchid Consulting",Meeting/Appointment,HIGH,Synthetic,"Final Interview Slot - Confirm by Evening Hi Nupur,
 
 We have arranged your final round interview for tomorrow morning, but need your confirmation by this evening so we can lock the panel's calendar and share the meeting link with you in time.
 
 Talent Team, Orchid Consulting",final interview slot - confirm by evening hi nupur arranged final round interview tomorrow morning need confirmation by evening lock panel calendar share meeting link time talent team orchid consulting
H212,vikram.lead@cloudberry.example,nupur@iris-mail.com,Client Call Moved Up - Please Join Early,"Hi Nupur,
 
 The client asked to move our weekly sync up by thirty minutes today due to their own schedule. Please join at the new time, as they specifically want to discuss the module you are working on.
 
 Vikram",Meeting/Appointment,HIGH,Synthetic,"Client Call Moved Up - Please Join Early Hi Nupur,
 
 The client asked to move our weekly sync up by thirty minutes today due to their own schedule. Please join at the new time, as they specifically want to discuss the module you are working on.
 
 Vikram",client call moved - please join early hi nupur client asked to move weekly sync by thirty minute today due to schedule please join at new time specifically want to discus module working on vikram
H213,mom@family.example,nupur@iris-mail.com,Grandpa Not Feeling Well,"Hi Nupur,
 
 Grandpa has not been feeling well since this morning and dad is taking him to the hospital for a check up. Nothing confirmed yet, but wanted you to know in case we need you to come by later today.
 
 Love,
 Mom",Personal,HIGH,Synthetic,"Grandpa Not Feeling Well Hi Nupur,
 
 Grandpa has not been feeling well since this morning and dad is taking him to the hospital for a check up. Nothing confirmed yet, but wanted you to know in case we need you to come by later today.
 
 Love,
 Mom",grandpa not feeling well hi nupur grandpa not feeling well since morning dad taking to hospital check nothing confirmed yet wanted to know case need to come by later today love mom
H214,dad@family.example,nupur@iris-mail.com,Need Your Signature on Property Papers Today,"Hi Nupur,
 
 The lawyer needs your signature on the property papers today since he is filing them first thing tomorrow. Could you come by the office this evening, or should I courier them to your hostel instead?
 
 Dad",Personal,HIGH,Synthetic,"Need Your Signature on Property Papers Today Hi Nupur,
 
 The lawyer needs your signature on the property papers today since he is filing them first thing tomorrow. Could you come by the office this evening, or should I courier them to your hostel instead?
 
 Dad",need signature on property paper today hi nupur lawyer need signature on property paper today since filing first thing tomorrow could come by office evening courier to hostel instead dad
H215,landlord.rajesh@gmail.example,nupur@iris-mail.com,Water Supply Issue - Need Access Today,"Hi Nupur,
 
 The plumber found a bigger issue with the water line than expected and needs access to your flat again this evening to complete the repair before it gets worse overnight. Will you be around?
 
 Rajesh",Personal,HIGH,Synthetic,"Water Supply Issue - Need Access Today Hi Nupur,
 
 The plumber found a bigger issue with the water line than expected and needs access to your flat again this evening to complete the repair before it gets worse overnight. Will you be around?
 
 Rajesh",water supply issue - need access today hi nupur plumber found bigger issue water line expected need access to flat evening to complete repair before get worse overnight around rajesh
H216,suresh.uncle@gmail.example,nupur@iris-mail.com,Buyer Wants an Answer by Tomorrow,"Hi Nupur,
 
 The buyer for the property has given us until tomorrow evening to accept or reject the revised offer. Can everyone weigh in tonight so we can respond in time?
 
 Suresh",Personal,HIGH,Synthetic,"Buyer Wants an Answer by Tomorrow Hi Nupur,
 
 The buyer for the property has given us until tomorrow evening to accept or reject the revised offer. Can everyone weigh in tonight so we can respond in time?
 
 Suresh",buyer want answer by tomorrow hi nupur buyer property given u until tomorrow evening to accept reject revised offer everyone weigh tonight respond time suresh
H217,rohan.cousin@gmail.example,nupur@iris-mail.com,Sister Went Into Labor,"Hey Nupur,
 
 Just letting the family know my sister went into labor a bit earlier than expected and is at the hospital now. Will update everyone as soon as we know more, but wanted you to know right away.
 
 Rohan",Personal,HIGH,Synthetic,"Sister Went Into Labor Hey Nupur,
 
 Just letting the family know my sister went into labor a bit earlier than expected and is at the hospital now. Will update everyone as soon as we know more, but wanted you to know right away.
 
 Rohan",sister went labor hey nupur letting family know sister went labor bit earlier expected at hospital update everyone soon know wanted to know right away rohan
H218,ayesha.friend@gmail.example,nupur@iris-mail.com,Need a Place to Stay Tonight,"Hey Nupur,
 
 Things at home got worse again and I really need a place to stay tonight. I am sorry to ask on such short notice, but is it okay if I come over this evening?
 
 Ayesha",Personal,HIGH,Synthetic,"Need a Place to Stay Tonight Hey Nupur,
 
 Things at home got worse again and I really need a place to stay tonight. I am sorry to ask on such short notice, but is it okay if I come over this evening?
 
 Ayesha",need place to stay tonight hey nupur thing at home got worse really need place to stay tonight am sorry to ask on short notice okay come over evening ayesha
H219,dad@family.example,nupur@iris-mail.com,Mom's Reports Came Back - Need to Talk,"Hi Nupur,
 
 Mom's test reports came back today and the doctor wants to discuss the next steps with the whole family. Can you call this evening so we can all be on the same page before her appointment tomorrow?
 
 Dad",Personal,HIGH,Synthetic,"Mom's Reports Came Back - Need to Talk Hi Nupur,
 
 Mom's test reports came back today and the doctor wants to discuss the next steps with the whole family. Can you call this evening so we can all be on the same page before her appointment tomorrow?
 
 Dad",mom report came back - need to talk hi nupur mom test report came back today doctor want to discus next step whole family call evening on page before appointment tomorrow dad
H220,kabir.neighbor@gmail.example,nupur@iris-mail.com,Water Leaking Into Our Flat From Yours,"Hi Nupur,
 
 We noticed water seeping through our ceiling and it seems to be coming from your flat. Could you check if something is leaking, since it is getting worse and we might need to call a plumber today.
 
 Kabir",Personal,HIGH,Synthetic,"Water Leaking Into Our Flat From Yours Hi Nupur,
 
 We noticed water seeping through our ceiling and it seems to be coming from your flat. Could you check if something is leaking, since it is getting worse and we might need to call a plumber today.
 
 Kabir",water leaking flat from hi nupur noticed water seeping ceiling seems to coming from flat could check something leaking since getting worse might need to call plumber today kabir
H221,mom@family.example,nupur@iris-mail.com,Need to Know Your Travel Plans by Tonight,"Hi Nupur,
 
 Since grandma's condition has changed, we are trying to plan who comes home this weekend. Could you let me know your travel plans tonight so I can book tickets before prices go up further?
 
 Love,
 Mom",Personal,HIGH,Synthetic,"Need to Know Your Travel Plans by Tonight Hi Nupur,
 
 Since grandma's condition has changed, we are trying to plan who comes home this weekend. Could you let me know your travel plans tonight so I can book tickets before prices go up further?
 
 Love,
 Mom",need to know travel plan by tonight hi nupur since grandma condition changed trying to plan come home weekend could let know travel plan tonight book ticket before price go love mom
H222,vikas.neighbor@gmail.example,nupur@iris-mail.com,Society Notice About Your Parking Spot,"Hi Nupur,
 
 The society office flagged an issue with your allotted parking spot and wants it resolved before the new allotment list goes out tomorrow. Could you speak with them today?
 
 Vikas",Personal,HIGH,Synthetic,"Society Notice About Your Parking Spot Hi Nupur,
 
 The society office flagged an issue with your allotted parking spot and wants it resolved before the new allotment list goes out tomorrow. Could you speak with them today?
 
 Vikas",society notice parking spot hi nupur society office flagged issue allotted parking spot want resolved before new allotment list go tomorrow could speak today vikas
H223,landlord.rajesh@gmail.example,nupur@iris-mail.com,Decision Needed on Lease Renewal Today,"Hi Nupur,
 
 I have another party interested in the flat if you are not renewing, and I need to give them an answer tomorrow. Please let me know your decision today so I know how to proceed.
 
 Rajesh",Personal,HIGH,Synthetic,"Decision Needed on Lease Renewal Today Hi Nupur,
 
 I have another party interested in the flat if you are not renewing, and I need to give them an answer tomorrow. Please let me know your decision today so I know how to proceed.
 
 Rajesh",decision needed on lease renewal today hi nupur another party interested flat not renewing need to give answer tomorrow please let know decision today know to proceed rajesh
H224,dad@family.example,nupur@iris-mail.com,"Uncle's Flight Got Cancelled, Need Help Rebooking","Hi Nupur,
 
 Uncle's return flight just got cancelled and the airline's helpline is not picking up. Could you check online if there are alternate flights today, since he needs to be back for a family function tomorrow?
 
 Dad",Personal,HIGH,Synthetic,"Uncle's Flight Got Cancelled, Need Help Rebooking Hi Nupur,
 
 Uncle's return flight just got cancelled and the airline's helpline is not picking up. Could you check online if there are alternate flights today, since he needs to be back for a family function tomorrow?
 
 Dad",uncle flight got cancelled need help rebooking hi nupur uncle return flight got cancelled airline helpline not picking could check online alternate flight today since need to back family function tomorrow dad
H225,notify@skywings.example,nupur@iris-mail.com,Flight Advanced by Four Hours,"Dear Passenger,
 
 Due to operational changes, your flight tomorrow has been advanced by four hours. Please review your new departure time and arrive at the airport with sufficient buffer, as boarding will close earlier than originally planned.
 
 SkyWings Airlines",Travel,HIGH,Synthetic,"Flight Advanced by Four Hours Dear Passenger,
 
 Due to operational changes, your flight tomorrow has been advanced by four hours. Please review your new departure time and arrive at the airport with sufficient buffer, as boarding will close earlier than originally planned.
 
 SkyWings Airlines",flight advanced by four hour dear passenger due to operational change flight tomorrow advanced by four hour please review new departure time arrive at airport sufficient buffer boarding close earlier originally planned skywings airline
H226,dispatch@ridenow.example,nupur@iris-mail.com,Driver Cancelled - Need Backup Plan,"Hi Nupur,
 
 The driver assigned for your early morning airport pickup tomorrow has just cancelled. We are trying to assign a replacement, but given the early hour, you may want to also arrange a backup option.
 
 Dispatch Team, RideNow",Travel,HIGH,Synthetic,"Driver Cancelled - Need Backup Plan Hi Nupur,
 
 The driver assigned for your early morning airport pickup tomorrow has just cancelled. We are trying to assign a replacement, but given the early hour, you may want to also arrange a backup option.
 
 Dispatch Team, RideNow",driver cancelled - need backup plan hi nupur driver assigned early morning airport pickup tomorrow cancelled trying to assign replacement given early hour may want to also arrange backup option dispatch team ridenow
H227,visaservices@globalvisa.example,nupur@iris-mail.com,Appointment Slot Confirmed - Documents Needed Today,"Dear Nupur,
 
 Your visa appointment has been confirmed for tomorrow. Please send us the pending set of documents today so we can prepare your file in time, as incomplete files may delay the appointment itself.
 
 Visa Services Team",Travel,HIGH,Synthetic,"Appointment Slot Confirmed - Documents Needed Today Dear Nupur,
 
 Your visa appointment has been confirmed for tomorrow. Please send us the pending set of documents today so we can prepare your file in time, as incomplete files may delay the appointment itself.
 
 Visa Services Team",appointment slot confirmed - document needed today dear nupur visa appointment confirmed tomorrow please send u pending set document today prepare file time incomplete file may delay appointment visa service team
H228,booking@railwayservices.example,nupur@iris-mail.com,Waitlist Not Cleared - Alternate Travel Needed,"Dear Passenger,
 
 Your waitlisted ticket for tomorrow's journey has not been confirmed after the chart preparation. Please arrange alternate travel, as waitlisted passengers will not be permitted to board.
 
 Railway Booking Services",Travel,HIGH,Synthetic,"Waitlist Not Cleared - Alternate Travel Needed Dear Passenger,
 
 Your waitlisted ticket for tomorrow's journey has not been confirmed after the chart preparation. Please arrange alternate travel, as waitlisted passengers will not be permitted to board.
 
 Railway Booking Services",waitlist not cleared - alternate travel needed dear passenger waitlisted ticket tomorrow journey not confirmed after chart preparation please arrange alternate travel waitlisted passenger not permitted to board railway booking service
H229,simran.friend@gmail.example,nupur@iris-mail.com,Hotel Overbooked - Need to Sort This Today,"Hi Nupur,
 
 Just got a call that the hotel overbooked our room for tomorrow night and is trying to shift us elsewhere. Could you help me look at backup options today in case they cannot sort it out?
 
 Simran",Travel,HIGH,Synthetic,"Hotel Overbooked - Need to Sort This Today Hi Nupur,
 
 Just got a call that the hotel overbooked our room for tomorrow night and is trying to shift us elsewhere. Could you help me look at backup options today in case they cannot sort it out?
 
 Simran",hotel overbooked - need to sort today hi nupur got call hotel overbooked room tomorrow night trying to shift u elsewhere could help look at backup option today case not sort simran
H230,notify@skywings.example,nupur@iris-mail.com,Baggage Allowance Change Affecting Tomorrow's Flight,"Dear Passenger,
 
 Please note that the baggage allowance for your fare category has been revised and will apply starting with tomorrow's flight. Extra charges may apply at the airport if your baggage exceeds the new limit.
 
 SkyWings Airlines",Travel,HIGH,Synthetic,"Baggage Allowance Change Affecting Tomorrow's Flight Dear Passenger,
 
 Please note that the baggage allowance for your fare category has been revised and will apply starting with tomorrow's flight. Extra charges may apply at the airport if your baggage exceeds the new limit.
 
 SkyWings Airlines",baggage allowance change affecting tomorrow flight dear passenger please note baggage allowance fare category revised apply starting tomorrow flight extra charge may apply at airport baggage exceeds new limit skywings airline
H231,dad@family.example,nupur@iris-mail.com,Need Help Finding Uncle's Lost Luggage,"Hi Nupur,
 
 Uncle's luggage did not arrive with his flight today and the airline counter is asking for the tracking reference which he cannot find. Could you check his email for the booking confirmation and call them today?
 
 Dad",Travel,HIGH,Synthetic,"Need Help Finding Uncle's Lost Luggage Hi Nupur,
 
 Uncle's luggage did not arrive with his flight today and the airline counter is asking for the tracking reference which he cannot find. Could you check his email for the booking confirmation and call them today?
 
 Dad",need help finding uncle lost luggage hi nupur uncle luggage not arrive flight today airline counter asking tracking reference not find could check email booking confirmation call today dad
H232,booking@railwayservices.example,nupur@iris-mail.com,Train Cancelled - Refund and Rebooking Needed,"Dear Passenger,
 
 Your train scheduled for tomorrow has been cancelled due to operational reasons. Please choose between a refund or rebooking on an alternate train today, as options may become limited closer to the travel date.
 
 Railway Booking Services",Travel,HIGH,Synthetic,"Train Cancelled - Refund and Rebooking Needed Dear Passenger,
 
 Your train scheduled for tomorrow has been cancelled due to operational reasons. Please choose between a refund or rebooking on an alternate train today, as options may become limited closer to the travel date.
 
 Railway Booking Services",train cancelled - refund rebooking needed dear passenger train scheduled tomorrow cancelled due to operational reason please choose between refund rebooking on alternate train today option may become limited closer to travel date railway booking service
H233,hrcompliance@cloudberry.example,nupur@iris-mail.com,Respond to the Compliance Query Today,"Dear Nupur,
 
 The compliance team has raised a query regarding your declared outside employment during the internship period. Please respond today with clarification, as unresolved queries are escalated to HR leadership after 48 hours.
 
 HR Compliance, Cloudberry Systems",Legal/Administrative,HIGH,Synthetic,"Respond to the Compliance Query Today Dear Nupur,
 
 The compliance team has raised a query regarding your declared outside employment during the internship period. Please respond today with clarification, as unresolved queries are escalated to HR leadership after 48 hours.
 
 HR Compliance, Cloudberry Systems",respond to compliance query today dear nupur compliance team raised query regarding declared outside employment during internship period please respond today clarification unresolved query escalated to hr leadership after 48 hour hr compliance cloudberry system
H234,revenue@municipalcorp.example,nupur@iris-mail.com,Objection Deadline Tomorrow,"Dear Resident,
 
 This is a final reminder that the deadline to file an objection to your family's revised property tax assessment is tomorrow. After this date, the assessed amount becomes final and cannot be contested this cycle.
 
 Municipal Corporation",Legal/Administrative,HIGH,Synthetic,"Objection Deadline Tomorrow Dear Resident,
 
 This is a final reminder that the deadline to file an objection to your family's revised property tax assessment is tomorrow. After this date, the assessed amount becomes final and cannot be contested this cycle.
 
 Municipal Corporation",objection deadline tomorrow dear resident final reminder deadline to file objection to family revised property tax assessment tomorrow after date assessed amount becomes final not contested cycle municipal corporation
H235,compliance@regauthority.example,nupur@iris-mail.com,Response Window Closing in Two Days,"Dear Nupur,
 
 The response window for the compliance notice sent to your employer regarding your internship documentation closes in two days. Please ensure any requested clarification from your side is submitted before then.
 
 Regulatory Affairs Office",Legal/Administrative,HIGH,Synthetic,"Response Window Closing in Two Days Dear Nupur,
 
 The response window for the compliance notice sent to your employer regarding your internship documentation closes in two days. Please ensure any requested clarification from your side is submitted before then.
 
 Regulatory Affairs Office",response window closing two day dear nupur response window compliance notice sent to employer regarding internship documentation close two day please ensure requested clarification from side submitted before regulatory affair office
H236,info@passportsevakendra.example,nupur@iris-mail.com,Application Closing Due to Non-Response,"Dear Nupur,
 
 Your passport application will be automatically closed if the requested address verification is not completed within three days. Please visit the nearest police station at the earliest to avoid restarting the entire process.
 
 Passport Seva Kendra",Legal/Administrative,HIGH,Synthetic,"Application Closing Due to Non-Response Dear Nupur,
 
 Your passport application will be automatically closed if the requested address verification is not completed within three days. Please visit the nearest police station at the earliest to avoid restarting the entire process.
 
 Passport Seva Kendra",application closing due to non-response dear nupur passport application automatically closed requested address verification not completed within three day please visit nearest police station at earliest to avoid restarting entire process passport seva kendra
H237,rnair.advocate@example.com,nupur@iris-mail.com,Draft Ready - Confirm Before Filing Tomorrow,"Dear Nupur,
 
 The draft legal notice regarding the tenant matter is ready and scheduled to be filed tomorrow. Please review it today and let me know if any changes are needed before it is formally submitted.
 
 Advocate R. Nair",Legal/Administrative,HIGH,Synthetic,"Draft Ready - Confirm Before Filing Tomorrow Dear Nupur,
 
 The draft legal notice regarding the tenant matter is ready and scheduled to be filed tomorrow. Please review it today and let me know if any changes are needed before it is formally submitted.
 
 Advocate R. Nair",draft ready - confirm before filing tomorrow dear nupur draft legal notice regarding tenant matter ready scheduled to filed tomorrow please review today let know change needed before formally submitted advocate r nair
H238,examcell@nirmaya.edu,nupur@iris-mail.com,Malpractice Case - Respond Within 48 Hours,"Dear Nupur,
 
 A malpractice case has been recorded against your name during the recent examination based on the invigilator's report. You are required to submit a written response within 48 hours before the disciplinary committee reviews the case.
 
 Examination Section, Nirmaya Institute",Legal/Administrative,HIGH,Synthetic,"Malpractice Case - Respond Within 48 Hours Dear Nupur,
 
 A malpractice case has been recorded against your name during the recent examination based on the invigilator's report. You are required to submit a written response within 48 hours before the disciplinary committee reviews the case.
 
 Examination Section, Nirmaya Institute",malpractice case - respond within 48 hour dear nupur malpractice case recorded name during recent examination based on invigilator report required to submit written response within 48 hour before disciplinary committee review case examination section nirmaya institute
H239,hrcompliance@cloudberry.example,nupur@iris-mail.com,Background Check Discrepancy - Response Needed,"Dear Nupur,
 
 A discrepancy was found between your submitted documents and the background verification report. Please provide clarification within two working days, as unresolved discrepancies may affect your continued employment status.
 
 HR Compliance, Cloudberry Systems",Legal/Administrative,HIGH,Synthetic,"Background Check Discrepancy - Response Needed Dear Nupur,
 
 A discrepancy was found between your submitted documents and the background verification report. Please provide clarification within two working days, as unresolved discrepancies may affect your continued employment status.
 
 HR Compliance, Cloudberry Systems",background check discrepancy - response needed dear nupur discrepancy found between submitted document background verification report please provide clarification within two working day unresolved discrepancy may affect continued employment status hr compliance cloudberry system
H240,revenue@municipalcorp.example,nupur@iris-mail.com,Water Bill Dispute - Final Notice,"Dear Resident,
 
 This is a final notice regarding the disputed water bill amount for your address. If a response is not received within three days, the disputed amount will be added to your next billing cycle by default.
 
 Municipal Corporation",Legal/Administrative,HIGH,Synthetic,"Water Bill Dispute - Final Notice Dear Resident,
 
 This is a final notice regarding the disputed water bill amount for your address. If a response is not received within three days, the disputed amount will be added to your next billing cycle by default.
 
 Municipal Corporation",water bill dispute - final notice dear resident final notice regarding disputed water bill amount address response not received within three day disputed amount added to next billing cycle by default municipal corporation
H241,management@greenmeadows.example,nupur@iris-mail.com,Elevator Inspection Failed - Restricted Use,"Dear Residents,
 
 The building elevator failed its safety inspection this morning and its use has been restricted until repairs are completed tomorrow. Please use the stairs in the meantime and avoid overloading the service lift.
 
 Building Management, Green Meadows Society",Other,HIGH,Synthetic,"Elevator Inspection Failed - Restricted Use Dear Residents,
 
 The building elevator failed its safety inspection this morning and its use has been restricted until repairs are completed tomorrow. Please use the stairs in the meantime and avoid overloading the service lift.
 
 Building Management, Green Meadows Society",elevator inspection failed - restricted use dear resident building elevator failed safety inspection morning use restricted until repair completed tomorrow please use stair meantime avoid overloading service lift building management green meadow society
H242,facilities@greenmeadows.example,nupur@iris-mail.com,Fire Alarm Malfunction - Precaution Needed,"Dear Residents,
 
 The fire alarm system on the fourth floor is currently malfunctioning and technicians are working on it today. Please be extra cautious with any open flames until the system is confirmed to be working again.
 
 Facilities Management",Other,HIGH,Synthetic,"Fire Alarm Malfunction - Precaution Needed Dear Residents,
 
 The fire alarm system on the fourth floor is currently malfunctioning and technicians are working on it today. Please be extra cautious with any open flames until the system is confirmed to be working again.
 
 Facilities Management",fire alarm malfunction - precaution needed dear resident fire alarm system on fourth floor currently malfunctioning technician working on today please extra cautious open flame until system confirmed to working facility management
H243,kabir.neighbor@gmail.example,nupur@iris-mail.com,Strange Smell From the Basement,"Hi Nupur,
 
 A few of us noticed a strange burning smell coming from the basement parking area this evening. Could you check if your car is parked there and let building security know if you notice anything unusual?
 
 Kabir",Other,HIGH,Synthetic,"Strange Smell From the Basement Hi Nupur,
 
 A few of us noticed a strange burning smell coming from the basement parking area this evening. Could you check if your car is parked there and let building security know if you notice anything unusual?
 
 Kabir",strange smell from basement hi nupur u noticed strange burning smell coming from basement parking area evening could check car parked let building security know notice anything unusual kabir
H244,vikas.neighbor@gmail.example,nupur@iris-mail.com,Stray Dog Acting Aggressive Near Entrance,"Hi Nupur,
 
 A stray dog has been acting aggressively near the main entrance since this afternoon and a couple of residents have already been startled. Please be careful going in and out until animal control arrives.
 
 Vikas",Other,HIGH,Synthetic,"Stray Dog Acting Aggressive Near Entrance Hi Nupur,
 
 A stray dog has been acting aggressively near the main entrance since this afternoon and a couple of residents have already been startled. Please be careful going in and out until animal control arrives.
 
 Vikas",stray dog acting aggressive near entrance hi nupur stray dog acting aggressively near main entrance since afternoon couple resident already startled please careful going until animal control arrives vikas
H245,hostelcommittee@nirmaya.edu,nupur@iris-mail.com,Water Tank Leak Affecting Supply Tonight,"Dear Students,
 
 A leak has been found in the hostel's main water tank and supply will be affected tonight while repairs are carried out. Please store some water in advance if possible, supply should resume by tomorrow morning.
 
 Hostel Committee, Nirmaya Institute",Other,HIGH,Synthetic,"Water Tank Leak Affecting Supply Tonight Dear Students,
 
 A leak has been found in the hostel's main water tank and supply will be affected tonight while repairs are carried out. Please store some water in advance if possible, supply should resume by tomorrow morning.
 
 Hostel Committee, Nirmaya Institute",water tank leak affecting supply tonight dear student leak found hostel main water tank supply affected tonight repair carried please store water advance possible supply resume by tomorrow morning hostel committee nirmaya institute
H246,ayesha.friend@gmail.example,nupur@iris-mail.com,Building Power Trip - Check on Your Stuff,"Hey Nupur,
 
 There was a power trip in our building complex a while ago and a few people's fridges got affected. You might want to check on anything perishable in your room when you get a chance today.
 
 Ayesha",Other,HIGH,Synthetic,"Building Power Trip - Check on Your Stuff Hey Nupur,
 
 There was a power trip in our building complex a while ago and a few people's fridges got affected. You might want to check on anything perishable in your room when you get a chance today.
 
 Ayesha",building power trip - check on stuff hey nupur power trip building complex ago people fridge got affected might want to check on anything perishable room get chance today ayesha
H247,management@greenmeadows.example,nupur@iris-mail.com,Suspicious Person Reported in the Building,"Dear Residents,
 
 Security reported a suspicious individual attempting to enter the building earlier today. Please ensure your doors are locked and avoid letting in anyone you do not recognize until further notice.
 
 Building Management, Green Meadows Society",Other,HIGH,Synthetic,"Suspicious Person Reported in the Building Dear Residents,
 
 Security reported a suspicious individual attempting to enter the building earlier today. Please ensure your doors are locked and avoid letting in anyone you do not recognize until further notice.
 
 Building Management, Green Meadows Society",suspicious person reported building dear resident security reported suspicious individual attempting to enter building earlier today please ensure door locked avoid letting anyone not recognize until notice building management green meadow society
H248,landlord.rajesh@gmail.example,nupur@iris-mail.com,Gas Cylinder Delivery Issue - Need You Home,"Hi Nupur,
 
 The gas delivery agency called saying there was an issue with the last cylinder delivered and they need someone home today to exchange it, since a small leak was reported by another tenant with the same batch.
 
 Rajesh",Other,HIGH,Synthetic,"Gas Cylinder Delivery Issue - Need You Home Hi Nupur,
 
 The gas delivery agency called saying there was an issue with the last cylinder delivered and they need someone home today to exchange it, since a small leak was reported by another tenant with the same batch.
 
 Rajesh",gas cylinder delivery issue - need home hi nupur gas delivery agency called saying issue last cylinder delivered need someone home today to exchange since small leak reported by another tenant batch rajesh
H249,facilities@greenmeadows.example,nupur@iris-mail.com,Water Contamination Follow-Up - Do Not Use Yet,"Dear Residents,
 
 Following yesterday's contamination alert, testing shows the water is still not safe for drinking or cooking. Please continue avoiding tap water until we send the all clear, expected sometime tomorrow.
 
 Facilities Management",Other,HIGH,Synthetic,"Water Contamination Follow-Up - Do Not Use Yet Dear Residents,
 
 Following yesterday's contamination alert, testing shows the water is still not safe for drinking or cooking. Please continue avoiding tap water until we send the all clear, expected sometime tomorrow.
 
 Facilities Management",water contamination follow-up - not use yet dear resident following yesterday contamination alert testing show water still not safe drinking cooking please continue avoiding tap water until send clear expected sometime tomorrow facility management
H250,dad@family.example,nupur@iris-mail.com,"Neighbor's Wall Collapsed, Need Help Today","Hi Nupur,
 
 Part of the boundary wall near the neighbor's house collapsed after last night's rain and it is partially blocking our lane. Could you check with the society office today about getting it cleared before it becomes a bigger issue?
 
 Dad",Other,HIGH,Synthetic,"Neighbor's Wall Collapsed, Need Help Today Hi Nupur,
 
 Part of the boundary wall near the neighbor's house collapsed after last night's rain and it is partially blocking our lane. Could you check with the society office today about getting it cleared before it becomes a bigger issue?
 
 Dad",neighbor wall collapsed need help today hi nupur part boundary wall near neighbor house collapsed after last night rain partially blocking lane could check society office today getting cleared before becomes bigger issue dad
M001,hr@nexova.example,nupur@iris-mail.com,Thank You for Applying,"Hi Nupur,
 
 Thank you for applying to the Software Intern position at Nexova Technologies. Our team is currently reviewing applications and will get back to shortlisted candidates within the next two weeks. We appreciate your patience during this process.
 
 Regards,
 Recruitment Team, Nexova Technologies",Job/Internship,MEDIUM,Synthetic,"Thank You for Applying Hi Nupur,
 
 Thank you for applying to the Software Intern position at Nexova Technologies. Our team is currently reviewing applications and will get back to shortlisted candidates within the next two weeks. We appreciate your patience during this process.
 
 Regards,
 Recruitment Team, Nexova Technologies",thank applying hi nupur thank applying to software intern position at nexova technology team currently reviewing application get back to shortlisted candidate within next two week appreciate patience during process regard recruitment team nexova technology
M002,careers@vertexlabs.example,nupur@iris-mail.com,We Would Like to Schedule an Interview,"Dear Nupur,
 
 We were impressed with your resume and would like to schedule a short interview sometime next week. Please let us know which day and time generally works best for you, and we will confirm a slot accordingly.
 
 Best,
 HR, Vertex Labs",Job/Internship,MEDIUM,Synthetic,"We Would Like to Schedule an Interview Dear Nupur,
 
 We were impressed with your resume and would like to schedule a short interview sometime next week. Please let us know which day and time generally works best for you, and we will confirm a slot accordingly.
 
 Best,
 HR, Vertex Labs",would like to schedule interview dear nupur impressed resume would like to schedule short interview sometime next week please let u know day time generally work best confirm slot accordingly best hr vertex lab
M003,placement@nirmaya.edu,nupur@iris-mail.com,Resume Building Workshop Registration Open,"Dear Students,
 
 The placement cell is organizing a resume building workshop later this month to help you prepare for the upcoming recruitment season. Registration is open on the student portal for anyone interested in attending.
 
 Placement Cell, Nirmaya Institute",Job/Internship,MEDIUM,Synthetic,"Resume Building Workshop Registration Open Dear Students,
 
 The placement cell is organizing a resume building workshop later this month to help you prepare for the upcoming recruitment season. Registration is open on the student portal for anyone interested in attending.
 
 Placement Cell, Nirmaya Institute",resume building workshop registration open dear student placement cell organizing resume building workshop later month to help prepare upcoming recruitment season registration open on student portal anyone interested attending placement cell nirmaya institute
M004,karan.hr@cloudberry.example,nupur@iris-mail.com,Feedback on Your Internship Performance,"Hi Nupur,
 
 Your mentor shared some feedback on your work over the past month, overall it has been positive with a few areas to improve. I have attached the notes for your reference, feel free to go through them whenever convenient and let me know if you have questions.
 
 Karan",Job/Internship,MEDIUM,Synthetic,"Feedback on Your Internship Performance Hi Nupur,
 
 Your mentor shared some feedback on your work over the past month, overall it has been positive with a few areas to improve. I have attached the notes for your reference, feel free to go through them whenever convenient and let me know if you have questions.
 
 Karan",feedback on internship performance hi nupur mentor shared feedback on work over past month overall positive area to improve attached note reference feel free to go whenever convenient let know question karan
M005,hrbp@orchidconsulting.example,nupur@iris-mail.com,Update on Your Application Status,"Hi Nupur,
 
 Just wanted to update you that your application is still being reviewed by the hiring team. We do not have a definite timeline yet but expect to move forward with next steps sometime in the coming weeks.
 
 Talent Team, Orchid Consulting",Job/Internship,MEDIUM,Synthetic,"Update on Your Application Status Hi Nupur,
 
 Just wanted to update you that your application is still being reviewed by the hiring team. We do not have a definite timeline yet but expect to move forward with next steps sometime in the coming weeks.
 
 Talent Team, Orchid Consulting",update on application status hi nupur wanted to update application still reviewed by hiring team not definite timeline yet expect to move forward next step sometime coming week talent team orchid consulting
M006,internships@internhub.example,nupur@iris-mail.com,New Internships Matching Your Profile,"Hi Nupur,
 
 Based on your profile, a few new internship listings in data analytics and web development have been posted this week. You can browse and apply to them at your convenience through your InternHub dashboard.
 
 Team InternHub",Job/Internship,MEDIUM,Synthetic,"New Internships Matching Your Profile Hi Nupur,
 
 Based on your profile, a few new internship listings in data analytics and web development have been posted this week. You can browse and apply to them at your convenience through your InternHub dashboard.
 
 Team InternHub",new internship matching profile hi nupur based on profile new internship listing data analytics web development posted week browse apply to at convenience internhub dashboard team internhub
M007,sneha.talent@finlyst.example,nupur@iris-mail.com,Following Up on Our Earlier Conversation,"Hi Nupur,
 
 It has been a couple of weeks since we last spoke about the analyst role. We are still finalizing the shortlist and wanted to check if you are still interested in being considered when we move to the next round.
 
 Thanks,
 Sneha, Talent Acquisition, Finlyst",Job/Internship,MEDIUM,Synthetic,"Following Up on Our Earlier Conversation Hi Nupur,
 
 It has been a couple of weeks since we last spoke about the analyst role. We are still finalizing the shortlist and wanted to check if you are still interested in being considered when we move to the next round.
 
 Thanks,
 Sneha, Talent Acquisition, Finlyst",following on earlier conversation hi nupur couple week since last spoke analyst role still finalizing shortlist wanted to check still interested considered move to next round thanks sneha talent acquisition finlyst
M008,careers@vertexlabs.example,nupur@iris-mail.com,Internship Certificate Request Received,"Dear Nupur,
 
 We have received your request for an internship completion certificate. It usually takes about a week to process such requests. We will email the certificate to you once it has been signed and issued by HR.
 
 Regards,
 HR, Vertex Labs",Job/Internship,MEDIUM,Synthetic,"Internship Certificate Request Received Dear Nupur,
 
 We have received your request for an internship completion certificate. It usually takes about a week to process such requests. We will email the certificate to you once it has been signed and issued by HR.
 
 Regards,
 HR, Vertex Labs",internship certificate request received dear nupur received request internship completion certificate usually take week to process request email certificate to signed issued by hr regard hr vertex lab
M009,alumni@nirmaya.edu,nupur@iris-mail.com,Alumni Mentorship Program - Sign Up,"Dear Students,
 
 The alumni association is starting a mentorship program connecting current students with graduates working in various industries. If you would like a mentor to guide you on career planning, you can sign up through the link on the college website.
 
 Alumni Relations, Nirmaya Institute",Job/Internship,MEDIUM,Synthetic,"Alumni Mentorship Program - Sign Up Dear Students,
 
 The alumni association is starting a mentorship program connecting current students with graduates working in various industries. If you would like a mentor to guide you on career planning, you can sign up through the link on the college website.
 
 Alumni Relations, Nirmaya Institute",alumnus mentorship program - sign dear student alumnus association starting mentorship program connecting current student graduate working various industry would like mentor to guide on career planning sign link on college website alumnus relation nirmaya institute
M010,priya.hr@cloudberry.example,nupur@iris-mail.com,Regarding Your Offer Letter Query,"Hi Nupur,
 
 Thanks for reaching out about the clause in your offer letter. I have checked with the legal team and will get back to you with a clear answer in the next few days, there is no immediate action needed from your side right now.
 
 Priya, HR, Cloudberry Systems",Job/Internship,MEDIUM,Synthetic,"Regarding Your Offer Letter Query Hi Nupur,
 
 Thanks for reaching out about the clause in your offer letter. I have checked with the legal team and will get back to you with a clear answer in the next few days, there is no immediate action needed from your side right now.
 
 Priya, HR, Cloudberry Systems",regarding offer letter query hi nupur thanks reaching clause offer letter checked legal team get back to clear answer next day no immediate action needed from side right priya hr cloudberry system
M011,rohit.manager@orchidconsulting.example,nupur@iris-mail.com,Notes From Our Chat Last Week,"Hi Nupur,
 
 It was nice speaking with you last week about the role. I wanted to share a few resources that might help you prepare in case you move to the next round, no rush, just thought these might be useful for you to look through.
 
 Rohit",Job/Internship,MEDIUM,Synthetic,"Notes From Our Chat Last Week Hi Nupur,
 
 It was nice speaking with you last week about the role. I wanted to share a few resources that might help you prepare in case you move to the next round, no rush, just thought these might be useful for you to look through.
 
 Rohit",note from chat last week hi nupur nice speaking last week role wanted to share resource might help prepare case move to next round no rush thought might useful to look rohit
M012,webinars@careerlaunch.example,nupur@iris-mail.com,Webinar on Resume Writing Next Friday,"Hi Nupur,
 
 We are hosting a free webinar on writing an effective resume for tech roles next Friday evening. It covers common mistakes and tips from recruiters. You can register anytime before the session if you are interested.
 
 CareerLaunch Team",Job/Internship,MEDIUM,Synthetic,"Webinar on Resume Writing Next Friday Hi Nupur,
 
 We are hosting a free webinar on writing an effective resume for tech roles next Friday evening. It covers common mistakes and tips from recruiters. You can register anytime before the session if you are interested.
 
 CareerLaunch Team",webinar on resume writing next friday hi nupur hosting free webinar on writing effective resume tech role next friday evening cover common mistake tip from recruiter register anytime before session interested careerlaunch team
M013,hrbp@orchidconsulting.example,nupur@iris-mail.com,Reference Check Coordination,"Hi Nupur,
 
 As part of the hiring process, we will be reaching out to the references you provided sometime over the next two weeks. There is nothing you need to do right now, we just wanted to keep you informed of the timeline.
 
 Talent Team, Orchid Consulting",Job/Internship,MEDIUM,Synthetic,"Reference Check Coordination Hi Nupur,
 
 As part of the hiring process, we will be reaching out to the references you provided sometime over the next two weeks. There is nothing you need to do right now, we just wanted to keep you informed of the timeline.
 
 Talent Team, Orchid Consulting",reference check coordination hi nupur part hiring process reaching to reference provided sometime over next two week nothing need to right wanted to keep informed timeline talent team orchid consulting
M014,placement@nirmaya.edu,nupur@iris-mail.com,List of Companies Visiting Next Semester,"Dear Students,
 
 We have compiled a tentative list of companies planning to visit campus next semester for placements. The list has been shared on the notice board and portal so you can start preparing for the ones relevant to your field.
 
 Placement Cell, Nirmaya Institute",Job/Internship,MEDIUM,Synthetic,"List of Companies Visiting Next Semester Dear Students,
 
 We have compiled a tentative list of companies planning to visit campus next semester for placements. The list has been shared on the notice board and portal so you can start preparing for the ones relevant to your field.
 
 Placement Cell, Nirmaya Institute",list company visiting next semester dear student compiled tentative list company planning to visit campus next semester placement list shared on notice board portal start preparing one relevant to field placement cell nirmaya institute
M015,hr@nexova.example,nupur@iris-mail.com,Update on Your Interview Feedback,"Hi Nupur,
 
 Thanks for attending the interview last week. The panel is still discussing feedback internally and we expect to share an update with you sometime in the next ten days. We appreciate your patience in the meantime.
 
 Regards,
 Recruitment Team, Nexova Technologies",Job/Internship,MEDIUM,Synthetic,"Update on Your Interview Feedback Hi Nupur,
 
 Thanks for attending the interview last week. The panel is still discussing feedback internally and we expect to share an update with you sometime in the next ten days. We appreciate your patience in the meantime.
 
 Regards,
 Recruitment Team, Nexova Technologies",update on interview feedback hi nupur thanks attending interview last week panel still discussing feedback internally expect to share update sometime next ten day appreciate patience meantime regard recruitment team nexova technology
M016,anil.rao@nirmaya.edu,nupur@iris-mail.com,Project Guidelines Uploaded,"Dear Students,
 
 I have uploaded the detailed guidelines for the semester project on the portal. Please go through them before we begin the submission cycle next month, and note down any questions you may have for our next class discussion.
 
 Dr. Anil Rao",Academic,MEDIUM,Synthetic,"Project Guidelines Uploaded Dear Students,
 
 I have uploaded the detailed guidelines for the semester project on the portal. Please go through them before we begin the submission cycle next month, and note down any questions you may have for our next class discussion.
 
 Dr. Anil Rao",project guideline uploaded dear student uploaded detailed guideline semester project on portal please go before begin submission cycle next month note question may next class discussion dr anil rao
M017,examcell@nirmaya.edu,nupur@iris-mail.com,Tentative Exam Schedule Released,"Dear Students,
 
 The tentative schedule for the end semester examinations has been published on the portal. Please review your subject wise dates and let the exam cell know if you notice any clashes so they can be corrected before the final schedule is issued.
 
 Examination Section, Nirmaya Institute",Academic,MEDIUM,Synthetic,"Tentative Exam Schedule Released Dear Students,
 
 The tentative schedule for the end semester examinations has been published on the portal. Please review your subject wise dates and let the exam cell know if you notice any clashes so they can be corrected before the final schedule is issued.
 
 Examination Section, Nirmaya Institute",tentative exam schedule released dear student tentative schedule end semester examination published on portal please review subject wise date let exam cell know notice clash corrected before final schedule issued examination section nirmaya institute
M018,anil.rao@nirmaya.edu,nupur@iris-mail.com,Re: Project Guidelines - Group Formation,"Hi Nupur,
 
 Following up on the guidelines shared earlier, please finalize your project group by the end of this week so I can start assigning guides. There is still some time before the actual work needs to begin.
 
 Dr. Anil Rao",Academic,MEDIUM,Synthetic,"Re: Project Guidelines - Group Formation Hi Nupur,
 
 Following up on the guidelines shared earlier, please finalize your project group by the end of this week so I can start assigning guides. There is still some time before the actual work needs to begin.
 
 Dr. Anil Rao",: project guideline - group formation hi nupur following on guideline shared earlier please finalize project group by end week start assigning guide still time before actual work need to begin dr anil rao
M019,library@nirmaya.edu,nupur@iris-mail.com,Book Return Reminder,"Dear Nupur,
 
 This is a reminder that the book you borrowed from the library is due for return in five days. You can renew it online through the library portal if you need more time to finish reading it.
 
 Library, Nirmaya Institute",Academic,MEDIUM,Synthetic,"Book Return Reminder Dear Nupur,
 
 This is a reminder that the book you borrowed from the library is due for return in five days. You can renew it online through the library portal if you need more time to finish reading it.
 
 Library, Nirmaya Institute",book return reminder dear nupur reminder book borrowed from library due return five day renew online library portal need time to finish reading library nirmaya institute
M020,vandana.shah@nirmaya.edu,nupur@iris-mail.com,Thesis Discussion - Next Available Slot,"Hi Nupur,
 
 I have a free slot next Tuesday afternoon if you would like to discuss your thesis progress in person. It is not compulsory but I think it would help clarify a few things before you go further with the analysis chapter.
 
 Dr. Vandana Shah",Academic,MEDIUM,Synthetic,"Thesis Discussion - Next Available Slot Hi Nupur,
 
 I have a free slot next Tuesday afternoon if you would like to discuss your thesis progress in person. It is not compulsory but I think it would help clarify a few things before you go further with the analysis chapter.
 
 Dr. Vandana Shah",thesis discussion - next available slot hi nupur free slot next tuesday afternoon would like to discus thesis progress person not compulsory think would help clarify thing before go analysis chapter dr vandana shah
M021,academics@nirmaya.edu,nupur@iris-mail.com,Elective Subject Selection Open,"Dear Students,
 
 The window for selecting your elective subjects for next semester is now open on the ERP portal. Please make your selections before the semester begins so your timetable can be generated accordingly.
 
 Academic Office, Nirmaya Institute",Academic,MEDIUM,Synthetic,"Elective Subject Selection Open Dear Students,
 
 The window for selecting your elective subjects for next semester is now open on the ERP portal. Please make your selections before the semester begins so your timetable can be generated accordingly.
 
 Academic Office, Nirmaya Institute",elective subject selection open dear student window selecting elective subject next semester open on erp portal please make selection before semester begin timetable generated accordingly academic office nirmaya institute
M022,ayesha.friend@gmail.example,nupur@iris-mail.com,Notes From Today's Lecture,"Hi Nupur,
 
 Since you missed today's class, I am sharing my notes from the lecture on normalization. Nothing urgent, just wanted to make sure you have them before the next class in case sir refers back to today's topics.
 
 Ayesha",Academic,MEDIUM,Synthetic,"Notes From Today's Lecture Hi Nupur,
 
 Since you missed today's class, I am sharing my notes from the lecture on normalization. Nothing urgent, just wanted to make sure you have them before the next class in case sir refers back to today's topics.
 
 Ayesha",note from today lecture hi nupur since missed today class am sharing note from lecture on normalization nothing urgent wanted to make sure before next class case sir refers back to today topic ayesha
M023,labincharge@nirmaya.edu,nupur@iris-mail.com,Lab Timetable Change Notice,"Dear Students,
 
 Please note that the DBMS lab sessions have been moved to Thursday afternoons starting next week due to a room allocation change. Update your schedules accordingly, there is no change to the syllabus or evaluation pattern.
 
 Lab Instructor, Nirmaya Institute",Academic,MEDIUM,Synthetic,"Lab Timetable Change Notice Dear Students,
 
 Please note that the DBMS lab sessions have been moved to Thursday afternoons starting next week due to a room allocation change. Update your schedules accordingly, there is no change to the syllabus or evaluation pattern.
 
 Lab Instructor, Nirmaya Institute",lab timetable change notice dear student please note dbms lab session moved to thursday afternoon starting next week due to room allocation change update schedule accordingly no change to syllabus evaluation pattern lab instructor nirmaya institute
M024,scholarships@nirmaya.edu,nupur@iris-mail.com,New Scholarship Scheme Announced,"Dear Students,
 
 A new state government scholarship scheme has been announced for students from certain categories. Details and eligibility criteria have been posted on the notice board. Interested students can collect the application form from the scholarship cell over the next few weeks.
 
 Scholarship Cell, Nirmaya Institute",Academic,MEDIUM,Synthetic,"New Scholarship Scheme Announced Dear Students,
 
 A new state government scholarship scheme has been announced for students from certain categories. Details and eligibility criteria have been posted on the notice board. Interested students can collect the application form from the scholarship cell over the next few weeks.
 
 Scholarship Cell, Nirmaya Institute",new scholarship scheme announced dear student new state government scholarship scheme announced student from certain category detail eligibility criterion posted on notice board interested student collect application form from scholarship cell over next week scholarship cell nirmaya institute
M025,rohan.classmate@gmail.example,nupur@iris-mail.com,Seminar Slides - No Rush,"Hi Nupur,
 
 Whenever you get a chance, could you send over the slides from your part of the seminar last month? A junior asked me for reference material and I thought your section explained the concept well.
 
 Rohan",Academic,MEDIUM,Synthetic,"Seminar Slides - No Rush Hi Nupur,
 
 Whenever you get a chance, could you send over the slides from your part of the seminar last month? A junior asked me for reference material and I thought your section explained the concept well.
 
 Rohan",seminar slide - no rush hi nupur whenever get chance could send over slide from part seminar last month junior asked reference material thought section explained concept well rohan
M026,examcell@nirmaya.edu,nupur@iris-mail.com,Internal Assessment Marks Published,"Dear Students,
 
 Internal assessment marks for this semester have been published on the portal. Please check your marks and reach out to the respective faculty within the next two weeks if you notice any discrepancy.
 
 Exam Coordinator, Nirmaya Institute",Academic,MEDIUM,Synthetic,"Internal Assessment Marks Published Dear Students,
 
 Internal assessment marks for this semester have been published on the portal. Please check your marks and reach out to the respective faculty within the next two weeks if you notice any discrepancy.
 
 Exam Coordinator, Nirmaya Institute",internal assessment mark published dear student internal assessment mark semester published on portal please check mark reach to respective faculty within next two week notice discrepancy exam coordinator nirmaya institute
M027,anil.rao@nirmaya.edu,nupur@iris-mail.com,Re: Group Formation Confirmed,"Hi Nupur,
 
 Thanks for sending your group details. I have assigned guides based on the topics chosen. We will have our first meeting sometime after the mid semester break, I will share the exact date closer to that time.
 
 Dr. Anil Rao",Academic,MEDIUM,Synthetic,"Re: Group Formation Confirmed Hi Nupur,
 
 Thanks for sending your group details. I have assigned guides based on the topics chosen. We will have our first meeting sometime after the mid semester break, I will share the exact date closer to that time.
 
 Dr. Anil Rao",: group formation confirmed hi nupur thanks sending group detail assigned guide based on topic chosen first meeting sometime after mid semester break share exact date closer to time dr anil rao
M028,hostelcommittee@nirmaya.edu,nupur@iris-mail.com,Hostel Room Allotment for Next Year,"Dear Students,
 
 The process for hostel room allotment for the next academic year will begin soon. Please fill out your preferences on the portal whenever convenient before the deadline mentioned in the notice, there is still ample time before it closes.
 
 Hostel Committee, Nirmaya Institute",Academic,MEDIUM,Synthetic,"Hostel Room Allotment for Next Year Dear Students,
 
 The process for hostel room allotment for the next academic year will begin soon. Please fill out your preferences on the portal whenever convenient before the deadline mentioned in the notice, there is still ample time before it closes.
 
 Hostel Committee, Nirmaya Institute",hostel room allotment next year dear student process hostel room allotment next academic year begin soon please fill preference on portal whenever convenient before deadline mentioned notice still ample time before close hostel committee nirmaya institute
M029,sportsoffice@nirmaya.edu,nupur@iris-mail.com,Inter-College Sports Meet Registrations,"Dear Students,
 
 Registrations are open for the upcoming inter college sports meet. Students interested in participating in any event can register through the sports office over the next couple of weeks before the final list is prepared.
 
 Sports Office, Nirmaya Institute",Academic,MEDIUM,Synthetic,"Inter-College Sports Meet Registrations Dear Students,
 
 Registrations are open for the upcoming inter college sports meet. Students interested in participating in any event can register through the sports office over the next couple of weeks before the final list is prepared.
 
 Sports Office, Nirmaya Institute",inter-college sport meet registration dear student registration open upcoming inter college sport meet student interested participating event register sport office over next couple week before final list prepared sport office nirmaya institute
M030,meenakshi.iyer@nirmaya.edu,nupur@iris-mail.com,Class Test Postponed by a Few Days,"Dear Students,
 
 The class test originally planned for this Friday has been postponed by a few days due to a faculty meeting. The new date will be announced in the next class, please continue preparing as per the original syllabus coverage.
 
 Dr. Meenakshi Iyer",Academic,MEDIUM,Synthetic,"Class Test Postponed by a Few Days Dear Students,
 
 The class test originally planned for this Friday has been postponed by a few days due to a faculty meeting. The new date will be announced in the next class, please continue preparing as per the original syllabus coverage.
 
 Dr. Meenakshi Iyer",class test postponed by day dear student class test originally planned friday postponed by day due to faculty meeting new date announced next class please continue preparing per original syllabus coverage dr meenakshi iyer
M031,vikram.lead@cloudberry.example,nupur@iris-mail.com,Project Update - Sprint Planning Notes,"Hi Nupur,
 
 Sharing the notes from today's sprint planning meeting for your reference. Your tasks for this sprint are listed under the backend module. Let me know if you have questions before we start, otherwise we can discuss during the daily standup.
 
 Thanks,
 Vikram",Work/Project,MEDIUM,Synthetic,"Project Update - Sprint Planning Notes Hi Nupur,
 
 Sharing the notes from today's sprint planning meeting for your reference. Your tasks for this sprint are listed under the backend module. Let me know if you have questions before we start, otherwise we can discuss during the daily standup.
 
 Thanks,
 Vikram",project update - sprint planning note hi nupur sharing note from today sprint planning meeting reference task sprint listed under backend module let know question before start otherwise discus during daily standup thanks vikram
M032,priyanka.finance@cloudberry.example,nupur@iris-mail.com,Monthly Report Format Updated,"Hi Nupur,
 
 We have made a few changes to the monthly report template based on feedback from last quarter. Please use the new format starting next cycle, there is no need to redo the previous reports.
 
 Priyanka",Work/Project,MEDIUM,Synthetic,"Monthly Report Format Updated Hi Nupur,
 
 We have made a few changes to the monthly report template based on feedback from last quarter. Please use the new format starting next cycle, there is no need to redo the previous reports.
 
 Priyanka",monthly report format updated hi nupur made change to monthly report template based on feedback from last quarter please use new format starting next cycle no need to redo previous report priyanka
M033,anita.qa@cloudberry.example,nupur@iris-mail.com,QA Feedback on Your Recent Build,"Hi Nupur,
 
 I tested the latest build and noted a few minor UI inconsistencies in the settings page. Nothing that blocks release, but it would be good to address them whenever you get some free time in the coming sprint.
 
 Anita",Work/Project,MEDIUM,Synthetic,"QA Feedback on Your Recent Build Hi Nupur,
 
 I tested the latest build and noted a few minor UI inconsistencies in the settings page. Nothing that blocks release, but it would be good to address them whenever you get some free time in the coming sprint.
 
 Anita",qa feedback on recent build hi nupur tested latest build noted minor ui inconsistency setting page nothing block release would good to address whenever get free time coming sprint anita
M034,pm@cloudberry.example,nupur@iris-mail.com,Team Retrospective Notes Shared,"Hi Team,
 
 Sharing the notes from this week's retrospective meeting. A few action items have been assigned, please take a look and update your progress before our next retrospective in two weeks.
 
 Project Manager, Cloudberry Systems",Work/Project,MEDIUM,Synthetic,"Team Retrospective Notes Shared Hi Team,
 
 Sharing the notes from this week's retrospective meeting. A few action items have been assigned, please take a look and update your progress before our next retrospective in two weeks.
 
 Project Manager, Cloudberry Systems",team retrospective note shared hi team sharing note from week retrospective meeting action item assigned please take look update progress before next retrospective two week project manager cloudberry system
M035,alok.legal@cloudberry.example,nupur@iris-mail.com,Standard NDA Template for Reference,"Hi Nupur,
 
 Attaching the standard NDA template we use for new vendor engagements, in case you need it for the partnership you mentioned. No action needed right now, just keeping it handy for whenever the discussion moves forward.
 
 Best,
 Alok",Work/Project,MEDIUM,Synthetic,"Standard NDA Template for Reference Hi Nupur,
 
 Attaching the standard NDA template we use for new vendor engagements, in case you need it for the partnership you mentioned. No action needed right now, just keeping it handy for whenever the discussion moves forward.
 
 Best,
 Alok",standard nda template reference hi nupur attaching standard nda template use new vendor engagement case need partnership mentioned no action needed right keeping handy whenever discussion move forward best alok
M036,ramesh.vp@cloudberry.example,nupur@iris-mail.com,Good Work on the Client Presentation,"Hi Nupur,
 
 Wanted to say the client presentation last week went well and they had positive feedback about the demo. We will likely have a follow up call sometime next month to discuss the next phase, I will keep you posted.
 
 Regards,
 Ramesh",Work/Project,MEDIUM,Synthetic,"Good Work on the Client Presentation Hi Nupur,
 
 Wanted to say the client presentation last week went well and they had positive feedback about the demo. We will likely have a follow up call sometime next month to discuss the next phase, I will keep you posted.
 
 Regards,
 Ramesh",good work on client presentation hi nupur wanted to say client presentation last week went well positive feedback demo likely follow call sometime next month to discus next phase keep posted regard ramesh
M037,release@cloudberry.example,nupur@iris-mail.com,Upcoming Release Schedule,"Hi Team,
 
 Sharing the tentative release schedule for the next two months. Please review the dates assigned to your modules and flag any conflicts with your other commitments so we can adjust the plan if needed.
 
 Release Manager, Cloudberry Systems",Work/Project,MEDIUM,Synthetic,"Upcoming Release Schedule Hi Team,
 
 Sharing the tentative release schedule for the next two months. Please review the dates assigned to your modules and flag any conflicts with your other commitments so we can adjust the plan if needed.
 
 Release Manager, Cloudberry Systems",upcoming release schedule hi team sharing tentative release schedule next two month please review date assigned to module flag conflict commitment adjust plan needed release manager cloudberry system
M038,kunal.colleague@gmail.example,nupur@iris-mail.com,Thanks for Covering My Shift,"Hey Nupur,
 
 Just wanted to properly thank you for covering my shift last week, it really helped given everything going on with my dad. Let me know if there is ever anything I can do to return the favor.
 
 Kunal",Work/Project,MEDIUM,Synthetic,"Thanks for Covering My Shift Hey Nupur,
 
 Just wanted to properly thank you for covering my shift last week, it really helped given everything going on with my dad. Let me know if there is ever anything I can do to return the favor.
 
 Kunal",thanks covering shift hey nupur wanted to properly thank covering shift last week really helped given everything going on dad let know ever anything to return favor kunal
M039,compliance@cloudberry.example,nupur@iris-mail.com,Annual Compliance Training Reminder,"Dear Nupur,
 
 This is a reminder that the annual compliance training module is available on the learning portal. Please complete it sometime before the end of the quarter, it takes about 30 minutes and can be done at your own pace.
 
 Compliance Office, Cloudberry Systems",Work/Project,MEDIUM,Synthetic,"Annual Compliance Training Reminder Dear Nupur,
 
 This is a reminder that the annual compliance training module is available on the learning portal. Please complete it sometime before the end of the quarter, it takes about 30 minutes and can be done at your own pace.
 
 Compliance Office, Cloudberry Systems",annual compliance training reminder dear nupur reminder annual compliance training module available on learning portal please complete sometime before end quarter take 30 minute done at pace compliance office cloudberry system
M040,marketing@cloudberry.example,nupur@iris-mail.com,Draft Brochure for Your Review,"Hi Nupur,
 
 Sharing the first draft of the new product brochure for your review. Feel free to suggest edits whenever you have time this week, we are not finalizing it until after we hear back from a few other reviewers as well.
 
 Marketing Team, Cloudberry Systems",Work/Project,MEDIUM,Synthetic,"Draft Brochure for Your Review Hi Nupur,
 
 Sharing the first draft of the new product brochure for your review. Feel free to suggest edits whenever you have time this week, we are not finalizing it until after we hear back from a few other reviewers as well.
 
 Marketing Team, Cloudberry Systems",draft brochure review hi nupur sharing first draft new product brochure review feel free to suggest edits whenever time week not finalizing until after hear back from reviewer well marketing team cloudberry system
M041,hrbp@cloudberry.example,nupur@iris-mail.com,Upcoming Appraisal Cycle Timeline,"Hi Nupur,
 
 Just sharing the tentative timeline for the upcoming appraisal cycle. Self assessment forms will open next month, and your manager will schedule individual review meetings closer to that time. No action is needed from you right now.
 
 HRBP Team, Cloudberry Systems",Work/Project,MEDIUM,Synthetic,"Upcoming Appraisal Cycle Timeline Hi Nupur,
 
 Just sharing the tentative timeline for the upcoming appraisal cycle. Self assessment forms will open next month, and your manager will schedule individual review meetings closer to that time. No action is needed from you right now.
 
 HRBP Team, Cloudberry Systems",upcoming appraisal cycle timeline hi nupur sharing tentative timeline upcoming appraisal cycle self assessment form open next month manager schedule individual review meeting closer to time no action needed from right hrbp team cloudberry system
M042,suresh.vendor@partsupply.example,nupur@iris-mail.com,Quotation for Next Order,"Hi Nupur,
 
 Attaching the quotation for the next batch of components as discussed. Please review it whenever convenient and let us know if you would like any changes to the quantities before we proceed with the order.
 
 Regards,
 Suresh",Work/Project,MEDIUM,Synthetic,"Quotation for Next Order Hi Nupur,
 
 Attaching the quotation for the next batch of components as discussed. Please review it whenever convenient and let us know if you would like any changes to the quantities before we proceed with the order.
 
 Regards,
 Suresh",quotation next order hi nupur attaching quotation next batch component discussed please review whenever convenient let u know would like change to quantity before proceed order regard suresh
M043,itsecurity@cloudberry.example,nupur@iris-mail.com,Reminder to Update Your System Password,"Hi Nupur,
 
 As part of our routine security practice, please update your system password sometime in the next two weeks. This is a standard reminder sent to all employees and is not related to any specific incident on your account.
 
 IT Security, Cloudberry Systems",Work/Project,MEDIUM,Synthetic,"Reminder to Update Your System Password Hi Nupur,
 
 As part of our routine security practice, please update your system password sometime in the next two weeks. This is a standard reminder sent to all employees and is not related to any specific incident on your account.
 
 IT Security, Cloudberry Systems",reminder to update system password hi nupur part routine security practice please update system password sometime next two week standard reminder sent to employee not related to specific incident on account security cloudberry system
M044,vikram.lead@cloudberry.example,nupur@iris-mail.com,Re: Sprint Planning - Task Reassignment,"Hi Nupur,
 
 Following up on the sprint plan, I have moved one of the backend tasks to next sprint since it depends on an API that is still being built. Your current workload for this sprint remains the same otherwise.
 
 Vikram",Work/Project,MEDIUM,Synthetic,"Re: Sprint Planning - Task Reassignment Hi Nupur,
 
 Following up on the sprint plan, I have moved one of the backend tasks to next sprint since it depends on an API that is still being built. Your current workload for this sprint remains the same otherwise.
 
 Vikram",: sprint planning - task reassignment hi nupur following on sprint plan moved one backend task to next sprint since depends on api still built current workload sprint remains otherwise vikram
M045,training@cloudberry.example,nupur@iris-mail.com,New Learning Modules Available,"Hi Nupur,
 
 A few new technical learning modules have been added to the internal training platform this month, including one on cloud deployment basics. Feel free to explore them at your own pace whenever you have some spare time.
 
 Learning and Development, Cloudberry Systems",Work/Project,MEDIUM,Synthetic,"New Learning Modules Available Hi Nupur,
 
 A few new technical learning modules have been added to the internal training platform this month, including one on cloud deployment basics. Feel free to explore them at your own pace whenever you have some spare time.
 
 Learning and Development, Cloudberry Systems",new learning module available hi nupur new technical learning module added to internal training platform month including one on cloud deployment basic feel free to explore at pace whenever spare time learning development cloudberry system
M046,anil.rao@nirmaya.edu,nupur@iris-mail.com,Project Review Meeting Next Week,"Dear Students,
 
 We will have a project review meeting next week to discuss progress so far. Please come prepared with a short update on your work. The exact day will be confirmed once I check the availability of all group members.
 
 Dr. Anil Rao",Meeting/Appointment,MEDIUM,Synthetic,"Project Review Meeting Next Week Dear Students,
 
 We will have a project review meeting next week to discuss progress so far. Please come prepared with a short update on your work. The exact day will be confirmed once I check the availability of all group members.
 
 Dr. Anil Rao",project review meeting next week dear student project review meeting next week to discus progress far please come prepared short update on work exact day confirmed check availability group member dr anil rao
M047,anil.rao@nirmaya.edu,nupur@iris-mail.com,Re: Project Review Meeting Next Week,"Dear Students,
 
 Confirming that the project review meeting will be held next Wednesday at 2 PM in the seminar room. Please bring your progress notes, this is a routine check in and not a formal evaluation.
 
 Dr. Anil Rao",Meeting/Appointment,MEDIUM,Synthetic,"Re: Project Review Meeting Next Week Dear Students,
 
 Confirming that the project review meeting will be held next Wednesday at 2 PM in the seminar room. Please bring your progress notes, this is a routine check in and not a formal evaluation.
 
 Dr. Anil Rao",: project review meeting next week dear student confirming project review meeting held next wednesday at 2 pm seminar room please bring progress note routine check not formal evaluation dr anil rao
M048,reception@wellnessclinic.example,nupur@iris-mail.com,Appointment Reminder for Next Week,"Hi Nupur,
 
 This is a reminder of your routine checkup appointment scheduled for next Tuesday at 5 PM with Dr. Kapoor. Please let us know if you would like to reschedule to a different day that suits you better.
 
 Reception, Wellness Clinic",Meeting/Appointment,MEDIUM,Synthetic,"Appointment Reminder for Next Week Hi Nupur,
 
 This is a reminder of your routine checkup appointment scheduled for next Tuesday at 5 PM with Dr. Kapoor. Please let us know if you would like to reschedule to a different day that suits you better.
 
 Reception, Wellness Clinic",appointment reminder next week hi nupur reminder routine checkup appointment scheduled next tuesday at 5 pm dr kapoor please let u know would like to reschedule to different day suit better reception wellness clinic
M049,hr@nexova.example,nupur@iris-mail.com,Scheduling a Follow-Up Call,"Hi Nupur,
 
 We would like to schedule a short follow up call sometime next week to discuss the role in more detail. Please share a couple of time slots that work for you and we will confirm accordingly.
 
 Recruitment Team, Nexova Technologies",Meeting/Appointment,MEDIUM,Synthetic,"Scheduling a Follow-Up Call Hi Nupur,
 
 We would like to schedule a short follow up call sometime next week to discuss the role in more detail. Please share a couple of time slots that work for you and we will confirm accordingly.
 
 Recruitment Team, Nexova Technologies",scheduling follow-up call hi nupur would like to schedule short follow call sometime next week to discus role detail please share couple time slot work confirm accordingly recruitment team nexova technology
M050,secretary@greenmeadows.example,nupur@iris-mail.com,Monthly Society Meeting Next Sunday,"Dear Residents,
 
 The regular monthly society meeting will be held next Sunday at 6 PM in the community hall. Topics include the upcoming maintenance schedule and festival celebrations. All residents are welcome to attend if interested.
 
 Secretary, Green Meadows Society",Meeting/Appointment,MEDIUM,Synthetic,"Monthly Society Meeting Next Sunday Dear Residents,
 
 The regular monthly society meeting will be held next Sunday at 6 PM in the community hall. Topics include the upcoming maintenance schedule and festival celebrations. All residents are welcome to attend if interested.
 
 Secretary, Green Meadows Society",monthly society meeting next sunday dear resident regular monthly society meeting held next sunday at 6 pm community hall topic include upcoming maintenance schedule festival celebration resident welcome to attend interested secretary green meadow society
M051,simran.friend@gmail.example,nupur@iris-mail.com,Let's Plan a Catch Up Soon,"Hey Nupur,
 
 It has been a while since we hung out properly. Are you free sometime next weekend? No specific plan yet, just thought we could grab coffee and catch up on everything happening lately.
 
 Simran",Meeting/Appointment,MEDIUM,Synthetic,"Let's Plan a Catch Up Soon Hey Nupur,
 
 It has been a while since we hung out properly. Are you free sometime next weekend? No specific plan yet, just thought we could grab coffee and catch up on everything happening lately.
 
 Simran",let plan catch soon hey nupur since hung properly free sometime next weekend no specific plan yet thought could grab coffee catch on everything happening lately simran
M052,classteacher@sunriseschool.example,nupur@iris-mail.com,Parent-Teacher Meeting Next Month,"Dear Parent,
 
 This is to inform you that the parent teacher meeting for this term has been scheduled for next month. Further details regarding the exact date and time slots will be shared closer to the date.
 
 Class Teacher, Sunrise School",Meeting/Appointment,MEDIUM,Synthetic,"Parent-Teacher Meeting Next Month Dear Parent,
 
 This is to inform you that the parent teacher meeting for this term has been scheduled for next month. Further details regarding the exact date and time slots will be shared closer to the date.
 
 Class Teacher, Sunrise School",parent-teacher meeting next month dear parent to inform parent teacher meeting term scheduled next month detail regarding exact date time slot shared closer to date class teacher sunrise school
M053,farhan.classmate@gmail.example,nupur@iris-mail.com,Group Study Session This Weekend,"Hi Nupur,
 
 A few of us are planning to meet this weekend to go over the syllabus together before exams start. Let me know if you would like to join, we have not fixed a time yet so your input is welcome.
 
 Farhan",Meeting/Appointment,MEDIUM,Synthetic,"Group Study Session This Weekend Hi Nupur,
 
 A few of us are planning to meet this weekend to go over the syllabus together before exams start. Let me know if you would like to join, we have not fixed a time yet so your input is welcome.
 
 Farhan",group study session weekend hi nupur u planning to meet weekend to go over syllabus together before exam start let know would like to join not fixed time yet input welcome farhan
M054,frontdesk@petcareclinic.example,nupur@iris-mail.com,Routine Vaccination Reminder,"Hi Nupur,
 
 Your dog is due for his routine vaccination sometime in the next three weeks. You can call the clinic to schedule a convenient appointment whenever suits you, there is a bit of flexibility in the timing.
 
 Front Desk, PetCare Clinic",Meeting/Appointment,MEDIUM,Synthetic,"Routine Vaccination Reminder Hi Nupur,
 
 Your dog is due for his routine vaccination sometime in the next three weeks. You can call the clinic to schedule a convenient appointment whenever suits you, there is a bit of flexibility in the timing.
 
 Front Desk, PetCare Clinic",routine vaccination reminder hi nupur dog due routine vaccination sometime next three week call clinic to schedule convenient appointment whenever suit bit flexibility timing front desk petcare clinic
M055,events@royalevents.example,nupur@iris-mail.com,Venue Visit Scheduling,"Hi Nupur,
 
 Following up on your inquiry about the wedding venue, we would like to schedule a visit sometime in the coming weeks. Let us know a few dates that work for your family so we can plan accordingly.
 
 Royal Events",Meeting/Appointment,MEDIUM,Synthetic,"Venue Visit Scheduling Hi Nupur,
 
 Following up on your inquiry about the wedding venue, we would like to schedule a visit sometime in the coming weeks. Let us know a few dates that work for your family so we can plan accordingly.
 
 Royal Events",venue visit scheduling hi nupur following on inquiry wedding venue would like to schedule visit sometime coming week let u know date work family plan accordingly royal event
M056,rohit.manager@orchidconsulting.example,nupur@iris-mail.com,Coffee Chat Next Time You're Free,"Hi Nupur,
 
 No agenda in particular, just thought it would be nice to catch up over coffee sometime in the next couple of weeks now that things have settled down a bit on my end. Let me know when works.
 
 Rohit",Meeting/Appointment,MEDIUM,Synthetic,"Coffee Chat Next Time You're Free Hi Nupur,
 
 No agenda in particular, just thought it would be nice to catch up over coffee sometime in the next couple of weeks now that things have settled down a bit on my end. Let me know when works.
 
 Rohit",coffee chat next time free hi nupur no agenda particular thought would nice to catch over coffee sometime next couple week thing settled bit on end let know work rohit
M057,dad@family.example,nupur@iris-mail.com,Family Dinner Planning,"Hi Nupur,
 
 Mom wants to plan a family dinner sometime next weekend since it has been a while since everyone got together. Let us know which day works better for you between Saturday and Sunday.
 
 Dad",Meeting/Appointment,MEDIUM,Synthetic,"Family Dinner Planning Hi Nupur,
 
 Mom wants to plan a family dinner sometime next weekend since it has been a while since everyone got together. Let us know which day works better for you between Saturday and Sunday.
 
 Dad",family dinner planning hi nupur mom want to plan family dinner sometime next weekend since since everyone got together let u know day work better between saturday sunday dad
M058,mom@family.example,nupur@iris-mail.com,How Are Your Exams Going,"Hi Nupur,
 
 Just checking in to see how your exam preparation is going. Let me know if you need anything sent over, and don't forget to eat properly during this busy period. Call whenever you get a free moment.
 
 Love,
 Mom",Personal,MEDIUM,Synthetic,"How Are Your Exams Going Hi Nupur,
 
 Just checking in to see how your exam preparation is going. Let me know if you need anything sent over, and don't forget to eat properly during this busy period. Call whenever you get a free moment.
 
 Love,
 Mom",exam going hi nupur checking to see exam preparation going let know need anything sent over forget to eat properly during busy period call whenever get free moment love mom
M059,ayesha.friend@gmail.example,nupur@iris-mail.com,Missed You at the Get-Together,"Hey Nupur,
 
 We missed you at the get together last weekend, hope everything is okay. Let me know when you are free next, would love to hear what has been keeping you so busy lately.
 
 Ayesha",Personal,MEDIUM,Synthetic,"Missed You at the Get-Together Hey Nupur,
 
 We missed you at the get together last weekend, hope everything is okay. Let me know when you are free next, would love to hear what has been keeping you so busy lately.
 
 Ayesha",missed at get-together hey nupur missed at get together last weekend hope everything okay let know free next would love to hear keeping busy lately ayesha
M060,rohan.cousin@gmail.example,nupur@iris-mail.com,Update on Sister's Baby Shopping,"Hey Nupur,
 
 Just sharing some updates on the baby shopping we have been doing, nothing urgent, just thought you would like to see the progress. Let me know if you want to add anything to the list.
 
 Rohan",Personal,MEDIUM,Synthetic,"Update on Sister's Baby Shopping Hey Nupur,
 
 Just sharing some updates on the baby shopping we have been doing, nothing urgent, just thought you would like to see the progress. Let me know if you want to add anything to the list.
 
 Rohan",update on sister baby shopping hey nupur sharing update on baby shopping nothing urgent thought would like to see progress let know want to add anything to list rohan
M061,dad@family.example,nupur@iris-mail.com,Thoughts on the New Apartment Listing,"Hi Nupur,
 
 I came across a nice apartment listing near your college that might be worth considering for next year. No rush on this, just wanted your opinion whenever you get a chance to look at the details.
 
 Dad",Personal,MEDIUM,Synthetic,"Thoughts on the New Apartment Listing Hi Nupur,
 
 I came across a nice apartment listing near your college that might be worth considering for next year. No rush on this, just wanted your opinion whenever you get a chance to look at the details.
 
 Dad",thought on new apartment listing hi nupur came across nice apartment listing near college might worth considering next year no rush on wanted opinion whenever get chance to look at detail dad
M062,suresh.uncle@gmail.example,nupur@iris-mail.com,Family Property Update - No Action Needed,"Hi Nupur,
 
 Just keeping everyone posted, the buyer discussion for the property is still ongoing and nothing has been finalized yet. Will let you all know once there is something concrete to decide on.
 
 Suresh",Personal,MEDIUM,Synthetic,"Family Property Update - No Action Needed Hi Nupur,
 
 Just keeping everyone posted, the buyer discussion for the property is still ongoing and nothing has been finalized yet. Will let you all know once there is something concrete to decide on.
 
 Suresh",family property update - no action needed hi nupur keeping everyone posted buyer discussion property still ongoing nothing finalized yet let know something concrete to decide on suresh
M063,kabir.neighbor@gmail.example,nupur@iris-mail.com,Thanks for Helping Find the Dog,"Hi Nupur,
 
 Just wanted to say thanks again for helping look for our dog last month, he is doing fine now. Let us know if you ever need a hand with anything around the building.
 
 Kabir",Personal,MEDIUM,Synthetic,"Thanks for Helping Find the Dog Hi Nupur,
 
 Just wanted to say thanks again for helping look for our dog last month, he is doing fine now. Let us know if you ever need a hand with anything around the building.
 
 Kabir",thanks helping find dog hi nupur wanted to say thanks helping look dog last month fine let u know ever need hand anything around building kabir
M064,vikas.neighbor@gmail.example,nupur@iris-mail.com,Tree Trimming Completed,"Hi Nupur,
 
 Just an update that the tree cutting service came by and trimmed the branches near our shared wall. Everything looks fine now, thanks for helping coordinate that a while back.
 
 Vikas",Personal,MEDIUM,Synthetic,"Tree Trimming Completed Hi Nupur,
 
 Just an update that the tree cutting service came by and trimmed the branches near our shared wall. Everything looks fine now, thanks for helping coordinate that a while back.
 
 Vikas",tree trimming completed hi nupur update tree cutting service came by trimmed branch near shared wall everything look fine thanks helping coordinate back vikas
M065,landlord.rajesh@gmail.example,nupur@iris-mail.com,General Update on the Building,"Hi Nupur,
 
 Just letting all tenants know that some minor painting work will happen in the common areas sometime next month. It should not disrupt anything major, just wanted to give advance notice.
 
 Rajesh",Personal,MEDIUM,Synthetic,"General Update on the Building Hi Nupur,
 
 Just letting all tenants know that some minor painting work will happen in the common areas sometime next month. It should not disrupt anything major, just wanted to give advance notice.
 
 Rajesh",general update on building hi nupur letting tenant know minor painting work happen common area sometime next month not disrupt anything major wanted to give advance notice rajesh
M066,mom@family.example,nupur@iris-mail.com,Recipe You Asked For,"Hi Nupur,
 
 Sharing the recipe you asked about last time we spoke. Try it out whenever you get a chance and let me know how it turns out, no rush at all.
 
 Love,
 Mom",Personal,MEDIUM,Synthetic,"Recipe You Asked For Hi Nupur,
 
 Sharing the recipe you asked about last time we spoke. Try it out whenever you get a chance and let me know how it turns out, no rush at all.
 
 Love,
 Mom",recipe asked hi nupur sharing recipe asked last time spoke try whenever get chance let know turn no rush at love mom
M067,simran.friend@gmail.example,nupur@iris-mail.com,Photos From the Trip,"Hey Nupur,
 
 Finally got around to sorting through the photos from our trip a while back. Sharing a few of my favorites here, let me know which ones you want copies of.
 
 Simran",Personal,MEDIUM,Synthetic,"Photos From the Trip Hey Nupur,
 
 Finally got around to sorting through the photos from our trip a while back. Sharing a few of my favorites here, let me know which ones you want copies of.
 
 Simran",photo from trip hey nupur finally got around to sorting photo from trip back sharing favorite let know one want copy simran
M068,events@nirmaya.edu,nupur@iris-mail.com,Annual Cultural Fest Dates Announced,"Dear Students,
 
 The dates for this year's annual cultural fest have been finalized for next month. Committees for various events will be formed soon, interested students can express interest through the student council over the coming weeks.
 
 Student Affairs, Nirmaya Institute",Event/Workshop,MEDIUM,Synthetic,"Annual Cultural Fest Dates Announced Dear Students,
 
 The dates for this year's annual cultural fest have been finalized for next month. Committees for various events will be formed soon, interested students can express interest through the student council over the coming weeks.
 
 Student Affairs, Nirmaya Institute",annual cultural fest date announced dear student date year annual cultural fest finalized next month committee various event formed soon interested student express interest student council over coming week student affair nirmaya institute
M069,techclub@nirmaya.edu,nupur@iris-mail.com,Coding Workshop Registration Open,"Dear Students,
 
 The tech club is organizing a two day coding workshop on web development next month. Registrations are open on the club portal, seats are limited so interested students may sign up whenever convenient.
 
 Tech Club, Nirmaya Institute",Event/Workshop,MEDIUM,Synthetic,"Coding Workshop Registration Open Dear Students,
 
 The tech club is organizing a two day coding workshop on web development next month. Registrations are open on the club portal, seats are limited so interested students may sign up whenever convenient.
 
 Tech Club, Nirmaya Institute",coding workshop registration open dear student tech club organizing two day coding workshop on web development next month registration open on club portal seat limited interested student may sign whenever convenient tech club nirmaya institute
M070,alumni@nirmaya.edu,nupur@iris-mail.com,Alumni Meet Invitation,"Dear Students,
 
 You are invited to attend the annual alumni meet happening next month, where graduates will share their career journeys and experiences. Details about registration will be shared closer to the event date.
 
 Alumni Relations, Nirmaya Institute",Event/Workshop,MEDIUM,Synthetic,"Alumni Meet Invitation Dear Students,
 
 You are invited to attend the annual alumni meet happening next month, where graduates will share their career journeys and experiences. Details about registration will be shared closer to the event date.
 
 Alumni Relations, Nirmaya Institute",alumnus meet invitation dear student invited to attend annual alumnus meet happening next month graduate share career journey experience detail registration shared closer to event date alumnus relation nirmaya institute
M071,webinars@careerlaunch.example,nupur@iris-mail.com,Free Webinar on Data Science Careers,"Hi Nupur,
 
 Join our upcoming free webinar on building a career in data science, happening next week. The session covers required skills and common career paths. Registration link is available on our website if you are interested.
 
 CareerLaunch Team",Event/Workshop,MEDIUM,Synthetic,"Free Webinar on Data Science Careers Hi Nupur,
 
 Join our upcoming free webinar on building a career in data science, happening next week. The session covers required skills and common career paths. Registration link is available on our website if you are interested.
 
 CareerLaunch Team",free webinar on data science career hi nupur join upcoming free webinar on building career data science happening next week session cover required skill common career path registration link available on website interested careerlaunch team
M072,sportsoffice@nirmaya.edu,nupur@iris-mail.com,Annual Sports Day Volunteers Needed,"Dear Students,
 
 We are looking for student volunteers to help organize the annual sports day next month. If you are interested in helping out, please sign up through the sports office over the next couple of weeks.
 
 Sports Office, Nirmaya Institute",Event/Workshop,MEDIUM,Synthetic,"Annual Sports Day Volunteers Needed Dear Students,
 
 We are looking for student volunteers to help organize the annual sports day next month. If you are interested in helping out, please sign up through the sports office over the next couple of weeks.
 
 Sports Office, Nirmaya Institute",annual sport day volunteer needed dear student looking student volunteer to help organize annual sport day next month interested helping please sign sport office over next couple week sport office nirmaya institute
M073,techclub@nirmaya.edu,nupur@iris-mail.com,Guest Lecture on Cloud Computing,"Dear Students,
 
 A guest lecture on cloud computing fundamentals has been scheduled for next month as part of our tech talk series. Attendance is optional but recommended for students interested in the topic.
 
 Tech Club, Nirmaya Institute",Event/Workshop,MEDIUM,Synthetic,"Guest Lecture on Cloud Computing Dear Students,
 
 A guest lecture on cloud computing fundamentals has been scheduled for next month as part of our tech talk series. Attendance is optional but recommended for students interested in the topic.
 
 Tech Club, Nirmaya Institute",guest lecture on cloud computing dear student guest lecture on cloud computing fundamental scheduled next month part tech talk series attendance optional recommended student interested topic tech club nirmaya institute
M074,greenmeadows.events@example.com,nupur@iris-mail.com,Society Diwali Celebration Planning,"Dear Residents,
 
 Planning for this year's Diwali celebration in the society has begun. If you would like to volunteer or contribute ideas for the event, please reach out to the events committee sometime in the next two weeks.
 
 Events Committee, Green Meadows Society",Event/Workshop,MEDIUM,Synthetic,"Society Diwali Celebration Planning Dear Residents,
 
 Planning for this year's Diwali celebration in the society has begun. If you would like to volunteer or contribute ideas for the event, please reach out to the events committee sometime in the next two weeks.
 
 Events Committee, Green Meadows Society",society diwali celebration planning dear resident planning year diwali celebration society begun would like to volunteer contribute idea event please reach to event committee sometime next two week event committee green meadow society
M075,bookclub@nirmaya.edu,nupur@iris-mail.com,Next Book Club Pick Announced,"Dear Members,
 
 The book club has selected the next title for discussion, meeting scheduled sometime next month. Copies are available at the library for anyone who wants to join the discussion this cycle.
 
 Book Club, Nirmaya Institute",Event/Workshop,MEDIUM,Synthetic,"Next Book Club Pick Announced Dear Members,
 
 The book club has selected the next title for discussion, meeting scheduled sometime next month. Copies are available at the library for anyone who wants to join the discussion this cycle.
 
 Book Club, Nirmaya Institute",next book club pick announced dear member book club selected next title discussion meeting scheduled sometime next month copy available at library anyone want to join discussion cycle book club nirmaya institute
M076,musicsociety@nirmaya.edu,nupur@iris-mail.com,Open Mic Night Sign-Ups,"Dear Students,
 
 Sign ups for the upcoming open mic night are now open. If you would like to perform or just attend as audience, details are posted on the music society notice board and portal page.
 
 Music Society, Nirmaya Institute",Event/Workshop,MEDIUM,Synthetic,"Open Mic Night Sign-Ups Dear Students,
 
 Sign ups for the upcoming open mic night are now open. If you would like to perform or just attend as audience, details are posted on the music society notice board and portal page.
 
 Music Society, Nirmaya Institute",open mic night sign-ups dear student sign ups upcoming open mic night open would like to perform attend audience detail posted on music society notice board portal page music society nirmaya institute
M077,photoclub@nirmaya.edu,nupur@iris-mail.com,Photography Walk This Weekend,"Dear Members,
 
 The photography club is organizing a casual photo walk around the campus this weekend for anyone interested in joining. No prior registration needed, just show up at the meeting point mentioned in the group chat.
 
 Photography Club, Nirmaya Institute",Event/Workshop,MEDIUM,Synthetic,"Photography Walk This Weekend Dear Members,
 
 The photography club is organizing a casual photo walk around the campus this weekend for anyone interested in joining. No prior registration needed, just show up at the meeting point mentioned in the group chat.
 
 Photography Club, Nirmaya Institute",photography walk weekend dear member photography club organizing casual photo walk around campus weekend anyone interested joining no prior registration needed show at meeting point mentioned group chat photography club nirmaya institute
M078,noreply@zentracloud.example,nupur@iris-mail.com,Your Storage Plan Usage Update,"Hi Nupur,
 
 You have used about 70 percent of your cloud storage plan. You might want to review your files sometime soon, though there is no immediate action required and your current plan will continue to work normally.
 
 Zentra Cloud Team",Service/Other,MEDIUM,Synthetic,"Your Storage Plan Usage Update Hi Nupur,
 
 You have used about 70 percent of your cloud storage plan. You might want to review your files sometime soon, though there is no immediate action required and your current plan will continue to work normally.
 
 Zentra Cloud Team",storage plan usage update hi nupur used 70 percent cloud storage plan might want to review file sometime soon though no immediate action required current plan continue to work normally zentra cloud team
M079,support@webnesthosting.example,nupur@iris-mail.com,Scheduled Maintenance Notice,"Dear Customer,
 
 We will be performing routine server maintenance next weekend which may cause brief interruptions to your hosted website. The maintenance window is expected to last a couple of hours during low traffic time.
 
 Webnest Hosting Support",Service/Other,MEDIUM,Synthetic,"Scheduled Maintenance Notice Dear Customer,
 
 We will be performing routine server maintenance next weekend which may cause brief interruptions to your hosted website. The maintenance window is expected to last a couple of hours during low traffic time.
 
 Webnest Hosting Support",scheduled maintenance notice dear customer performing routine server maintenance next weekend may cause brief interruption to hosted website maintenance window expected to last couple hour during low traffic time webnest hosting support
M080,billing@musicstream.example,nupur@iris-mail.com,Subscription Renewal Coming Up,"Hi Nupur,
 
 Your annual subscription is set to renew automatically next month. If you would like to make any changes to your plan, you can do so anytime before the renewal date through your account settings.
 
 MusicStream Billing Team",Service/Other,MEDIUM,Synthetic,"Subscription Renewal Coming Up Hi Nupur,
 
 Your annual subscription is set to renew automatically next month. If you would like to make any changes to your plan, you can do so anytime before the renewal date through your account settings.
 
 MusicStream Billing Team",subscription renewal coming hi nupur annual subscription set to renew automatically next month would like to make change to plan anytime before renewal date account setting musicstream billing team
M081,updates@fitzone.example,nupur@iris-mail.com,New Features Added to the App,"Hi Nupur,
 
 We have rolled out a few new features in the app, including improved workout tracking. Feel free to explore them whenever you next open the app, no action is needed on your end.
 
 FitZone Team",Service/Other,MEDIUM,Synthetic,"New Features Added to the App Hi Nupur,
 
 We have rolled out a few new features in the app, including improved workout tracking. Feel free to explore them whenever you next open the app, no action is needed on your end.
 
 FitZone Team",new feature added to app hi nupur rolled new feature app including improved workout tracking feel free to explore whenever next open app no action needed on end fitzone team
M082,noreply@zentracloud.example,nupur@iris-mail.com,Terms of Service Update,"Hi Nupur,
 
 We have updated our terms of service, effective next month. The changes mainly relate to data storage policies. You can review the updated terms on our website at your convenience.
 
 Zentra Cloud Team",Service/Other,MEDIUM,Synthetic,"Terms of Service Update Hi Nupur,
 
 We have updated our terms of service, effective next month. The changes mainly relate to data storage policies. You can review the updated terms on our website at your convenience.
 
 Zentra Cloud Team",term service update hi nupur updated term service effective next month change mainly relate to data storage policy review updated term on website at convenience zentra cloud team
M083,support@internethome.example,nupur@iris-mail.com,Planned Network Upgrade in Your Area,"Dear Customer,
 
 We will be upgrading network infrastructure in your area over the next few weeks to improve speeds. You may notice brief service interruptions during late night hours, normal service will resume automatically each time.
 
 Internet Home Broadband",Service/Other,MEDIUM,Synthetic,"Planned Network Upgrade in Your Area Dear Customer,
 
 We will be upgrading network infrastructure in your area over the next few weeks to improve speeds. You may notice brief service interruptions during late night hours, normal service will resume automatically each time.
 
 Internet Home Broadband",planned network upgrade area dear customer upgrading network infrastructure area over next week to improve speed may notice brief service interruption during late night hour normal service resume automatically time internet home broadband
M084,care@suvidhabank.example,nupur@iris-mail.com,New Mobile Banking Feature Available,"Dear Customer,
 
 We have introduced a new feature in our mobile banking app that lets you set spending categories for better budgeting. Feel free to explore it whenever convenient, it is entirely optional to use.
 
 Suvidha Bank",Service/Other,MEDIUM,Synthetic,"New Mobile Banking Feature Available Dear Customer,
 
 We have introduced a new feature in our mobile banking app that lets you set spending categories for better budgeting. Feel free to explore it whenever convenient, it is entirely optional to use.
 
 Suvidha Bank",new mobile banking feature available dear customer introduced new feature mobile banking app let set spending category better budgeting feel free to explore whenever convenient entirely optional to use suvidha bank
M085,newsletter@techdigest.example,nupur@iris-mail.com,This Week in Tech,"Hi Nupur,
 
 Here is a roundup of interesting technology news and articles from this past week, curated based on topics you have shown interest in. Read whenever you have some free time.
 
 Tech Digest Team",Service/Other,MEDIUM,Synthetic,"This Week in Tech Hi Nupur,
 
 Here is a roundup of interesting technology news and articles from this past week, curated based on topics you have shown interest in. Read whenever you have some free time.
 
 Tech Digest Team",week tech hi nupur roundup interesting technology news article from past week curated based on topic shown interest read whenever free time tech digest team
M086,notify@skywings.example,nupur@iris-mail.com,Check-In Now Open for Your Flight,"Dear Nupur,
 
 Online check in is now open for your upcoming flight next week. You can check in anytime before departure to save time at the airport, though counter check in will also be available as usual.
 
 SkyWings Airlines",Travel,MEDIUM,Synthetic,"Check-In Now Open for Your Flight Dear Nupur,
 
 Online check in is now open for your upcoming flight next week. You can check in anytime before departure to save time at the airport, though counter check in will also be available as usual.
 
 SkyWings Airlines",check-in open flight dear nupur online check open upcoming flight next week check anytime before departure to save time at airport though counter check also available usual skywings airline
M087,booking@railwayservices.example,nupur@iris-mail.com,Your Ticket Has Been Confirmed,"Dear Passenger,
 
 This is to inform you that your train ticket for next month's journey has been confirmed with a seat allotted. You can view your seat details anytime on the app under your bookings.
 
 Railway Booking Services",Travel,MEDIUM,Synthetic,"Your Ticket Has Been Confirmed Dear Passenger,
 
 This is to inform you that your train ticket for next month's journey has been confirmed with a seat allotted. You can view your seat details anytime on the app under your bookings.
 
 Railway Booking Services",ticket confirmed dear passenger to inform train ticket next month journey confirmed seat allotted view seat detail anytime on app under booking railway booking service
M088,simran.friend@gmail.example,nupur@iris-mail.com,Trip Planning for Next Month,"Hey Nupur,
 
 Been looking at a few places for our trip next month, nothing finalized yet. Wanted to know if you have any preferences before we start narrowing down the options and looking at costs.
 
 Simran",Travel,MEDIUM,Synthetic,"Trip Planning for Next Month Hey Nupur,
 
 Been looking at a few places for our trip next month, nothing finalized yet. Wanted to know if you have any preferences before we start narrowing down the options and looking at costs.
 
 Simran",trip planning next month hey nupur looking at place trip next month nothing finalized yet wanted to know preference before start narrowing option looking at cost simran
M089,dispatch@ridenow.example,nupur@iris-mail.com,Rate Card Update for Airport Rides,"Dear Customer,
 
 We wanted to inform you of a minor update to our airport ride rate card effective next month. Your upcoming bookings made before this date will not be affected by the change.
 
 RideNow Team",Travel,MEDIUM,Synthetic,"Rate Card Update for Airport Rides Dear Customer,
 
 We wanted to inform you of a minor update to our airport ride rate card effective next month. Your upcoming bookings made before this date will not be affected by the change.
 
 RideNow Team",rate card update airport ride dear customer wanted to inform minor update to airport ride rate card effective next month upcoming booking made before date not affected by change ridenow team
M090,visaservices@globalvisa.example,nupur@iris-mail.com,Documents Checklist for Your Application,"Dear Nupur,
 
 Sharing a checklist of documents typically required for your visa category. You can start gathering these over the coming weeks before we schedule your application submission, there is no immediate deadline yet.
 
 Visa Services Team",Travel,MEDIUM,Synthetic,"Documents Checklist for Your Application Dear Nupur,
 
 Sharing a checklist of documents typically required for your visa category. You can start gathering these over the coming weeks before we schedule your application submission, there is no immediate deadline yet.
 
 Visa Services Team",document checklist application dear nupur sharing checklist document typically required visa category start gathering over coming week before schedule application submission no immediate deadline yet visa service team
M091,care@suvidhabank.example,nupur@iris-mail.com,Your Monthly Account Statement is Ready,"Dear Customer,
 
 Your account statement for last month is now available for download on the mobile app and net banking portal. Please review it at your convenience and reach out if you notice anything that needs clarification.
 
 Suvidha Bank",Financial,MEDIUM,Synthetic,"Your Monthly Account Statement is Ready Dear Customer,
 
 Your account statement for last month is now available for download on the mobile app and net banking portal. Please review it at your convenience and reach out if you notice anything that needs clarification.
 
 Suvidha Bank",monthly account statement ready dear customer account statement last month available download on mobile app net banking portal please review at convenience reach notice anything need clarification suvidha bank
M092,karan.hr@cloudberry.example,nupur@iris-mail.com,Reimbursement Processed,"Hi Nupur,
 
 Just letting you know your travel reimbursement claim from last month has been processed and should reflect in your account within the next few days as per the usual payroll cycle.
 
 Karan",Financial,MEDIUM,Synthetic,"Reimbursement Processed Hi Nupur,
 
 Just letting you know your travel reimbursement claim from last month has been processed and should reflect in your account within the next few days as per the usual payroll cycle.
 
 Karan",reimbursement processed hi nupur letting know travel reimbursement claim from last month processed reflect account within next day per usual payroll cycle karan
M093,policy@securelife.example,nupur@iris-mail.com,Annual Policy Review Available,"Dear Nupur,
 
 As part of our yearly process, you can request a review of your insurance policy to check if the coverage still matches your needs. This is entirely optional and can be scheduled whenever convenient for you.
 
 SecureLife Insurance",Financial,MEDIUM,Synthetic,"Annual Policy Review Available Dear Nupur,
 
 As part of our yearly process, you can request a review of your insurance policy to check if the coverage still matches your needs. This is entirely optional and can be scheduled whenever convenient for you.
 
 SecureLife Insurance",annual policy review available dear nupur part yearly process request review insurance policy to check coverage still match need entirely optional scheduled whenever convenient securelife insurance
M094,meera.ca@meeraassociates.example,nupur@iris-mail.com,Documents Needed for Next Filing Cycle,"Dear Nupur,
 
 As we start preparing for the next filing cycle, please share your income and investment documents whenever you get a chance over the coming weeks. There is still plenty of time before the actual deadline.
 
 Meera Associates",Financial,MEDIUM,Synthetic,"Documents Needed for Next Filing Cycle Dear Nupur,
 
 As we start preparing for the next filing cycle, please share your income and investment documents whenever you get a chance over the coming weeks. There is still plenty of time before the actual deadline.
 
 Meera Associates",document needed next filing cycle dear nupur start preparing next filing cycle please share income investment document whenever get chance over coming week still plenty time before actual deadline meera associate
M095,alerts@suvidhabank.example,nupur@iris-mail.com,New Fixed Deposit Rates Announced,"Dear Customer,
 
 We have revised our fixed deposit interest rates, effective from next month. If you are considering opening a new deposit, you may want to check the updated rates on our website or app.
 
 Suvidha Bank",Financial,MEDIUM,Synthetic,"New Fixed Deposit Rates Announced Dear Customer,
 
 We have revised our fixed deposit interest rates, effective from next month. If you are considering opening a new deposit, you may want to check the updated rates on our website or app.
 
 Suvidha Bank",new fixed deposit rate announced dear customer revised fixed deposit interest rate effective from next month considering opening new deposit may want to check updated rate on website app suvidha bank
M096,it@nirmaya.edu,nupur@iris-mail.com,Routine Password Change Reminder,"Dear Students,
 
 As per college policy, please change your portal password once every six months. Your current password is still valid for a few more weeks, this is just a routine reminder sent to all students.
 
 IT Support, Nirmaya Institute",Security,MEDIUM,Synthetic,"Routine Password Change Reminder Dear Students,
 
 As per college policy, please change your portal password once every six months. Your current password is still valid for a few more weeks, this is just a routine reminder sent to all students.
 
 IT Support, Nirmaya Institute",routine password change reminder dear student per college policy please change portal password every six month current password still valid week routine reminder sent to student support nirmaya institute
M097,hostelcommittee@nirmaya.edu,nupur@iris-mail.com,Feedback Requested on Mess Menu,"Dear Students,
 
 The hostel committee is collecting feedback on the current mess menu to plan changes for next semester. Please fill out the short survey whenever you get a chance over the next couple of weeks.
 
 Hostel Committee, Nirmaya Institute",Other,MEDIUM,Synthetic,"Feedback Requested on Mess Menu Dear Students,
 
 The hostel committee is collecting feedback on the current mess menu to plan changes for next semester. Please fill out the short survey whenever you get a chance over the next couple of weeks.
 
 Hostel Committee, Nirmaya Institute",feedback requested on mess menu dear student hostel committee collecting feedback on current mess menu to plan change next semester please fill short survey whenever get chance over next couple week hostel committee nirmaya institute
M098,revenue@municipalcorp.example,nupur@iris-mail.com,General Notice on Upcoming Property Assessment Cycle,"Dear Resident,
 
 This is a general notice informing residents that the municipal corporation will begin its routine property assessment cycle next month. No action is required unless you receive a specific notice regarding your property.
 
 Municipal Corporation",Legal/Administrative,MEDIUM,Synthetic,"General Notice on Upcoming Property Assessment Cycle Dear Resident,
 
 This is a general notice informing residents that the municipal corporation will begin its routine property assessment cycle next month. No action is required unless you receive a specific notice regarding your property.
 
 Municipal Corporation",general notice on upcoming property assessment cycle dear resident general notice informing resident municipal corporation begin routine property assessment cycle next month no action required unless receive specific notice regarding property municipal corporation
M099,management@greenmeadows.example,nupur@iris-mail.com,Reminder on Society Bye-Laws,"Dear Residents,
 
 This is a general reminder about the society's parking bye laws following a few informal complaints. No specific action is needed unless you have received an individual notice, this is meant for everyone's awareness.
 
 Building Management, Green Meadows Society",Legal/Administrative,MEDIUM,Synthetic,"Reminder on Society Bye-Laws Dear Residents,
 
 This is a general reminder about the society's parking bye laws following a few informal complaints. No specific action is needed unless you have received an individual notice, this is meant for everyone's awareness.
 
 Building Management, Green Meadows Society",reminder on society bye-laws dear resident general reminder society parking bye law following informal complaint no specific action needed unless received individual notice meant everyone awareness building management green meadow society
M100,rnair.advocate@example.com,nupur@iris-mail.com,General Update on the Tenant Matter,"Dear Nupur,
 
 Just a general update that the tenant matter we discussed a while back is progressing as expected with no new developments to report right now. Will reach out if anything requires your attention.
 
 Advocate R. Nair",Other,MEDIUM,Synthetic,"General Update on the Tenant Matter Dear Nupur,
 
 Just a general update that the tenant matter we discussed a while back is progressing as expected with no new developments to report right now. Will reach out if anything requires your attention.
 
 Advocate R. Nair",general update on tenant matter dear nupur general update tenant matter discussed back progressing expected no new development to report right reach anything requires attention advocate r nair
M101,hr@nexova.example,nupur@iris-mail.com,Application Received - Review in Progress,"Hi Nupur,
 
 Thanks for applying to the Frontend Intern role. Our team is going through applications this month and will reach out to shortlisted candidates with next steps once the review is complete.
 
 Recruitment Team, Nexova Technologies",Job/Internship,MEDIUM,Synthetic,"Application Received - Review in Progress Hi Nupur,
 
 Thanks for applying to the Frontend Intern role. Our team is going through applications this month and will reach out to shortlisted candidates with next steps once the review is complete.
 
 Recruitment Team, Nexova Technologies",application received - review progress hi nupur thanks applying to frontend intern role team going application month reach to shortlisted candidate next step review complete recruitment team nexova technology
M102,careers@vertexlabs.example,nupur@iris-mail.com,Interested in a Longer Internship Term?,"Dear Nupur,
 
 We noticed your internship performance has been solid so far. If you would be open to extending your term by a couple of months, let us know your thoughts whenever you get a chance to think it over.
 
 HR, Vertex Labs",Job/Internship,MEDIUM,Synthetic,"Interested in a Longer Internship Term? Dear Nupur,
 
 We noticed your internship performance has been solid so far. If you would be open to extending your term by a couple of months, let us know your thoughts whenever you get a chance to think it over.
 
 HR, Vertex Labs",interested longer internship term dear nupur noticed internship performance solid far would open to extending term by couple month let u know thought whenever get chance to think over hr vertex lab
M103,placement@nirmaya.edu,nupur@iris-mail.com,Pre-Placement Talk Recording Available,"Dear Students,
 
 For those who could not attend last week's pre placement talk in person, a recording has now been uploaded to the portal. Feel free to watch it before the placement drive begins next month.
 
 Placement Cell, Nirmaya Institute",Job/Internship,MEDIUM,Synthetic,"Pre-Placement Talk Recording Available Dear Students,
 
 For those who could not attend last week's pre placement talk in person, a recording has now been uploaded to the portal. Feel free to watch it before the placement drive begins next month.
 
 Placement Cell, Nirmaya Institute",pre-placement talk recording available dear student could not attend last week pre placement talk person recording uploaded to portal feel free to watch before placement drive begin next month placement cell nirmaya institute
M104,hrbp@orchidconsulting.example,nupur@iris-mail.com,Checking Your Continued Interest,"Hi Nupur,
 
 It has been a few weeks since our last conversation about the analyst role. We are still moving through the process and wanted to check if you remain interested before we proceed further.
 
 Talent Team, Orchid Consulting",Job/Internship,MEDIUM,Synthetic,"Checking Your Continued Interest Hi Nupur,
 
 It has been a few weeks since our last conversation about the analyst role. We are still moving through the process and wanted to check if you remain interested before we proceed further.
 
 Talent Team, Orchid Consulting",checking continued interest hi nupur week since last conversation analyst role still moving process wanted to check remain interested before proceed talent team orchid consulting
M105,internships@internhub.example,nupur@iris-mail.com,New Listings This Week,"Hi Nupur,
 
 A few new internship listings matching your interests have been posted this week in the design and content categories. Browse them on your dashboard when you have time.
 
 Team InternHub",Job/Internship,MEDIUM,Synthetic,"New Listings This Week Hi Nupur,
 
 A few new internship listings matching your interests have been posted this week in the design and content categories. Browse them on your dashboard when you have time.
 
 Team InternHub",new listing week hi nupur new internship listing matching interest posted week design content category browse on dashboard time team internhub
M106,karan.hr@cloudberry.example,nupur@iris-mail.com,Feedback Session Scheduled Next Week,"Hi Nupur,
 
 Your quarterly feedback session with your mentor has been scheduled for next week. There is nothing to prepare in advance, just come ready to discuss how things have been going.
 
 Karan",Job/Internship,MEDIUM,Synthetic,"Feedback Session Scheduled Next Week Hi Nupur,
 
 Your quarterly feedback session with your mentor has been scheduled for next week. There is nothing to prepare in advance, just come ready to discuss how things have been going.
 
 Karan",feedback session scheduled next week hi nupur quarterly feedback session mentor scheduled next week nothing to prepare advance come ready to discus thing going karan
M107,sneha.talent@finlyst.example,nupur@iris-mail.com,Second Round Details,"Hi Nupur,
 
 Congratulations on clearing the first round. The second round will likely be scheduled sometime next week, we will share exact timing once the panel's calendar is finalized.
 
 Sneha, Talent Acquisition, Finlyst",Job/Internship,MEDIUM,Synthetic,"Second Round Details Hi Nupur,
 
 Congratulations on clearing the first round. The second round will likely be scheduled sometime next week, we will share exact timing once the panel's calendar is finalized.
 
 Sneha, Talent Acquisition, Finlyst",second round detail hi nupur congratulation on clearing first round second round likely scheduled sometime next week share exact timing panel calendar finalized sneha talent acquisition finlyst
M108,alumni@nirmaya.edu,nupur@iris-mail.com,Mentor Matching Update,"Dear Students,
 
 Based on the preferences submitted for the mentorship program, matches will be announced over the coming week. You will receive an email once your mentor has been assigned.
 
 Alumni Relations, Nirmaya Institute",Job/Internship,MEDIUM,Synthetic,"Mentor Matching Update Dear Students,
 
 Based on the preferences submitted for the mentorship program, matches will be announced over the coming week. You will receive an email once your mentor has been assigned.
 
 Alumni Relations, Nirmaya Institute",mentor matching update dear student based on preference submitted mentorship program match announced over coming week receive email mentor assigned alumnus relation nirmaya institute
M109,rohit.manager@orchidconsulting.example,nupur@iris-mail.com,Sharing Some Prep Material,"Hi Nupur,
 
 In case you move to the next round, I am sharing a few resources that other candidates have found useful for preparation. Take a look whenever you get a chance over the next couple of weeks.
 
 Rohit",Job/Internship,MEDIUM,Synthetic,"Sharing Some Prep Material Hi Nupur,
 
 In case you move to the next round, I am sharing a few resources that other candidates have found useful for preparation. Take a look whenever you get a chance over the next couple of weeks.
 
 Rohit",sharing prep material hi nupur case move to next round am sharing resource candidate found useful preparation take look whenever get chance over next couple week rohit
M110,webinars@careerlaunch.example,nupur@iris-mail.com,Panel Discussion on Career Switches,"Hi Nupur,
 
 We are hosting a panel discussion next week featuring professionals who switched career paths mid way. Might be interesting if you are exploring your own options, registration stays open until the day before.
 
 CareerLaunch Team",Job/Internship,MEDIUM,Synthetic,"Panel Discussion on Career Switches Hi Nupur,
 
 We are hosting a panel discussion next week featuring professionals who switched career paths mid way. Might be interesting if you are exploring your own options, registration stays open until the day before.
 
 CareerLaunch Team",panel discussion on career switch hi nupur hosting panel discussion next week featuring professional switched career path mid way might interesting exploring option registration stay open until day before careerlaunch team
M111,hrbp@orchidconsulting.example,nupur@iris-mail.com,Timeline Update for Your Application,"Hi Nupur,
 
 Wanted to give you a quick update, the hiring manager's review has been pushed by about a week due to their travel schedule. We expect to have news for you by early next week.
 
 Talent Team, Orchid Consulting",Job/Internship,MEDIUM,Synthetic,"Timeline Update for Your Application Hi Nupur,
 
 Wanted to give you a quick update, the hiring manager's review has been pushed by about a week due to their travel schedule. We expect to have news for you by early next week.
 
 Talent Team, Orchid Consulting",timeline update application hi nupur wanted to give quick update hiring manager review pushed by week due to travel schedule expect to news by early next week talent team orchid consulting
M112,placement@nirmaya.edu,nupur@iris-mail.com,Companies Confirmed for Next Semester,"Dear Students,
 
 A few more companies have confirmed their visit for next semester's placement drive. The updated list is on the portal, take a look and start preparing for the ones relevant to your branch.
 
 Placement Cell, Nirmaya Institute",Job/Internship,MEDIUM,Synthetic,"Companies Confirmed for Next Semester Dear Students,
 
 A few more companies have confirmed their visit for next semester's placement drive. The updated list is on the portal, take a look and start preparing for the ones relevant to your branch.
 
 Placement Cell, Nirmaya Institute",company confirmed next semester dear student company confirmed visit next semester placement drive updated list on portal take look start preparing one relevant to branch placement cell nirmaya institute
M113,hr@nexova.example,nupur@iris-mail.com,Portfolio Review Scheduled,"Hi Nupur,
 
 As part of the next stage, we would like to review your portfolio sometime over the next week. Please share any additional work samples you would like us to consider along with what you already submitted.
 
 Recruitment Team, Nexova Technologies",Job/Internship,MEDIUM,Synthetic,"Portfolio Review Scheduled Hi Nupur,
 
 As part of the next stage, we would like to review your portfolio sometime over the next week. Please share any additional work samples you would like us to consider along with what you already submitted.
 
 Recruitment Team, Nexova Technologies",portfolio review scheduled hi nupur part next stage would like to review portfolio sometime over next week please share additional work sample would like u to consider along already submitted recruitment team nexova technology
M114,priya.hr@cloudberry.example,nupur@iris-mail.com,Update on Your Certificate Request,"Hi Nupur,
 
 Your internship certificate is currently with the signing authority and should be ready within the next week. We will email it to you as soon as it is issued.
 
 Priya, HR, Cloudberry Systems",Job/Internship,MEDIUM,Synthetic,"Update on Your Certificate Request Hi Nupur,
 
 Your internship certificate is currently with the signing authority and should be ready within the next week. We will email it to you as soon as it is issued.
 
 Priya, HR, Cloudberry Systems",update on certificate request hi nupur internship certificate currently signing authority ready within next week email to soon issued priya hr cloudberry system
M115,internships@internhub.example,nupur@iris-mail.com,Profile Completion Reminder,"Hi Nupur,
 
 Your InternHub profile is about 80 percent complete. Adding a bit more detail about your projects could help recruiters find your profile more easily, whenever you get a chance to update it.
 
 Team InternHub",Job/Internship,MEDIUM,Synthetic,"Profile Completion Reminder Hi Nupur,
 
 Your InternHub profile is about 80 percent complete. Adding a bit more detail about your projects could help recruiters find your profile more easily, whenever you get a chance to update it.
 
 Team InternHub",profile completion reminder hi nupur internhub profile 80 percent complete adding bit detail project could help recruiter find profile easily whenever get chance to update team internhub
M116,dev.recruiter@brightpath.example,nupur@iris-mail.com,Sharing the Interview Format,"Hi Nupur,
 
 Ahead of your interview next week, wanted to share a quick overview of the format, it will include a short technical discussion followed by a general conversation with the team. Nothing specific to prepare beyond your usual work.
 
 Recruiter, BrightPath Solutions",Job/Internship,MEDIUM,Synthetic,"Sharing the Interview Format Hi Nupur,
 
 Ahead of your interview next week, wanted to share a quick overview of the format, it will include a short technical discussion followed by a general conversation with the team. Nothing specific to prepare beyond your usual work.
 
 Recruiter, BrightPath Solutions",sharing interview format hi nupur ahead interview next week wanted to share quick overview format include short technical discussion followed by general conversation team nothing specific to prepare beyond usual work recruiter brightpath solution
M117,manager.priya@techspire.example,nupur@iris-mail.com,Team Introductions Before You Join,"Hi Nupur,
 
 Looking forward to having you join the team next month. I thought it might help to set up a short call sometime over the next couple of weeks so you can meet a few teammates ahead of your start date.
 
 Priya, TechSpire Solutions",Job/Internship,MEDIUM,Synthetic,"Team Introductions Before You Join Hi Nupur,
 
 Looking forward to having you join the team next month. I thought it might help to set up a short call sometime over the next couple of weeks so you can meet a few teammates ahead of your start date.
 
 Priya, TechSpire Solutions",team introduction before join hi nupur looking forward to join team next month thought might help to set short call sometime over next couple week meet teammate ahead start date priya techspire solution
M118,hrbp@cloudberry.example,nupur@iris-mail.com,Internal Job Postings This Month,"Hi Nupur,
 
 A few new internal roles have opened up this month that might interest you as you think about your career path within the company. Take a look on the portal whenever convenient.
 
 HRBP Team, Cloudberry Systems",Job/Internship,MEDIUM,Synthetic,"Internal Job Postings This Month Hi Nupur,
 
 A few new internal roles have opened up this month that might interest you as you think about your career path within the company. Take a look on the portal whenever convenient.
 
 HRBP Team, Cloudberry Systems",internal job posting month hi nupur new internal role opened month might interest think career path within company take look on portal whenever convenient hrbp team cloudberry system
M119,careers@vertexlabs.example,nupur@iris-mail.com,Survey on Your Internship Experience,"Dear Nupur,
 
 As your internship term comes to a close in a few weeks, we would appreciate your feedback through a short survey. It helps us improve the program for future interns.
 
 Careers Team, Vertex Labs",Job/Internship,MEDIUM,Synthetic,"Survey on Your Internship Experience Dear Nupur,
 
 As your internship term comes to a close in a few weeks, we would appreciate your feedback through a short survey. It helps us improve the program for future interns.
 
 Careers Team, Vertex Labs",survey on internship experience dear nupur internship term come to close week would appreciate feedback short survey help u improve program future intern career team vertex lab
M120,sneha.talent@finlyst.example,nupur@iris-mail.com,Compensation Details Shared,"Hi Nupur,
 
 Sharing the compensation structure for the role as discussed. Take your time going through it, and let us know if you have any questions before we move to the next step.
 
 Sneha, Talent Acquisition, Finlyst",Job/Internship,MEDIUM,Synthetic,"Compensation Details Shared Hi Nupur,
 
 Sharing the compensation structure for the role as discussed. Take your time going through it, and let us know if you have any questions before we move to the next step.
 
 Sneha, Talent Acquisition, Finlyst",compensation detail shared hi nupur sharing compensation structure role discussed take time going let u know question before move to next step sneha talent acquisition finlyst
M121,anil.rao@nirmaya.edu,nupur@iris-mail.com,Reading List for the Semester,"Dear Students,
 
 I have shared a reading list for this semester's project work on the portal. It would help to go through the first two chapters before our next class discussion sometime next week.
 
 Dr. Anil Rao",Academic,MEDIUM,Synthetic,"Reading List for the Semester Dear Students,
 
 I have shared a reading list for this semester's project work on the portal. It would help to go through the first two chapters before our next class discussion sometime next week.
 
 Dr. Anil Rao",reading list semester dear student shared reading list semester project work on portal would help to go first two chapter before next class discussion sometime next week dr anil rao
M122,examcell@nirmaya.edu,nupur@iris-mail.com,Exam Pattern Slightly Revised,"Dear Students,
 
 The exam pattern for this semester has been slightly revised to include a case study component. Details have been posted on the portal for your reference ahead of the exams next month.
 
 Examination Section, Nirmaya Institute",Academic,MEDIUM,Synthetic,"Exam Pattern Slightly Revised Dear Students,
 
 The exam pattern for this semester has been slightly revised to include a case study component. Details have been posted on the portal for your reference ahead of the exams next month.
 
 Examination Section, Nirmaya Institute",exam pattern slightly revised dear student exam pattern semester slightly revised to include case study component detail posted on portal reference ahead exam next month examination section nirmaya institute
M123,vandana.shah@nirmaya.edu,nupur@iris-mail.com,Suggested Reading Before Our Meeting,"Hi Nupur,
 
 Before our discussion next week, it would help if you go through the two papers I shared earlier. No formal notes needed, just a general familiarity will make our conversation more productive.
 
 Dr. Vandana Shah",Academic,MEDIUM,Synthetic,"Suggested Reading Before Our Meeting Hi Nupur,
 
 Before our discussion next week, it would help if you go through the two papers I shared earlier. No formal notes needed, just a general familiarity will make our conversation more productive.
 
 Dr. Vandana Shah",suggested reading before meeting hi nupur before discussion next week would help go two paper shared earlier no formal note needed general familiarity make conversation productive dr vandana shah
M124,labincharge@nirmaya.edu,nupur@iris-mail.com,Lab Manual Updated,"Dear Students,
 
 The lab manual has been updated with a couple of new experiments for this semester. Please download the latest version from the portal before your next scheduled lab session.
 
 Lab Instructor, Nirmaya Institute",Academic,MEDIUM,Synthetic,"Lab Manual Updated Dear Students,
 
 The lab manual has been updated with a couple of new experiments for this semester. Please download the latest version from the portal before your next scheduled lab session.
 
 Lab Instructor, Nirmaya Institute",lab manual updated dear student lab manual updated couple new experiment semester please download latest version from portal before next scheduled lab session lab instructor nirmaya institute
M125,academics@nirmaya.edu,nupur@iris-mail.com,Elective Preferences Open for Submission,"Dear Students,
 
 The window to submit your elective preferences for next semester is now open and will remain so for the next two weeks. Please make your selections through the ERP portal before it closes.
 
 Academic Office, Nirmaya Institute",Academic,MEDIUM,Synthetic,"Elective Preferences Open for Submission Dear Students,
 
 The window to submit your elective preferences for next semester is now open and will remain so for the next two weeks. Please make your selections through the ERP portal before it closes.
 
 Academic Office, Nirmaya Institute",elective preference open submission dear student window to submit elective preference next semester open remain next two week please make selection erp portal before close academic office nirmaya institute
M126,meenakshi.iyer@nirmaya.edu,nupur@iris-mail.com,Class Test Date Announced,"Dear Students,
 
 The next class test for Computer Networks has been scheduled for next Friday. The syllabus covers the last three chapters we discussed, so start reviewing whenever you get some time.
 
 Dr. Meenakshi Iyer",Academic,MEDIUM,Synthetic,"Class Test Date Announced Dear Students,
 
 The next class test for Computer Networks has been scheduled for next Friday. The syllabus covers the last three chapters we discussed, so start reviewing whenever you get some time.
 
 Dr. Meenakshi Iyer",class test date announced dear student next class test computer network scheduled next friday syllabus cover last three chapter discussed start reviewing whenever get time dr meenakshi iyer
M127,anil.rao@nirmaya.edu,nupur@iris-mail.com,Project Groups to Be Finalized Soon,"Dear Students,
 
 Please finalize your project groups over the next week so I can assign guides accordingly. There is no strict deadline yet, but earlier submissions will get more time with their assigned mentor.
 
 Dr. Anil Rao",Academic,MEDIUM,Synthetic,"Project Groups to Be Finalized Soon Dear Students,
 
 Please finalize your project groups over the next week so I can assign guides accordingly. There is no strict deadline yet, but earlier submissions will get more time with their assigned mentor.
 
 Dr. Anil Rao",project group to finalized soon dear student please finalize project group over next week assign guide accordingly no strict deadline yet earlier submission get time assigned mentor dr anil rao
M128,hostelcommittee@nirmaya.edu,nupur@iris-mail.com,Room Preferences for Next Year,"Dear Students,
 
 The process for submitting room preferences for next academic year has begun. Please fill out your choices on the portal sometime over the next two weeks before the allotment process starts.
 
 Hostel Committee, Nirmaya Institute",Academic,MEDIUM,Synthetic,"Room Preferences for Next Year Dear Students,
 
 The process for submitting room preferences for next academic year has begun. Please fill out your choices on the portal sometime over the next two weeks before the allotment process starts.
 
 Hostel Committee, Nirmaya Institute",room preference next year dear student process submitting room preference next academic year begun please fill choice on portal sometime over next two week before allotment process start hostel committee nirmaya institute
M129,scholarships@nirmaya.edu,nupur@iris-mail.com,New Scholarship Category Added,"Dear Students,
 
 A new scholarship category has been added this year for students involved in extracurricular achievements. Eligible students can apply through the scholarship cell over the coming weeks.
 
 Scholarship Cell, Nirmaya Institute",Academic,MEDIUM,Synthetic,"New Scholarship Category Added Dear Students,
 
 A new scholarship category has been added this year for students involved in extracurricular achievements. Eligible students can apply through the scholarship cell over the coming weeks.
 
 Scholarship Cell, Nirmaya Institute",new scholarship category added dear student new scholarship category added year student involved extracurricular achievement eligible student apply scholarship cell over coming week scholarship cell nirmaya institute
M130,examcell@nirmaya.edu,nupur@iris-mail.com,Internal Marks to Be Uploaded Next Week,"Dear Students,
 
 Internal assessment marks for this semester will be uploaded to the portal sometime next week. Please check back then and reach out to the concerned faculty if you notice any discrepancy.
 
 Exam Coordinator, Nirmaya Institute",Academic,MEDIUM,Synthetic,"Internal Marks to Be Uploaded Next Week Dear Students,
 
 Internal assessment marks for this semester will be uploaded to the portal sometime next week. Please check back then and reach out to the concerned faculty if you notice any discrepancy.
 
 Exam Coordinator, Nirmaya Institute",internal mark to uploaded next week dear student internal assessment mark semester uploaded to portal sometime next week please check back reach to concerned faculty notice discrepancy exam coordinator nirmaya institute
M131,ayesha.friend@gmail.example,nupur@iris-mail.com,Notes From Yesterday's Class,"Hi Nupur,
 
 Sharing my notes from yesterday's lecture in case you want to review them before the next class. Nothing time sensitive, just thought you might find them useful.
 
 Ayesha",Academic,MEDIUM,Synthetic,"Notes From Yesterday's Class Hi Nupur,
 
 Sharing my notes from yesterday's lecture in case you want to review them before the next class. Nothing time sensitive, just thought you might find them useful.
 
 Ayesha",note from yesterday class hi nupur sharing note from yesterday lecture case want to review before next class nothing time sensitive thought might find useful ayesha
M132,accounts@nirmaya.edu,nupur@iris-mail.com,Fee Structure for Next Semester Released,"Dear Students,
 
 The fee structure for next semester has been released on the portal, with a slight revision in the lab charges. Please review it whenever convenient ahead of the payment window opening.
 
 Accounts Office, Nirmaya Institute",Academic,MEDIUM,Synthetic,"Fee Structure for Next Semester Released Dear Students,
 
 The fee structure for next semester has been released on the portal, with a slight revision in the lab charges. Please review it whenever convenient ahead of the payment window opening.
 
 Accounts Office, Nirmaya Institute",fee structure next semester released dear student fee structure next semester released on portal slight revision lab charge please review whenever convenient ahead payment window opening account office nirmaya institute
M133,vandana.shah@nirmaya.edu,nupur@iris-mail.com,Thesis Chapter Feedback Shared,"Hi Nupur,
 
 I have gone through your second chapter and shared comments in the margin. Nothing major, mostly structural suggestions. Take your time incorporating them before we meet again next month.
 
 Dr. Vandana Shah",Academic,MEDIUM,Synthetic,"Thesis Chapter Feedback Shared Hi Nupur,
 
 I have gone through your second chapter and shared comments in the margin. Nothing major, mostly structural suggestions. Take your time incorporating them before we meet again next month.
 
 Dr. Vandana Shah",thesis chapter feedback shared hi nupur gone second chapter shared comment margin nothing major mostly structural suggestion take time incorporating before meet next month dr vandana shah
M134,labincharge@nirmaya.edu,nupur@iris-mail.com,Lab Timings Slightly Adjusted,"Dear Students,
 
 Lab timings for the coming weeks have been adjusted by thirty minutes due to a room booking conflict. Please check the updated schedule on the notice board before your next session.
 
 Lab Instructor, Nirmaya Institute",Academic,MEDIUM,Synthetic,"Lab Timings Slightly Adjusted Dear Students,
 
 Lab timings for the coming weeks have been adjusted by thirty minutes due to a room booking conflict. Please check the updated schedule on the notice board before your next session.
 
 Lab Instructor, Nirmaya Institute",lab timing slightly adjusted dear student lab timing coming week adjusted by thirty minute due to room booking conflict please check updated schedule on notice board before next session lab instructor nirmaya institute
M135,anil.rao@nirmaya.edu,nupur@iris-mail.com,Sharing a Useful Reference Paper,"Nupur,
 
 Came across a paper that might be relevant to your project topic. Sharing it here in case it helps with your literature review, no need to read it before our next meeting though.
 
 Dr. Anil Rao",Academic,MEDIUM,Synthetic,"Sharing a Useful Reference Paper Nupur,
 
 Came across a paper that might be relevant to your project topic. Sharing it here in case it helps with your literature review, no need to read it before our next meeting though.
 
 Dr. Anil Rao",sharing useful reference paper nupur came across paper might relevant to project topic sharing case help literature review no need to read before next meeting though dr anil rao
M136,rohan.classmate@gmail.example,nupur@iris-mail.com,Seminar Topics List Shared,"Hi Nupur,
 
 Sharing the list of seminar topics that got finalized in today's class. You can pick yours whenever you get a chance, the sign up sheet stays open for another week or so.
 
 Rohan",Academic,MEDIUM,Synthetic,"Seminar Topics List Shared Hi Nupur,
 
 Sharing the list of seminar topics that got finalized in today's class. You can pick yours whenever you get a chance, the sign up sheet stays open for another week or so.
 
 Rohan",seminar topic list shared hi nupur sharing list seminar topic got finalized today class pick whenever get chance sign sheet stay open another week rohan
M137,examcell@nirmaya.edu,nupur@iris-mail.com,Practical Exam Groups Announced,"Dear Students,
 
 The groups for the upcoming practical exams have been finalized and posted on the notice board. Please check which day your group has been assigned so you can plan your preparation accordingly.
 
 Examination Section, Nirmaya Institute",Academic,MEDIUM,Synthetic,"Practical Exam Groups Announced Dear Students,
 
 The groups for the upcoming practical exams have been finalized and posted on the notice board. Please check which day your group has been assigned so you can plan your preparation accordingly.
 
 Examination Section, Nirmaya Institute",practical exam group announced dear student group upcoming practical exam finalized posted on notice board please check day group assigned plan preparation accordingly examination section nirmaya institute
M138,warden@nirmaya.edu,nupur@iris-mail.com,Guest Policy Reminder,"Dear Students,
 
 This is a general reminder about the hostel's guest policy ahead of the upcoming long weekend, when many families tend to visit. Please review the guidelines on the notice board if you are expecting guests.
 
 Warden's Office, Nirmaya Institute",Academic,MEDIUM,Synthetic,"Guest Policy Reminder Dear Students,
 
 This is a general reminder about the hostel's guest policy ahead of the upcoming long weekend, when many families tend to visit. Please review the guidelines on the notice board if you are expecting guests.
 
 Warden's Office, Nirmaya Institute",guest policy reminder dear student general reminder hostel guest policy ahead upcoming long weekend many family tend to visit please review guideline on notice board expecting guest warden office nirmaya institute
M139,meenakshi.iyer@nirmaya.edu,nupur@iris-mail.com,Assignment Topics Released,"Dear Students,
 
 The topics for the next assignment have been released on the portal. You have a couple of weeks to complete it, so plan your time accordingly alongside your other coursework.
 
 Dr. Meenakshi Iyer",Academic,MEDIUM,Synthetic,"Assignment Topics Released Dear Students,
 
 The topics for the next assignment have been released on the portal. You have a couple of weeks to complete it, so plan your time accordingly alongside your other coursework.
 
 Dr. Meenakshi Iyer",assignment topic released dear student topic next assignment released on portal couple week to complete plan time accordingly alongside coursework dr meenakshi iyer
M140,academics@nirmaya.edu,nupur@iris-mail.com,Minor Change to the Academic Calendar,"Dear Students,
 
 A minor adjustment has been made to the academic calendar, shifting the mid semester break by a couple of days. Please note the updated dates on the portal for your planning.
 
 Academic Office, Nirmaya Institute",Academic,MEDIUM,Synthetic,"Minor Change to the Academic Calendar Dear Students,
 
 A minor adjustment has been made to the academic calendar, shifting the mid semester break by a couple of days. Please note the updated dates on the portal for your planning.
 
 Academic Office, Nirmaya Institute",minor change to academic calendar dear student minor adjustment made to academic calendar shifting mid semester break by couple day please note updated date on portal planning academic office nirmaya institute
M141,vandana.shah@nirmaya.edu,nupur@iris-mail.com,Meeting Slot Options for Next Week,"Hi Nupur,
 
 I have a few open slots next week if you would like to discuss your thesis progress. Let me know which day works better for you, Tuesday or Thursday afternoon.
 
 Dr. Vandana Shah",Academic,MEDIUM,Synthetic,"Meeting Slot Options for Next Week Hi Nupur,
 
 I have a few open slots next week if you would like to discuss your thesis progress. Let me know which day works better for you, Tuesday or Thursday afternoon.
 
 Dr. Vandana Shah",meeting slot option next week hi nupur open slot next week would like to discus thesis progress let know day work better tuesday thursday afternoon dr vandana shah
M142,hostelcommittee@nirmaya.edu,nupur@iris-mail.com,Mess Committee Nominations Open,"Dear Students,
 
 Nominations for the student mess committee are open for the next academic year. If you are interested in representing your floor, please submit your name to the hostel office over the next two weeks.
 
 Hostel Committee, Nirmaya Institute",Academic,MEDIUM,Synthetic,"Mess Committee Nominations Open Dear Students,
 
 Nominations for the student mess committee are open for the next academic year. If you are interested in representing your floor, please submit your name to the hostel office over the next two weeks.
 
 Hostel Committee, Nirmaya Institute",mess committee nomination open dear student nomination student mess committee open next academic year interested representing floor please submit name to hostel office over next two week hostel committee nirmaya institute
M143,farhan.classmate@gmail.example,nupur@iris-mail.com,Splitting Up the Assignment Sections,"Hi Nupur,
 
 Thinking we should split the assignment sections between the four of us so no one is overloaded. Let me know which part you would prefer to take whenever you get a chance to look at the outline.
 
 Farhan",Academic,MEDIUM,Synthetic,"Splitting Up the Assignment Sections Hi Nupur,
 
 Thinking we should split the assignment sections between the four of us so no one is overloaded. Let me know which part you would prefer to take whenever you get a chance to look at the outline.
 
 Farhan",splitting assignment section hi nupur thinking split assignment section between four u no one overloaded let know part would prefer to take whenever get chance to look at outline farhan
M144,sportsoffice@nirmaya.edu,nupur@iris-mail.com,Trials Scheduled for the College Team,"Dear Students,
 
 Trials for the college cricket team have been scheduled for next week. Interested students can register at the sports office beforehand, further details on timing will be shared closer to the date.
 
 Sports Office, Nirmaya Institute",Academic,MEDIUM,Synthetic,"Trials Scheduled for the College Team Dear Students,
 
 Trials for the college cricket team have been scheduled for next week. Interested students can register at the sports office beforehand, further details on timing will be shared closer to the date.
 
 Sports Office, Nirmaya Institute",trial scheduled college team dear student trial college cricket team scheduled next week interested student register at sport office beforehand detail on timing shared closer to date sport office nirmaya institute
M145,anil.rao@nirmaya.edu,nupur@iris-mail.com,Re: Group Finalized - Next Steps,"Nupur,
 
 Thanks for confirming your group members. I will assign a guide over the next few days and share the details along with a proposed timeline for the semester.
 
 Dr. Anil Rao",Academic,MEDIUM,Synthetic,"Re: Group Finalized - Next Steps Nupur,
 
 Thanks for confirming your group members. I will assign a guide over the next few days and share the details along with a proposed timeline for the semester.
 
 Dr. Anil Rao",: group finalized - next step nupur thanks confirming group member assign guide over next day share detail along proposed timeline semester dr anil rao
M146,vikram.lead@cloudberry.example,nupur@iris-mail.com,Sprint Backlog Updated,"Hi Nupur,
 
 The backlog for next sprint has been updated based on yesterday's planning discussion. Take a look at your assigned tasks whenever you start your day tomorrow.
 
 Vikram",Work/Project,MEDIUM,Synthetic,"Sprint Backlog Updated Hi Nupur,
 
 The backlog for next sprint has been updated based on yesterday's planning discussion. Take a look at your assigned tasks whenever you start your day tomorrow.
 
 Vikram",sprint backlog updated hi nupur backlog next sprint updated based on yesterday planning discussion take look at assigned task whenever start day tomorrow vikram
M147,priyanka.finance@cloudberry.example,nupur@iris-mail.com,Quarterly Report Template Shared,"Hi Nupur,
 
 Sharing the template for the upcoming quarterly report. You can start filling in your section over the next week or so, we are collecting everyone's input before the end of the month.
 
 Priyanka",Work/Project,MEDIUM,Synthetic,"Quarterly Report Template Shared Hi Nupur,
 
 Sharing the template for the upcoming quarterly report. You can start filling in your section over the next week or so, we are collecting everyone's input before the end of the month.
 
 Priyanka",quarterly report template shared hi nupur sharing template upcoming quarterly report start filling section over next week collecting everyone input before end month priyanka
M148,anita.qa@cloudberry.example,nupur@iris-mail.com,Minor Bugs Logged From Last Testing Round,"Hi Nupur,
 
 Logged a few minor UI bugs from the last testing round in the tracker. None of them are blockers, so feel free to address them whenever you get to that part of the backlog.
 
 Anita",Work/Project,MEDIUM,Synthetic,"Minor Bugs Logged From Last Testing Round Hi Nupur,
 
 Logged a few minor UI bugs from the last testing round in the tracker. None of them are blockers, so feel free to address them whenever you get to that part of the backlog.
 
 Anita",minor bug logged from last testing round hi nupur logged minor ui bug from last testing round tracker none blocker feel free to address whenever get to part backlog anita
M149,pm@cloudberry.example,nupur@iris-mail.com,Retrospective Scheduled for Next Week,"Hi Team,
 
 Our sprint retrospective has been scheduled for next Monday afternoon. Please come with any thoughts on what went well and what could be improved from this sprint.
 
 Project Manager, Cloudberry Systems",Work/Project,MEDIUM,Synthetic,"Retrospective Scheduled for Next Week Hi Team,
 
 Our sprint retrospective has been scheduled for next Monday afternoon. Please come with any thoughts on what went well and what could be improved from this sprint.
 
 Project Manager, Cloudberry Systems",retrospective scheduled next week hi team sprint retrospective scheduled next monday afternoon please come thought on went well could improved from sprint project manager cloudberry system
M150,alok.legal@cloudberry.example,nupur@iris-mail.com,Standard Contract Terms for Reference,"Hi Nupur,
 
 Sharing our standard contract terms in case you need them for the vendor conversation you mentioned. No action needed right now, just useful to have on hand for later.
 
 Alok",Work/Project,MEDIUM,Synthetic,"Standard Contract Terms for Reference Hi Nupur,
 
 Sharing our standard contract terms in case you need them for the vendor conversation you mentioned. No action needed right now, just useful to have on hand for later.
 
 Alok",standard contract term reference hi nupur sharing standard contract term case need vendor conversation mentioned no action needed right useful to on hand later alok
M151,ramesh.vp@cloudberry.example,nupur@iris-mail.com,Good Feedback From Last Week's Demo,"Hi Nupur,
 
 Wanted to pass along that the client had good things to say about last week's demo. We will likely plan a follow up discussion sometime in the coming weeks to talk next steps.
 
 Ramesh",Work/Project,MEDIUM,Synthetic,"Good Feedback From Last Week's Demo Hi Nupur,
 
 Wanted to pass along that the client had good things to say about last week's demo. We will likely plan a follow up discussion sometime in the coming weeks to talk next steps.
 
 Ramesh",good feedback from last week demo hi nupur wanted to pas along client good thing to say last week demo likely plan follow discussion sometime coming week to talk next step ramesh
M152,release@cloudberry.example,nupur@iris-mail.com,Tentative Release Dates for Next Quarter,"Hi Team,
 
 Sharing tentative release dates for next quarter based on current planning. These may shift slightly, but it should help with your own scheduling for the coming months.
 
 Release Manager, Cloudberry Systems",Work/Project,MEDIUM,Synthetic,"Tentative Release Dates for Next Quarter Hi Team,
 
 Sharing tentative release dates for next quarter based on current planning. These may shift slightly, but it should help with your own scheduling for the coming months.
 
 Release Manager, Cloudberry Systems",tentative release date next quarter hi team sharing tentative release date next quarter based on current planning may shift slightly help scheduling coming month release manager cloudberry system
M153,kunal.colleague@gmail.example,nupur@iris-mail.com,Thanks Again for Last Week,"Hey Nupur,
 
 Just wanted to say thanks again for covering for me last week, things have settled down a bit at home now. Let me know if you ever need me to return the favor.
 
 Kunal",Work/Project,MEDIUM,Synthetic,"Thanks Again for Last Week Hey Nupur,
 
 Just wanted to say thanks again for covering for me last week, things have settled down a bit at home now. Let me know if you ever need me to return the favor.
 
 Kunal",thanks last week hey nupur wanted to say thanks covering last week thing settled bit at home let know ever need to return favor kunal
M154,compliance@cloudberry.example,nupur@iris-mail.com,Annual Training Window Opens Next Week,"Dear Nupur,
 
 The annual compliance training module will be available starting next week. You will have about a month to complete it at your own pace, further details will follow once it goes live.
 
 Compliance Office, Cloudberry Systems",Work/Project,MEDIUM,Synthetic,"Annual Training Window Opens Next Week Dear Nupur,
 
 The annual compliance training module will be available starting next week. You will have about a month to complete it at your own pace, further details will follow once it goes live.
 
 Compliance Office, Cloudberry Systems",annual training window open next week dear nupur annual compliance training module available starting next week month to complete at pace detail follow go live compliance office cloudberry system
M155,marketing@cloudberry.example,nupur@iris-mail.com,Draft Campaign Ideas for Review,"Hi Nupur,
 
 Sharing a few early campaign ideas for the upcoming product launch. Feel free to add your thoughts over the next week before we narrow down to a final direction.
 
 Marketing Team, Cloudberry Systems",Work/Project,MEDIUM,Synthetic,"Draft Campaign Ideas for Review Hi Nupur,
 
 Sharing a few early campaign ideas for the upcoming product launch. Feel free to add your thoughts over the next week before we narrow down to a final direction.
 
 Marketing Team, Cloudberry Systems",draft campaign idea review hi nupur sharing early campaign idea upcoming product launch feel free to add thought over next week before narrow to final direction marketing team cloudberry system
M156,hrbp@cloudberry.example,nupur@iris-mail.com,Appraisal Cycle Timeline Shared,"Hi Nupur,
 
 Sharing the timeline for the upcoming appraisal cycle. Self assessment forms open next month, and individual review meetings will be scheduled after that with your manager.
 
 HRBP Team, Cloudberry Systems",Work/Project,MEDIUM,Synthetic,"Appraisal Cycle Timeline Shared Hi Nupur,
 
 Sharing the timeline for the upcoming appraisal cycle. Self assessment forms open next month, and individual review meetings will be scheduled after that with your manager.
 
 HRBP Team, Cloudberry Systems",appraisal cycle timeline shared hi nupur sharing timeline upcoming appraisal cycle self assessment form open next month individual review meeting scheduled after manager hrbp team cloudberry system
M157,suresh.vendor@partsupply.example,nupur@iris-mail.com,Updated Catalogue for Next Order Cycle,"Hi Nupur,
 
 Sharing our updated catalogue ahead of the next order cycle. Take a look whenever convenient and let us know if you would like to adjust the usual quantities for the coming months.
 
 Suresh",Work/Project,MEDIUM,Synthetic,"Updated Catalogue for Next Order Cycle Hi Nupur,
 
 Sharing our updated catalogue ahead of the next order cycle. Take a look whenever convenient and let us know if you would like to adjust the usual quantities for the coming months.
 
 Suresh",updated catalogue next order cycle hi nupur sharing updated catalogue ahead next order cycle take look whenever convenient let u know would like to adjust usual quantity coming month suresh
M158,itsecurity@cloudberry.example,nupur@iris-mail.com,Routine Access Review This Month,"Hi Nupur,
 
 As part of our routine process, we are reviewing system access for all team members this month. You do not need to do anything unless we specifically reach out with a question about your access.
 
 IT Security, Cloudberry Systems",Work/Project,MEDIUM,Synthetic,"Routine Access Review This Month Hi Nupur,
 
 As part of our routine process, we are reviewing system access for all team members this month. You do not need to do anything unless we specifically reach out with a question about your access.
 
 IT Security, Cloudberry Systems",routine access review month hi nupur part routine process reviewing system access team member month not need to anything unless specifically reach question access security cloudberry system
M159,vikram.lead@cloudberry.example,nupur@iris-mail.com,Task Reassignment for Next Sprint,"Hi Nupur,
 
 Moved one of your tasks to next sprint since it depends on a module that is still being built. Your current sprint load remains roughly the same otherwise.
 
 Vikram",Work/Project,MEDIUM,Synthetic,"Task Reassignment for Next Sprint Hi Nupur,
 
 Moved one of your tasks to next sprint since it depends on a module that is still being built. Your current sprint load remains roughly the same otherwise.
 
 Vikram",task reassignment next sprint hi nupur moved one task to next sprint since depends on module still built current sprint load remains roughly otherwise vikram
M160,training@cloudberry.example,nupur@iris-mail.com,New Course Added to the Learning Platform,"Hi Nupur,
 
 A new course on API design has been added to the internal learning platform this month. Feel free to explore it whenever you have some spare time between sprints.
 
 Learning and Development, Cloudberry Systems",Work/Project,MEDIUM,Synthetic,"New Course Added to the Learning Platform Hi Nupur,
 
 A new course on API design has been added to the internal learning platform this month. Feel free to explore it whenever you have some spare time between sprints.
 
 Learning and Development, Cloudberry Systems",new course added to learning platform hi nupur new course on api design added to internal learning platform month feel free to explore whenever spare time between sprint learning development cloudberry system
M161,manager.priya@techspire.example,nupur@iris-mail.com,Update on the Revised Timeline,"Hi Nupur,
 
 Wanted to share that the client has accepted the revised timeline we discussed. No changes needed on your end right now, just keeping you in the loop.
 
 Priya",Work/Project,MEDIUM,Synthetic,"Update on the Revised Timeline Hi Nupur,
 
 Wanted to share that the client has accepted the revised timeline we discussed. No changes needed on your end right now, just keeping you in the loop.
 
 Priya",update on revised timeline hi nupur wanted to share client accepted revised timeline discussed no change needed on end right keeping loop priya
M162,anita.qa@cloudberry.example,nupur@iris-mail.com,Testing Schedule for Next Release,"Hi Nupur,
 
 Sharing the testing schedule for the upcoming release cycle. Your module is slated for testing sometime next week, so it would help to have your build stable by then.
 
 Anita",Work/Project,MEDIUM,Synthetic,"Testing Schedule for Next Release Hi Nupur,
 
 Sharing the testing schedule for the upcoming release cycle. Your module is slated for testing sometime next week, so it would help to have your build stable by then.
 
 Anita",testing schedule next release hi nupur sharing testing schedule upcoming release cycle module slated testing sometime next week would help to build stable by anita
M163,pm@cloudberry.example,nupur@iris-mail.com,Action Items From Last Client Call,"Hi Team,
 
 A few action items came out of last week's client call, mostly minor clarifications. I have assigned them in the tracker, please go through your items over the next few days.
 
 Project Manager, Cloudberry Systems",Work/Project,MEDIUM,Synthetic,"Action Items From Last Client Call Hi Team,
 
 A few action items came out of last week's client call, mostly minor clarifications. I have assigned them in the tracker, please go through your items over the next few days.
 
 Project Manager, Cloudberry Systems",action item from last client call hi team action item came last week client call mostly minor clarification assigned tracker please go item over next day project manager cloudberry system
M164,ramesh.vp@cloudberry.example,nupur@iris-mail.com,Planning a Team Offsite Next Month,"Hi Nupur,
 
 We are considering organizing a team offsite sometime next month. Nothing confirmed yet, just wanted to get a sense of everyone's general availability before we finalize dates.
 
 Ramesh",Work/Project,MEDIUM,Synthetic,"Planning a Team Offsite Next Month Hi Nupur,
 
 We are considering organizing a team offsite sometime next month. Nothing confirmed yet, just wanted to get a sense of everyone's general availability before we finalize dates.
 
 Ramesh",planning team offsite next month hi nupur considering organizing team offsite sometime next month nothing confirmed yet wanted to get sense everyone general availability before finalize date ramesh
M165,hrbp@cloudberry.example,nupur@iris-mail.com,Update Your Skills Profile,"Hi Nupur,
 
 As part of this year's talent review, please update your skills profile on the internal portal sometime over the next couple of weeks. This helps managers identify growth opportunities across teams.
 
 HRBP Team, Cloudberry Systems",Work/Project,MEDIUM,Synthetic,"Update Your Skills Profile Hi Nupur,
 
 As part of this year's talent review, please update your skills profile on the internal portal sometime over the next couple of weeks. This helps managers identify growth opportunities across teams.
 
 HRBP Team, Cloudberry Systems",update skill profile hi nupur part year talent review please update skill profile on internal portal sometime over next couple week help manager identify growth opportunity across team hrbp team cloudberry system
M166,anil.rao@nirmaya.edu,nupur@iris-mail.com,Project Check-In Next Week,"Dear Students,
 
 We will have a brief project check in sometime next week to see how everyone is progressing. Exact day will depend on the availability of all group members, will confirm shortly.
 
 Dr. Anil Rao",Meeting/Appointment,MEDIUM,Synthetic,"Project Check-In Next Week Dear Students,
 
 We will have a brief project check in sometime next week to see how everyone is progressing. Exact day will depend on the availability of all group members, will confirm shortly.
 
 Dr. Anil Rao",project check-in next week dear student brief project check sometime next week to see everyone progressing exact day depend on availability group member confirm shortly dr anil rao
M167,reception@wellnessclinic.example,nupur@iris-mail.com,Routine Checkup Due Next Month,"Hi Nupur,
 
 Your annual routine checkup with Dr. Kapoor is coming up next month. You can call anytime to book a slot that works with your schedule.
 
 Reception, Wellness Clinic",Meeting/Appointment,MEDIUM,Synthetic,"Routine Checkup Due Next Month Hi Nupur,
 
 Your annual routine checkup with Dr. Kapoor is coming up next month. You can call anytime to book a slot that works with your schedule.
 
 Reception, Wellness Clinic",routine checkup due next month hi nupur annual routine checkup dr kapoor coming next month call anytime to book slot work schedule reception wellness clinic
M168,hr@nexova.example,nupur@iris-mail.com,Interview Slots for Next Week,"Hi Nupur,
 
 We have a few interview slots open for next week. Let us know which day and time generally works for you so we can lock something in.
 
 Recruitment Team, Nexova Technologies",Meeting/Appointment,MEDIUM,Synthetic,"Interview Slots for Next Week Hi Nupur,
 
 We have a few interview slots open for next week. Let us know which day and time generally works for you so we can lock something in.
 
 Recruitment Team, Nexova Technologies",interview slot next week hi nupur interview slot open next week let u know day time generally work lock something recruitment team nexova technology
M169,secretary@greenmeadows.example,nupur@iris-mail.com,Monthly Meeting Reminder,"Dear Residents,
 
 Just a reminder that the monthly society meeting is happening next Sunday evening as usual, covering routine maintenance updates. Attendance is optional but always welcome.
 
 Secretary, Green Meadows Society",Meeting/Appointment,MEDIUM,Synthetic,"Monthly Meeting Reminder Dear Residents,
 
 Just a reminder that the monthly society meeting is happening next Sunday evening as usual, covering routine maintenance updates. Attendance is optional but always welcome.
 
 Secretary, Green Meadows Society",monthly meeting reminder dear resident reminder monthly society meeting happening next sunday evening usual covering routine maintenance update attendance optional always welcome secretary green meadow society
M170,simran.friend@gmail.example,nupur@iris-mail.com,Planning a Weekend Hangout,"Hey Nupur,
 
 Thinking of organizing a small get together this coming weekend if everyone is free. Let me know your availability whenever you get a chance so I can plan around it.
 
 Simran",Meeting/Appointment,MEDIUM,Synthetic,"Planning a Weekend Hangout Hey Nupur,
 
 Thinking of organizing a small get together this coming weekend if everyone is free. Let me know your availability whenever you get a chance so I can plan around it.
 
 Simran",planning weekend hangout hey nupur thinking organizing small get together coming weekend everyone free let know availability whenever get chance plan around simran
M171,classteacher@sunriseschool.example,nupur@iris-mail.com,Term Meeting Scheduled,"Dear Parent,
 
 The term end parent teacher meeting has been scheduled for next month. A detailed slot schedule will be shared closer to the date, no action needed for now.
 
 Class Teacher, Sunrise School",Meeting/Appointment,MEDIUM,Synthetic,"Term Meeting Scheduled Dear Parent,
 
 The term end parent teacher meeting has been scheduled for next month. A detailed slot schedule will be shared closer to the date, no action needed for now.
 
 Class Teacher, Sunrise School",term meeting scheduled dear parent term end parent teacher meeting scheduled next month detailed slot schedule shared closer to date no action needed class teacher sunrise school
M172,farhan.classmate@gmail.example,nupur@iris-mail.com,Study Group Meeting This Weekend,"Hi Nupur,
 
 A few of us are planning a study session this weekend before the semester test. Let me know if you would like to join, nothing fixed yet in terms of timing.
 
 Farhan",Meeting/Appointment,MEDIUM,Synthetic,"Study Group Meeting This Weekend Hi Nupur,
 
 A few of us are planning a study session this weekend before the semester test. Let me know if you would like to join, nothing fixed yet in terms of timing.
 
 Farhan",study group meeting weekend hi nupur u planning study session weekend before semester test let know would like to join nothing fixed yet term timing farhan
M173,frontdesk@petcareclinic.example,nupur@iris-mail.com,Annual Checkup Reminder,"Hi Nupur,
 
 Your dog's annual health checkup is coming up next month. Feel free to call the clinic anytime to book a convenient slot for the visit.
 
 Front Desk, PetCare Clinic",Meeting/Appointment,MEDIUM,Synthetic,"Annual Checkup Reminder Hi Nupur,
 
 Your dog's annual health checkup is coming up next month. Feel free to call the clinic anytime to book a convenient slot for the visit.
 
 Front Desk, PetCare Clinic",annual checkup reminder hi nupur dog annual health checkup coming next month feel free to call clinic anytime to book convenient slot visit front desk petcare clinic
M174,events@royalevents.example,nupur@iris-mail.com,Scheduling Your Venue Visit,"Hi Nupur,
 
 Following up on your enquiry, we would like to arrange a venue visit sometime in the next couple of weeks. Let us know a few dates that work for your family.
 
 Royal Events",Meeting/Appointment,MEDIUM,Synthetic,"Scheduling Your Venue Visit Hi Nupur,
 
 Following up on your enquiry, we would like to arrange a venue visit sometime in the next couple of weeks. Let us know a few dates that work for your family.
 
 Royal Events",scheduling venue visit hi nupur following on enquiry would like to arrange venue visit sometime next couple week let u know date work family royal event
M175,rohit.manager@orchidconsulting.example,nupur@iris-mail.com,Catching Up Sometime Soon,"Hi Nupur,
 
 Would be nice to catch up over a call sometime in the next couple of weeks, nothing specific in mind, just thought it has been a while since we last spoke.
 
 Rohit",Meeting/Appointment,MEDIUM,Synthetic,"Catching Up Sometime Soon Hi Nupur,
 
 Would be nice to catch up over a call sometime in the next couple of weeks, nothing specific in mind, just thought it has been a while since we last spoke.
 
 Rohit",catching sometime soon hi nupur would nice to catch over call sometime next couple week nothing specific mind thought since last spoke rohit
M176,dad@family.example,nupur@iris-mail.com,Planning the Weekend Get-Together,"Hi Nupur,
 
 Mom is thinking of planning a family get together sometime next weekend. Let us know which day suits you better so we can finalize the plan.
 
 Dad",Meeting/Appointment,MEDIUM,Synthetic,"Planning the Weekend Get-Together Hi Nupur,
 
 Mom is thinking of planning a family get together sometime next weekend. Let us know which day suits you better so we can finalize the plan.
 
 Dad",planning weekend get-together hi nupur mom thinking planning family get together sometime next weekend let u know day suit better finalize plan dad
M177,vikram.lead@cloudberry.example,nupur@iris-mail.com,Weekly Sync Moved to Wednesdays,"Hi Nupur,
 
 Starting next week, our regular team sync will move from Tuesdays to Wednesdays at the same time, due to a scheduling conflict on the client's end. Please update your calendar accordingly.
 
 Vikram",Meeting/Appointment,MEDIUM,Synthetic,"Weekly Sync Moved to Wednesdays Hi Nupur,
 
 Starting next week, our regular team sync will move from Tuesdays to Wednesdays at the same time, due to a scheduling conflict on the client's end. Please update your calendar accordingly.
 
 Vikram",weekly sync moved to wednesday hi nupur starting next week regular team sync move from tuesday to wednesday at time due to scheduling conflict on client end please update calendar accordingly vikram
M178,anil.rao@nirmaya.edu,nupur@iris-mail.com,Re: Project Check-In Confirmed,"Dear Students,
 
 Confirming that the project check in will happen next Wednesday afternoon in the seminar room. Please come with a short progress update, this is meant to be an informal discussion.
 
 Dr. Anil Rao",Meeting/Appointment,MEDIUM,Synthetic,"Re: Project Check-In Confirmed Dear Students,
 
 Confirming that the project check in will happen next Wednesday afternoon in the seminar room. Please come with a short progress update, this is meant to be an informal discussion.
 
 Dr. Anil Rao",: project check-in confirmed dear student confirming project check happen next wednesday afternoon seminar room please come short progress update meant to informal discussion dr anil rao
M179,hrbp@orchidconsulting.example,nupur@iris-mail.com,Scheduling Your Second Round,"Hi Nupur,
 
 We would like to schedule your second round interview sometime next week. Please share a couple of time slots that generally work for you so we can coordinate with the panel.
 
 Talent Team, Orchid Consulting",Meeting/Appointment,MEDIUM,Synthetic,"Scheduling Your Second Round Hi Nupur,
 
 We would like to schedule your second round interview sometime next week. Please share a couple of time slots that generally work for you so we can coordinate with the panel.
 
 Talent Team, Orchid Consulting",scheduling second round hi nupur would like to schedule second round interview sometime next week please share couple time slot generally work coordinate panel talent team orchid consulting
M180,ayesha.friend@gmail.example,nupur@iris-mail.com,Movie Plan for the Weekend,"Hey Nupur,
 
 A few of us are planning to catch a movie this weekend. Let me know if you are interested and free, we have not picked showtimes yet.
 
 Ayesha",Meeting/Appointment,MEDIUM,Synthetic,"Movie Plan for the Weekend Hey Nupur,
 
 A few of us are planning to catch a movie this weekend. Let me know if you are interested and free, we have not picked showtimes yet.
 
 Ayesha",movie plan weekend hey nupur u planning to catch movie weekend let know interested free not picked showtime yet ayesha
M181,meenakshi.iyer@nirmaya.edu,nupur@iris-mail.com,Doubt Clearing Session Next Week,"Dear Students,
 
 A doubt clearing session for the upcoming test has been scheduled for next week. Attendance is optional, but feel free to come with any questions from the recent topics.
 
 Dr. Meenakshi Iyer",Meeting/Appointment,MEDIUM,Synthetic,"Doubt Clearing Session Next Week Dear Students,
 
 A doubt clearing session for the upcoming test has been scheduled for next week. Attendance is optional, but feel free to come with any questions from the recent topics.
 
 Dr. Meenakshi Iyer",doubt clearing session next week dear student doubt clearing session upcoming test scheduled next week attendance optional feel free to come question from recent topic dr meenakshi iyer
M182,landlord.rajesh@gmail.example,nupur@iris-mail.com,Discussing the Lease Renewal Sometime Soon,"Hi Nupur,
 
 Whenever you get a chance over the next couple of weeks, let's sit down and go over the lease renewal terms for next year. No rush from my end, just want to plan ahead.
 
 Rajesh",Meeting/Appointment,MEDIUM,Synthetic,"Discussing the Lease Renewal Sometime Soon Hi Nupur,
 
 Whenever you get a chance over the next couple of weeks, let's sit down and go over the lease renewal terms for next year. No rush from my end, just want to plan ahead.
 
 Rajesh",discussing lease renewal sometime soon hi nupur whenever get chance over next couple week let sit go over lease renewal term next year no rush from end want to plan ahead rajesh
M183,webinars@careerlaunch.example,nupur@iris-mail.com,Reminder: Panel Discussion Next Week,"Hi Nupur,
 
 Just a reminder that the panel discussion on career switches is happening next week. You can still register on our site if you have not already done so.
 
 CareerLaunch Team",Meeting/Appointment,MEDIUM,Synthetic,"Reminder: Panel Discussion Next Week Hi Nupur,
 
 Just a reminder that the panel discussion on career switches is happening next week. You can still register on our site if you have not already done so.
 
 CareerLaunch Team",reminder : panel discussion next week hi nupur reminder panel discussion on career switch happening next week still register on site not already done careerlaunch team
M184,suresh.uncle@gmail.example,nupur@iris-mail.com,Family Call Sometime This Week,"Hi Nupur,
 
 Thinking we should all get on a call sometime this week just to catch up on the property discussion in general, nothing that needs an immediate decision.
 
 Suresh",Meeting/Appointment,MEDIUM,Synthetic,"Family Call Sometime This Week Hi Nupur,
 
 Thinking we should all get on a call sometime this week just to catch up on the property discussion in general, nothing that needs an immediate decision.
 
 Suresh",family call sometime week hi nupur thinking get on call sometime week to catch on property discussion general nothing need immediate decision suresh
M185,pm@cloudberry.example,nupur@iris-mail.com,Client Review Scheduled for Next Week,"Hi Team,
 
 The next client review has been scheduled for early next week. Please have your module updates ready to present a brief summary during the call.
 
 Project Manager, Cloudberry Systems",Meeting/Appointment,MEDIUM,Synthetic,"Client Review Scheduled for Next Week Hi Team,
 
 The next client review has been scheduled for early next week. Please have your module updates ready to present a brief summary during the call.
 
 Project Manager, Cloudberry Systems",client review scheduled next week hi team next client review scheduled early next week please module update ready to present brief summary during call project manager cloudberry system
M186,mom@family.example,nupur@iris-mail.com,How Is Everything Going,"Hi Nupur,
 
 Just checking in to see how you are doing this week. Call whenever you get a free moment, no particular reason, just wanted to hear your voice.
 
 Love,
 Mom",Personal,MEDIUM,Synthetic,"How Is Everything Going Hi Nupur,
 
 Just checking in to see how you are doing this week. Call whenever you get a free moment, no particular reason, just wanted to hear your voice.
 
 Love,
 Mom",everything going hi nupur checking to see week call whenever get free moment no particular reason wanted to hear voice love mom
M187,ayesha.friend@gmail.example,nupur@iris-mail.com,Long Time No Chat,"Hey Nupur,
 
 Feels like it has been forever since we properly talked. Let me know when you are free this week or next, would love to catch up.
 
 Ayesha",Personal,MEDIUM,Synthetic,"Long Time No Chat Hey Nupur,
 
 Feels like it has been forever since we properly talked. Let me know when you are free this week or next, would love to catch up.
 
 Ayesha",long time no chat hey nupur feel like forever since properly talked let know free week next would love to catch ayesha
M188,rohan.cousin@gmail.example,nupur@iris-mail.com,Baby Is Doing Well,"Hey Nupur,
 
 Just an update that the baby and my sister are both doing well now. Everyone has settled into a routine, will share more photos whenever we get a chance.
 
 Rohan",Personal,MEDIUM,Synthetic,"Baby Is Doing Well Hey Nupur,
 
 Just an update that the baby and my sister are both doing well now. Everyone has settled into a routine, will share more photos whenever we get a chance.
 
 Rohan",baby well hey nupur update baby sister well everyone settled routine share photo whenever get chance rohan
M189,dad@family.example,nupur@iris-mail.com,Thinking About a New Laptop for You,"Hi Nupur,
 
 Was thinking about getting you a new laptop before your final semester starts. No rush on this, just wanted to know your preferences whenever you get a chance to think about it.
 
 Dad",Personal,MEDIUM,Synthetic,"Thinking About a New Laptop for You Hi Nupur,
 
 Was thinking about getting you a new laptop before your final semester starts. No rush on this, just wanted to know your preferences whenever you get a chance to think about it.
 
 Dad",thinking new laptop hi nupur thinking getting new laptop before final semester start no rush on wanted to know preference whenever get chance to think dad
M190,suresh.uncle@gmail.example,nupur@iris-mail.com,Update on the Property Discussion,"Hi Nupur,
 
 Just keeping everyone posted, things with the property are moving along slowly but nothing to decide on right now. Will let you all know once there is something concrete.
 
 Suresh",Personal,MEDIUM,Synthetic,"Update on the Property Discussion Hi Nupur,
 
 Just keeping everyone posted, things with the property are moving along slowly but nothing to decide on right now. Will let you all know once there is something concrete.
 
 Suresh",update on property discussion hi nupur keeping everyone posted thing property moving along slowly nothing to decide on right let know something concrete suresh
M191,kabir.neighbor@gmail.example,nupur@iris-mail.com,Thanks for the Recommendation,"Hi Nupur,
 
 Thanks for recommending that repair shop last month, they did a great job. Just wanted to let you know it worked out well.
 
 Kabir",Personal,MEDIUM,Synthetic,"Thanks for the Recommendation Hi Nupur,
 
 Thanks for recommending that repair shop last month, they did a great job. Just wanted to let you know it worked out well.
 
 Kabir",thanks recommendation hi nupur thanks recommending repair shop last month great job wanted to let know worked well kabir
M192,vikas.neighbor@gmail.example,nupur@iris-mail.com,Society Garden Cleanup This Weekend,"Hi Nupur,
 
 A few of us are planning to clean up the small garden area near the entrance this weekend. Join in if you are around and interested, nothing formal about it.
 
 Vikas",Personal,MEDIUM,Synthetic,"Society Garden Cleanup This Weekend Hi Nupur,
 
 A few of us are planning to clean up the small garden area near the entrance this weekend. Join in if you are around and interested, nothing formal about it.
 
 Vikas",society garden cleanup weekend hi nupur u planning to clean small garden area near entrance weekend join around interested nothing formal vikas
M193,landlord.rajesh@gmail.example,nupur@iris-mail.com,General Update About the Building,"Hi Nupur,
 
 Just letting tenants know some minor repairs are planned in the common areas over the next couple of weeks. Should not disrupt anything major, just wanted to give a heads up.
 
 Rajesh",Personal,MEDIUM,Synthetic,"General Update About the Building Hi Nupur,
 
 Just letting tenants know some minor repairs are planned in the common areas over the next couple of weeks. Should not disrupt anything major, just wanted to give a heads up.
 
 Rajesh",general update building hi nupur letting tenant know minor repair planned common area over next couple week not disrupt anything major wanted to give head rajesh
M194,mom@family.example,nupur@iris-mail.com,Sending Over the Photos From Home,"Hi Nupur,
 
 Sharing a few photos from home, dad finally finished redoing the balcony garden. Take a look whenever you get a chance and let me know what you think.
 
 Love,
 Mom",Personal,MEDIUM,Synthetic,"Sending Over the Photos From Home Hi Nupur,
 
 Sharing a few photos from home, dad finally finished redoing the balcony garden. Take a look whenever you get a chance and let me know what you think.
 
 Love,
 Mom",sending over photo from home hi nupur sharing photo from home dad finally finished redoing balcony garden take look whenever get chance let know think love mom
M195,simran.friend@gmail.example,nupur@iris-mail.com,Book Recommendation for You,"Hey Nupur,
 
 Just finished a book I think you would really enjoy based on what you have mentioned liking before. Let me know if you want me to lend it to you sometime.
 
 Simran",Personal,MEDIUM,Synthetic,"Book Recommendation for You Hey Nupur,
 
 Just finished a book I think you would really enjoy based on what you have mentioned liking before. Let me know if you want me to lend it to you sometime.
 
 Simran",book recommendation hey nupur finished book think would really enjoy based on mentioned liking before let know want to lend to sometime simran
M196,dad@family.example,nupur@iris-mail.com,Thoughts on This Year's Vacation,"Hi Nupur,
 
 We were discussing possible vacation spots for this year. Nothing decided yet, just wanted your input whenever you get a chance to think about where you might like to go.
 
 Dad",Personal,MEDIUM,Synthetic,"Thoughts on This Year's Vacation Hi Nupur,
 
 We were discussing possible vacation spots for this year. Nothing decided yet, just wanted your input whenever you get a chance to think about where you might like to go.
 
 Dad",thought on year vacation hi nupur discussing possible vacation spot year nothing decided yet wanted input whenever get chance to think might like to go dad
M197,rohan.cousin@gmail.example,nupur@iris-mail.com,Planning the Naming Ceremony,"Hey Nupur,
 
 We are starting to plan the naming ceremony for the baby, likely sometime next month. Will share more details as things get finalized, just wanted to give everyone advance notice.
 
 Rohan",Personal,MEDIUM,Synthetic,"Planning the Naming Ceremony Hey Nupur,
 
 We are starting to plan the naming ceremony for the baby, likely sometime next month. Will share more details as things get finalized, just wanted to give everyone advance notice.
 
 Rohan",planning naming ceremony hey nupur starting to plan naming ceremony baby likely sometime next month share detail thing get finalized wanted to give everyone advance notice rohan
M198,ayesha.friend@gmail.example,nupur@iris-mail.com,Found Some Old Photos of Us,"Hey Nupur,
 
 Was going through my old phone and found a bunch of photos from our first year of college. Sharing a few, they made me laugh remembering how things used to be.
 
 Ayesha",Personal,MEDIUM,Synthetic,"Found Some Old Photos of Us Hey Nupur,
 
 Was going through my old phone and found a bunch of photos from our first year of college. Sharing a few, they made me laugh remembering how things used to be.
 
 Ayesha",found old photo u hey nupur going old phone found bunch photo from first year college sharing made laugh remembering thing used to ayesha
M199,kabir.neighbor@gmail.example,nupur@iris-mail.com,Borrowing Your Extension Cord,"Hi Nupur,
 
 Mind if I borrow your extension cord for a couple of days? We have some guests coming over and could use an extra one. Whenever is convenient for you works fine.
 
 Kabir",Personal,MEDIUM,Synthetic,"Borrowing Your Extension Cord Hi Nupur,
 
 Mind if I borrow your extension cord for a couple of days? We have some guests coming over and could use an extra one. Whenever is convenient for you works fine.
 
 Kabir",borrowing extension cord hi nupur mind borrow extension cord couple day guest coming over could use extra one whenever convenient work fine kabir
M200,mom@family.example,nupur@iris-mail.com,Recipe Turned Out Great,"Hi Nupur,
 
 Tried that recipe you sent last week and it turned out really well, everyone at home loved it. Thought I would let you know, thanks for sharing it.
 
 Love,
 Mom",Personal,MEDIUM,Synthetic,"Recipe Turned Out Great Hi Nupur,
 
 Tried that recipe you sent last week and it turned out really well, everyone at home loved it. Thought I would let you know, thanks for sharing it.
 
 Love,
 Mom",recipe turned great hi nupur tried recipe sent last week turned really well everyone at home loved thought would let know thanks sharing love mom
M201,techclub@nirmaya.edu,nupur@iris-mail.com,Hackathon Dates Announced,"Dear Students,
 
 The annual hackathon has been scheduled for next month. Team registrations will open soon on the club portal, keep an eye out if you are interested in participating.
 
 Tech Club, Nirmaya Institute",Event/Workshop,MEDIUM,Synthetic,"Hackathon Dates Announced Dear Students,
 
 The annual hackathon has been scheduled for next month. Team registrations will open soon on the club portal, keep an eye out if you are interested in participating.
 
 Tech Club, Nirmaya Institute",hackathon date announced dear student annual hackathon scheduled next month team registration open soon on club portal keep eye interested participating tech club nirmaya institute
M202,events@nirmaya.edu,nupur@iris-mail.com,Cultural Fest Committee Formation,"Dear Students,
 
 Committees for various events at this year's cultural fest are being formed over the next two weeks. Interested students can sign up through the student council office.
 
 Student Affairs, Nirmaya Institute",Event/Workshop,MEDIUM,Synthetic,"Cultural Fest Committee Formation Dear Students,
 
 Committees for various events at this year's cultural fest are being formed over the next two weeks. Interested students can sign up through the student council office.
 
 Student Affairs, Nirmaya Institute",cultural fest committee formation dear student committee various event at year cultural fest formed over next two week interested student sign student council office student affair nirmaya institute
M203,alumni@nirmaya.edu,nupur@iris-mail.com,Alumni Meet Registration Open,"Dear Students,
 
 Registration for the upcoming alumni meet is now open. Details about the schedule and guest speakers have been posted on the college website for anyone interested in attending.
 
 Alumni Relations, Nirmaya Institute",Event/Workshop,MEDIUM,Synthetic,"Alumni Meet Registration Open Dear Students,
 
 Registration for the upcoming alumni meet is now open. Details about the schedule and guest speakers have been posted on the college website for anyone interested in attending.
 
 Alumni Relations, Nirmaya Institute",alumnus meet registration open dear student registration upcoming alumnus meet open detail schedule guest speaker posted on college website anyone interested attending alumnus relation nirmaya institute
M204,webinars@careerlaunch.example,nupur@iris-mail.com,Upcoming Webinar Series Announced,"Hi Nupur,
 
 We are launching a new webinar series over the next month covering different career topics. The full schedule is available on our website if any of the sessions interest you.
 
 CareerLaunch Team",Event/Workshop,MEDIUM,Synthetic,"Upcoming Webinar Series Announced Hi Nupur,
 
 We are launching a new webinar series over the next month covering different career topics. The full schedule is available on our website if any of the sessions interest you.
 
 CareerLaunch Team",upcoming webinar series announced hi nupur launching new webinar series over next month covering different career topic full schedule available on website session interest careerlaunch team
M205,sportsoffice@nirmaya.edu,nupur@iris-mail.com,Volunteers Needed for Sports Day,"Dear Students,
 
 We are looking for a few student volunteers to help organize the annual sports day next month. Sign up at the sports office over the next two weeks if you are interested in helping out.
 
 Sports Office, Nirmaya Institute",Event/Workshop,MEDIUM,Synthetic,"Volunteers Needed for Sports Day Dear Students,
 
 We are looking for a few student volunteers to help organize the annual sports day next month. Sign up at the sports office over the next two weeks if you are interested in helping out.
 
 Sports Office, Nirmaya Institute",volunteer needed sport day dear student looking student volunteer to help organize annual sport day next month sign at sport office over next two week interested helping sport office nirmaya institute
M206,techclub@nirmaya.edu,nupur@iris-mail.com,Workshop on App Development Next Month,"Dear Students,
 
 A hands on workshop on mobile app development is being planned for next month. Registrations will open on the club portal soon, keep an eye out if this interests you.
 
 Tech Club, Nirmaya Institute",Event/Workshop,MEDIUM,Synthetic,"Workshop on App Development Next Month Dear Students,
 
 A hands on workshop on mobile app development is being planned for next month. Registrations will open on the club portal soon, keep an eye out if this interests you.
 
 Tech Club, Nirmaya Institute",workshop on app development next month dear student hand on workshop on mobile app development planned next month registration open on club portal soon keep eye interest tech club nirmaya institute
M207,greenmeadows.events@example.com,nupur@iris-mail.com,Society Sports Day Planning,"Dear Residents,
 
 Planning for the annual society sports day has begun for next month. If you would like to help organize or suggest events, reach out to the committee over the coming weeks.
 
 Events Committee, Green Meadows Society",Event/Workshop,MEDIUM,Synthetic,"Society Sports Day Planning Dear Residents,
 
 Planning for the annual society sports day has begun for next month. If you would like to help organize or suggest events, reach out to the committee over the coming weeks.
 
 Events Committee, Green Meadows Society",society sport day planning dear resident planning annual society sport day begun next month would like to help organize suggest event reach to committee over coming week event committee green meadow society
M208,bookclub@nirmaya.edu,nupur@iris-mail.com,New Members Welcome This Month,"Dear Students,
 
 The book club is welcoming new members this month. If you enjoy reading and discussing books, feel free to join our next meeting, details are on the notice board.
 
 Book Club, Nirmaya Institute",Event/Workshop,MEDIUM,Synthetic,"New Members Welcome This Month Dear Students,
 
 The book club is welcoming new members this month. If you enjoy reading and discussing books, feel free to join our next meeting, details are on the notice board.
 
 Book Club, Nirmaya Institute",new member welcome month dear student book club welcoming new member month enjoy reading discussing book feel free to join next meeting detail on notice board book club nirmaya institute
M209,musicsociety@nirmaya.edu,nupur@iris-mail.com,Annual Concert Planning Underway,"Dear Students,
 
 Planning for this year's annual music concert has begun. Performers interested in participating can express interest to the music society over the next couple of weeks.
 
 Music Society, Nirmaya Institute",Event/Workshop,MEDIUM,Synthetic,"Annual Concert Planning Underway Dear Students,
 
 Planning for this year's annual music concert has begun. Performers interested in participating can express interest to the music society over the next couple of weeks.
 
 Music Society, Nirmaya Institute",annual concert planning underway dear student planning year annual music concert begun performer interested participating express interest to music society over next couple week music society nirmaya institute
M210,photoclub@nirmaya.edu,nupur@iris-mail.com,Photo Exhibition Coming Up,"Dear Members,
 
 The photography club is planning a small exhibition of member work next month. Those interested in submitting photos can reach out to the club coordinator over the coming weeks.
 
 Photography Club, Nirmaya Institute",Event/Workshop,MEDIUM,Synthetic,"Photo Exhibition Coming Up Dear Members,
 
 The photography club is planning a small exhibition of member work next month. Those interested in submitting photos can reach out to the club coordinator over the coming weeks.
 
 Photography Club, Nirmaya Institute",photo exhibition coming dear member photography club planning small exhibition member work next month interested submitting photo reach to club coordinator over coming week photography club nirmaya institute
M211,events@standupcircuit.example,nupur@iris-mail.com,New Show Announced for Next Month,"Hi Nupur,
 
 A new comedy show has been announced for next month in your city. Tickets will go on sale soon, keep an eye on our website if you are interested.
 
 Standup Circuit",Event/Workshop,MEDIUM,Synthetic,"New Show Announced for Next Month Hi Nupur,
 
 A new comedy show has been announced for next month in your city. Tickets will go on sale soon, keep an eye on our website if you are interested.
 
 Standup Circuit",new show announced next month hi nupur new comedy show announced next month city ticket go on sale soon keep eye on website interested standup circuit
M212,webinars@careerlaunch.example,nupur@iris-mail.com,Upcoming Session on Freelancing,"Hi Nupur,
 
 We have a session coming up next month on getting started with freelancing while studying. Registration details will be shared closer to the date if you are interested in attending.
 
 CareerLaunch Team",Event/Workshop,MEDIUM,Synthetic,"Upcoming Session on Freelancing Hi Nupur,
 
 We have a session coming up next month on getting started with freelancing while studying. Registration details will be shared closer to the date if you are interested in attending.
 
 CareerLaunch Team",upcoming session on freelancing hi nupur session coming next month on getting started freelancing studying registration detail shared closer to date interested attending careerlaunch team
M213,techclub@nirmaya.edu,nupur@iris-mail.com,Guest Speaker Series Continues Next Month,"Dear Students,
 
 Our guest speaker series continues next month with a talk on emerging technologies. Attendance is optional, further details will be shared closer to the event.
 
 Tech Club, Nirmaya Institute",Event/Workshop,MEDIUM,Synthetic,"Guest Speaker Series Continues Next Month Dear Students,
 
 Our guest speaker series continues next month with a talk on emerging technologies. Attendance is optional, further details will be shared closer to the event.
 
 Tech Club, Nirmaya Institute",guest speaker series continues next month dear student guest speaker series continues next month talk on emerging technology attendance optional detail shared closer to event tech club nirmaya institute
M214,alumni@nirmaya.edu,nupur@iris-mail.com,Panel of Alumni Entrepreneurs Next Month,"Dear Students,
 
 We are organizing a panel discussion with alumni entrepreneurs next month. If you are interested in startups, this could be a good session to attend, details will follow soon.
 
 Alumni Relations, Nirmaya Institute",Event/Workshop,MEDIUM,Synthetic,"Panel of Alumni Entrepreneurs Next Month Dear Students,
 
 We are organizing a panel discussion with alumni entrepreneurs next month. If you are interested in startups, this could be a good session to attend, details will follow soon.
 
 Alumni Relations, Nirmaya Institute",panel alumnus entrepreneur next month dear student organizing panel discussion alumnus entrepreneur next month interested startup could good session to attend detail follow soon alumnus relation nirmaya institute
M215,events@nirmaya.edu,nupur@iris-mail.com,Founders Day Preparations Beginning,"Dear Students,
 
 Preparations for Founders Day celebrations later this semester are beginning. Students interested in volunteering for organizing committees can reach out to the student affairs office over the next few weeks.
 
 Student Affairs, Nirmaya Institute",Event/Workshop,MEDIUM,Synthetic,"Founders Day Preparations Beginning Dear Students,
 
 Preparations for Founders Day celebrations later this semester are beginning. Students interested in volunteering for organizing committees can reach out to the student affairs office over the next few weeks.
 
 Student Affairs, Nirmaya Institute",founder day preparation beginning dear student preparation founder day celebration later semester beginning student interested volunteering organizing committee reach to student affair office over next week student affair nirmaya institute
M216,care@suvidhabank.example,nupur@iris-mail.com,Statement Available for Review,"Dear Customer,
 
 Your account statement for last month is available on the app and net banking portal. Review it whenever convenient and reach out if you notice anything worth clarifying.
 
 Suvidha Bank",Financial,MEDIUM,Synthetic,"Statement Available for Review Dear Customer,
 
 Your account statement for last month is available on the app and net banking portal. Review it whenever convenient and reach out if you notice anything worth clarifying.
 
 Suvidha Bank",statement available review dear customer account statement last month available on app net banking portal review whenever convenient reach notice anything worth clarifying suvidha bank
M217,karan.hr@cloudberry.example,nupur@iris-mail.com,Reimbursement Update,"Hi Nupur,
 
 Your recent reimbursement claim has been approved and should reflect in your account within the usual payroll cycle timeline over the next week or so.
 
 Karan",Financial,MEDIUM,Synthetic,"Reimbursement Update Hi Nupur,
 
 Your recent reimbursement claim has been approved and should reflect in your account within the usual payroll cycle timeline over the next week or so.
 
 Karan",reimbursement update hi nupur recent reimbursement claim approved reflect account within usual payroll cycle timeline over next week karan
M218,policy@securelife.example,nupur@iris-mail.com,Annual Policy Review Suggestion,"Dear Nupur,
 
 As part of our yearly outreach, we suggest reviewing your policy coverage to see if it still matches your needs. You can schedule a call with an advisor whenever convenient.
 
 SecureLife Insurance",Financial,MEDIUM,Synthetic,"Annual Policy Review Suggestion Dear Nupur,
 
 As part of our yearly outreach, we suggest reviewing your policy coverage to see if it still matches your needs. You can schedule a call with an advisor whenever convenient.
 
 SecureLife Insurance",annual policy review suggestion dear nupur part yearly outreach suggest reviewing policy coverage to see still match need schedule call advisor whenever convenient securelife insurance
M219,noreply@zentracloud.example,nupur@iris-mail.com,Storage Usage Update,"Hi Nupur,
 
 You have used about half of your cloud storage plan. Nothing to act on right now, just a periodic update in case you want to review your files at some point.
 
 Zentra Cloud Team",Service/Other,MEDIUM,Synthetic,"Storage Usage Update Hi Nupur,
 
 You have used about half of your cloud storage plan. Nothing to act on right now, just a periodic update in case you want to review your files at some point.
 
 Zentra Cloud Team",storage usage update hi nupur used half cloud storage plan nothing to act on right periodic update case want to review file at point zentra cloud team
M220,support@webnesthosting.example,nupur@iris-mail.com,Upcoming Maintenance Window,"Dear Customer,
 
 A routine maintenance window is planned for your hosting plan next week, which may cause a brief interruption during low traffic hours. No action required from your side.
 
 Webnest Hosting Support",Service/Other,MEDIUM,Synthetic,"Upcoming Maintenance Window Dear Customer,
 
 A routine maintenance window is planned for your hosting plan next week, which may cause a brief interruption during low traffic hours. No action required from your side.
 
 Webnest Hosting Support",upcoming maintenance window dear customer routine maintenance window planned hosting plan next week may cause brief interruption during low traffic hour no action required from side webnest hosting support
M221,billing@musicstream.example,nupur@iris-mail.com,Subscription Renewal Next Month,"Hi Nupur,
 
 Your subscription is set to renew automatically next month. You can review or change your plan anytime before then through your account settings if needed.
 
 MusicStream Billing Team",Service/Other,MEDIUM,Synthetic,"Subscription Renewal Next Month Hi Nupur,
 
 Your subscription is set to renew automatically next month. You can review or change your plan anytime before then through your account settings if needed.
 
 MusicStream Billing Team",subscription renewal next month hi nupur subscription set to renew automatically next month review change plan anytime before account setting needed musicstream billing team
M222,meera.ca@meeraassociates.example,nupur@iris-mail.com,Documents for Next Filing Cycle,"Dear Nupur,
 
 As we start preparing for the next filing cycle, please share your income and investment details sometime over the coming weeks so we can begin working on your return in advance.
 
 Meera Associates",Financial,MEDIUM,Synthetic,"Documents for Next Filing Cycle Dear Nupur,
 
 As we start preparing for the next filing cycle, please share your income and investment details sometime over the coming weeks so we can begin working on your return in advance.
 
 Meera Associates",document next filing cycle dear nupur start preparing next filing cycle please share income investment detail sometime over coming week begin working on return advance meera associate
M223,care@suvidhabank.example,nupur@iris-mail.com,New Fixed Deposit Rates,"Dear Customer,
 
 We have revised our fixed deposit rates effective next month. If you are considering opening a new deposit, you can check the updated rates on our app.
 
 Suvidha Bank",Financial,MEDIUM,Synthetic,"New Fixed Deposit Rates Dear Customer,
 
 We have revised our fixed deposit rates effective next month. If you are considering opening a new deposit, you can check the updated rates on our app.
 
 Suvidha Bank",new fixed deposit rate dear customer revised fixed deposit rate effective next month considering opening new deposit check updated rate on app suvidha bank
M224,support@internethome.example,nupur@iris-mail.com,Plan Upgrade Options Available,"Dear Customer,
 
 A few higher speed plans are now available in your area if you are interested in upgrading. No action needed unless you would like to make a change to your current plan.
 
 Internet Home Broadband",Service/Other,MEDIUM,Synthetic,"Plan Upgrade Options Available Dear Customer,
 
 A few higher speed plans are now available in your area if you are interested in upgrading. No action needed unless you would like to make a change to your current plan.
 
 Internet Home Broadband",plan upgrade option available dear customer higher speed plan available area interested upgrading no action needed unless would like to make change to current plan internet home broadband
M225,billing@musicstream.example,nupur@iris-mail.com,Payment Confirmation for This Cycle,"Hi Nupur,
 
 This is a confirmation that your subscription payment for this cycle went through successfully. No action needed, just keeping you informed for your records.
 
 MusicStream Billing Team",Financial,MEDIUM,Synthetic,"Payment Confirmation for This Cycle Hi Nupur,
 
 This is a confirmation that your subscription payment for this cycle went through successfully. No action needed, just keeping you informed for your records.
 
 MusicStream Billing Team",payment confirmation cycle hi nupur confirmation subscription payment cycle went successfully no action needed keeping informed record musicstream billing team
M226,notify@skywings.example,nupur@iris-mail.com,Check-In Opens Soon for Your Flight,"Dear Nupur,
 
 Online check in will open 48 hours before your upcoming flight next month. You will receive a reminder closer to the date with a direct link to check in.
 
 SkyWings Airlines",Travel,MEDIUM,Synthetic,"Check-In Opens Soon for Your Flight Dear Nupur,
 
 Online check in will open 48 hours before your upcoming flight next month. You will receive a reminder closer to the date with a direct link to check in.
 
 SkyWings Airlines",check-in open soon flight dear nupur online check open 48 hour before upcoming flight next month receive reminder closer to date direct link to check skywings airline
M227,booking@railwayservices.example,nupur@iris-mail.com,Booking Confirmed for Next Month,"Dear Passenger,
 
 Your train booking for next month has been confirmed with a seat allotted. You can view the details anytime under your bookings on the app.
 
 Railway Booking Services",Travel,MEDIUM,Synthetic,"Booking Confirmed for Next Month Dear Passenger,
 
 Your train booking for next month has been confirmed with a seat allotted. You can view the details anytime under your bookings on the app.
 
 Railway Booking Services",booking confirmed next month dear passenger train booking next month confirmed seat allotted view detail anytime under booking on app railway booking service
M228,simran.friend@gmail.example,nupur@iris-mail.com,Trip Ideas for Next Month,"Hey Nupur,
 
 Been researching a few trip options for next month, nothing finalized yet. Let me know if you have any preferences before we start comparing costs.
 
 Simran",Travel,MEDIUM,Synthetic,"Trip Ideas for Next Month Hey Nupur,
 
 Been researching a few trip options for next month, nothing finalized yet. Let me know if you have any preferences before we start comparing costs.
 
 Simran",trip idea next month hey nupur researching trip option next month nothing finalized yet let know preference before start comparing cost simran
M229,dispatch@ridenow.example,nupur@iris-mail.com,New Payment Options Added,"Dear Customer,
 
 We have added a couple of new payment options to the app this month for your convenience. No action needed unless you would like to update your default payment method.
 
 RideNow Team",Travel,MEDIUM,Synthetic,"New Payment Options Added Dear Customer,
 
 We have added a couple of new payment options to the app this month for your convenience. No action needed unless you would like to update your default payment method.
 
 RideNow Team",new payment option added dear customer added couple new payment option to app month convenience no action needed unless would like to update default payment method ridenow team
M230,visaservices@globalvisa.example,nupur@iris-mail.com,Checklist for Upcoming Application,"Dear Nupur,
 
 Sharing a general checklist of documents for your upcoming visa application. You can start gathering these over the next few weeks before we schedule the submission.
 
 Visa Services Team",Travel,MEDIUM,Synthetic,"Checklist for Upcoming Application Dear Nupur,
 
 Sharing a general checklist of documents for your upcoming visa application. You can start gathering these over the next few weeks before we schedule the submission.
 
 Visa Services Team",checklist upcoming application dear nupur sharing general checklist document upcoming visa application start gathering over next week before schedule submission visa service team
M231,updates@travelbuzz.example,nupur@iris-mail.com,Seasonal Travel Tips,"Hi Nupur,
 
 A short piece on planning trips during the upcoming season, covering weather considerations and typical costs. A useful read whenever you are planning your next trip.
 
 Travel Buzz Team",Travel,MEDIUM,Synthetic,"Seasonal Travel Tips Hi Nupur,
 
 A short piece on planning trips during the upcoming season, covering weather considerations and typical costs. A useful read whenever you are planning your next trip.
 
 Travel Buzz Team",seasonal travel tip hi nupur short piece on planning trip during upcoming season covering weather consideration typical cost useful read whenever planning next trip travel buzz team
M232,notify@skywings.example,nupur@iris-mail.com,Frequent Flyer Tier Update,"Dear Nupur,
 
 Your frequent flyer status has been reviewed for this year based on your travel activity. Details of your current tier and benefits are available on the app.
 
 SkyWings Airlines",Travel,MEDIUM,Synthetic,"Frequent Flyer Tier Update Dear Nupur,
 
 Your frequent flyer status has been reviewed for this year based on your travel activity. Details of your current tier and benefits are available on the app.
 
 SkyWings Airlines",frequent flyer tier update dear nupur frequent flyer status reviewed year based on travel activity detail current tier benefit available on app skywings airline
M233,dad@family.example,nupur@iris-mail.com,Planning Uncle's Visit Next Month,"Hi Nupur,
 
 Uncle is planning to visit next month and we are trying to figure out the best dates. Let us know your college schedule whenever you get a chance so we can plan around it.
 
 Dad",Travel,MEDIUM,Synthetic,"Planning Uncle's Visit Next Month Hi Nupur,
 
 Uncle is planning to visit next month and we are trying to figure out the best dates. Let us know your college schedule whenever you get a chance so we can plan around it.
 
 Dad",planning uncle visit next month hi nupur uncle planning to visit next month trying to figure best date let u know college schedule whenever get chance plan around dad
M234,it@nirmaya.edu,nupur@iris-mail.com,Routine Password Change Reminder,"Dear Students,
 
 As per college policy, please change your portal password sometime in the next month. Your current password remains valid for now, this is a routine reminder sent to all students.
 
 IT Support, Nirmaya Institute",Security,MEDIUM,Synthetic,"Routine Password Change Reminder Dear Students,
 
 As per college policy, please change your portal password sometime in the next month. Your current password remains valid for now, this is a routine reminder sent to all students.
 
 IT Support, Nirmaya Institute",routine password change reminder dear student per college policy please change portal password sometime next month current password remains valid routine reminder sent to student support nirmaya institute
M235,noreply@zentracloud.example,nupur@iris-mail.com,Review Your Connected Devices,"Hi Nupur,
 
 As a general practice, it is a good idea to periodically review the devices connected to your account. You can check the list anytime in your account settings.
 
 Account Team, Zentra Cloud",Security,MEDIUM,Synthetic,"Review Your Connected Devices Hi Nupur,
 
 As a general practice, it is a good idea to periodically review the devices connected to your account. You can check the list anytime in your account settings.
 
 Account Team, Zentra Cloud",review connected device hi nupur general practice good idea to periodically review device connected to account check list anytime account setting account team zentra cloud
M236,care@suvidhabank.example,nupur@iris-mail.com,New Security Feature Available,"Dear Customer,
 
 We have introduced an additional security layer for online transactions on your account. You can enable it anytime through the app settings if you would like extra protection.
 
 Suvidha Bank",Security,MEDIUM,Synthetic,"New Security Feature Available Dear Customer,
 
 We have introduced an additional security layer for online transactions on your account. You can enable it anytime through the app settings if you would like extra protection.
 
 Suvidha Bank",new security feature available dear customer introduced additional security layer online transaction on account enable anytime app setting would like extra protection suvidha bank
M237,itsecurity@cloudberry.example,nupur@iris-mail.com,Quarterly Security Awareness Module,"Hi Nupur,
 
 The quarterly security awareness module is now available on the learning platform. Please complete it sometime within the next month as part of routine compliance.
 
 IT Security, Cloudberry Systems",Security,MEDIUM,Synthetic,"Quarterly Security Awareness Module Hi Nupur,
 
 The quarterly security awareness module is now available on the learning platform. Please complete it sometime within the next month as part of routine compliance.
 
 IT Security, Cloudberry Systems",quarterly security awareness module hi nupur quarterly security awareness module available on learning platform please complete sometime within next month part routine compliance security cloudberry system
M238,security@zentracloud.example,nupur@iris-mail.com,Review Your Account Recovery Options,"Hi Nupur,
 
 It is a good time to review the recovery options linked to your account, such as your backup email and phone number, to make sure they are up to date.
 
 Account Security Team, Zentra Cloud",Security,MEDIUM,Synthetic,"Review Your Account Recovery Options Hi Nupur,
 
 It is a good time to review the recovery options linked to your account, such as your backup email and phone number, to make sure they are up to date.
 
 Account Security Team, Zentra Cloud",review account recovery option hi nupur good time to review recovery option linked to account backup email phone number to make sure to date account security team zentra cloud
M239,hostelcommittee@nirmaya.edu,nupur@iris-mail.com,Feedback on Common Room Facilities,"Dear Students,
 
 The hostel committee is collecting feedback on the common room facilities to plan improvements for next semester. Please fill out the short survey whenever you get a chance.
 
 Hostel Committee, Nirmaya Institute",Other,MEDIUM,Synthetic,"Feedback on Common Room Facilities Dear Students,
 
 The hostel committee is collecting feedback on the common room facilities to plan improvements for next semester. Please fill out the short survey whenever you get a chance.
 
 Hostel Committee, Nirmaya Institute",feedback on common room facility dear student hostel committee collecting feedback on common room facility to plan improvement next semester please fill short survey whenever get chance hostel committee nirmaya institute
M240,revenue@municipalcorp.example,nupur@iris-mail.com,General Notice on Waste Collection Schedule,"Dear Resident,
 
 This is a general notice that the waste collection schedule in your area will be slightly adjusted starting next month. Please note the updated timings on the attached notice.
 
 Municipal Corporation",Other,MEDIUM,Synthetic,"General Notice on Waste Collection Schedule Dear Resident,
 
 This is a general notice that the waste collection schedule in your area will be slightly adjusted starting next month. Please note the updated timings on the attached notice.
 
 Municipal Corporation",general notice on waste collection schedule dear resident general notice waste collection schedule area slightly adjusted starting next month please note updated timing on attached notice municipal corporation
M241,management@greenmeadows.example,nupur@iris-mail.com,Reminder on Society Guidelines,"Dear Residents,
 
 A general reminder about the society's guidelines regarding common area usage, following a few informal observations. Nothing specific to any individual, just for everyone's awareness.
 
 Building Management, Green Meadows Society",Other,MEDIUM,Synthetic,"Reminder on Society Guidelines Dear Residents,
 
 A general reminder about the society's guidelines regarding common area usage, following a few informal observations. Nothing specific to any individual, just for everyone's awareness.
 
 Building Management, Green Meadows Society",reminder on society guideline dear resident general reminder society guideline regarding common area usage following informal observation nothing specific to individual everyone awareness building management green meadow society
M242,rnair.advocate@example.com,nupur@iris-mail.com,General Update on the Tenant Matter,"Dear Nupur,
 
 Just a general update that the tenant matter discussed earlier is progressing as expected with no new developments to report. Will reach out if anything requires attention.
 
 Advocate R. Nair",Other,MEDIUM,Synthetic,"General Update on the Tenant Matter Dear Nupur,
 
 Just a general update that the tenant matter discussed earlier is progressing as expected with no new developments to report. Will reach out if anything requires attention.
 
 Advocate R. Nair",general update on tenant matter dear nupur general update tenant matter discussed earlier progressing expected no new development to report reach anything requires attention advocate r nair
M243,surveys@feedbackhub.example,nupur@iris-mail.com,Feedback on Recent Purchases,"Hi Nupur,
 
 We would appreciate your thoughts on a couple of recent purchases through a short optional survey. Completely up to you whether you would like to participate.
 
 FeedbackHub Team",Other,MEDIUM,Synthetic,"Feedback on Recent Purchases Hi Nupur,
 
 We would appreciate your thoughts on a couple of recent purchases through a short optional survey. Completely up to you whether you would like to participate.
 
 FeedbackHub Team",feedback on recent purchase hi nupur would appreciate thought on couple recent purchase short optional survey completely to whether would like to participate feedbackhub team
M244,vikas.neighbor@gmail.example,nupur@iris-mail.com,Society Meeting Notes Shared,"Hi Nupur,
 
 Sharing the notes from last week's society meeting for anyone who could not attend. Nothing urgent, just a summary of what was discussed.
 
 Vikas",Other,MEDIUM,Synthetic,"Society Meeting Notes Shared Hi Nupur,
 
 Sharing the notes from last week's society meeting for anyone who could not attend. Nothing urgent, just a summary of what was discussed.
 
 Vikas",society meeting note shared hi nupur sharing note from last week society meeting anyone could not attend nothing urgent summary discussed vikas
M245,kabir.neighbor@gmail.example,nupur@iris-mail.com,General Update About the Tree Trimming,"Hi Nupur,
 
 Just letting everyone know the tree trimming near our wall has been scheduled for sometime next week. Should be a quick job, nothing needed from residents.
 
 Kabir",Other,MEDIUM,Synthetic,"General Update About the Tree Trimming Hi Nupur,
 
 Just letting everyone know the tree trimming near our wall has been scheduled for sometime next week. Should be a quick job, nothing needed from residents.
 
 Kabir",general update tree trimming hi nupur letting everyone know tree trimming near wall scheduled sometime next week quick job nothing needed from resident kabir
M246,facilities@greenmeadows.example,nupur@iris-mail.com,Routine Elevator Maintenance Scheduled,"Dear Residents,
 
 Routine elevator maintenance has been scheduled for next week. It should not cause major disruption, but there may be brief periods where the elevator is temporarily out of service.
 
 Facilities Management",Other,MEDIUM,Synthetic,"Routine Elevator Maintenance Scheduled Dear Residents,
 
 Routine elevator maintenance has been scheduled for next week. It should not cause major disruption, but there may be brief periods where the elevator is temporarily out of service.
 
 Facilities Management",routine elevator maintenance scheduled dear resident routine elevator maintenance scheduled next week not cause major disruption may brief period elevator temporarily service facility management
M247,management@greenmeadows.example,nupur@iris-mail.com,New Notice Board Installed,"Dear Residents,
 
 A new digital notice board has been installed near the main entrance to share society updates more easily going forward. Feel free to check it periodically for announcements.
 
 Building Management, Green Meadows Society",Other,MEDIUM,Synthetic,"New Notice Board Installed Dear Residents,
 
 A new digital notice board has been installed near the main entrance to share society updates more easily going forward. Feel free to check it periodically for announcements.
 
 Building Management, Green Meadows Society",new notice board installed dear resident new digital notice board installed near main entrance to share society update easily going forward feel free to check periodically announcement building management green meadow society
M248,hostelcommittee@nirmaya.edu,nupur@iris-mail.com,General Reminder on Room Cleanliness,"Dear Students,
 
 This is a general reminder to keep rooms tidy ahead of the routine inspection expected sometime next month. Exact date will be announced closer to the time.
 
 Hostel Committee, Nirmaya Institute",Other,MEDIUM,Synthetic,"General Reminder on Room Cleanliness Dear Students,
 
 This is a general reminder to keep rooms tidy ahead of the routine inspection expected sometime next month. Exact date will be announced closer to the time.
 
 Hostel Committee, Nirmaya Institute",general reminder on room cleanliness dear student general reminder to keep room tidy ahead routine inspection expected sometime next month exact date announced closer to time hostel committee nirmaya institute
M249,revenue@municipalcorp.example,nupur@iris-mail.com,Property Assessment Cycle Update,"Dear Resident,
 
 This is a general notice that the municipal corporation's routine property assessment cycle will continue over the next few weeks. No action required unless you receive a specific notice regarding your property.
 
 Municipal Corporation",Other,MEDIUM,Synthetic,"Property Assessment Cycle Update Dear Resident,
 
 This is a general notice that the municipal corporation's routine property assessment cycle will continue over the next few weeks. No action required unless you receive a specific notice regarding your property.
 
 Municipal Corporation",property assessment cycle update dear resident general notice municipal corporation routine property assessment cycle continue over next week no action required unless receive specific notice regarding property municipal corporation
M250,vandana.shah@nirmaya.edu,nupur@iris-mail.com,Reminder About the Department Library,"Hi Nupur,
 
 Just a general reminder that the department library has extended its evening hours for the semester. Feel free to use the extra time whenever it suits your schedule.
 
 Dr. Vandana Shah",Other,MEDIUM,Synthetic,"Reminder About the Department Library Hi Nupur,
 
 Just a general reminder that the department library has extended its evening hours for the semester. Feel free to use the extra time whenever it suits your schedule.
 
 Dr. Vandana Shah",reminder department library hi nupur general reminder department library extended evening hour semester feel free to use extra time whenever suit schedule dr vandana shah
L001,deals@trendythreads.example,nupur@iris-mail.com,New Arrivals for the Season,"Hi Nupur,
 
 Our new season collection just dropped, featuring lightweight fabrics and fresh prints. Browse the full range on our website whenever you have a moment, we think you will like a few pieces from the casual wear section.
 
 Team TrendyThreads",Promotion,LOW,Synthetic,"New Arrivals for the Season Hi Nupur,
 
 Our new season collection just dropped, featuring lightweight fabrics and fresh prints. Browse the full range on our website whenever you have a moment, we think you will like a few pieces from the casual wear section.
 
 Team TrendyThreads",new arrival season hi nupur new season collection dropped featuring lightweight fabric fresh print browse full range on website whenever moment think like piece from casual wear section team trendythreads
L002,offers@stylehub.example,nupur@iris-mail.com,Weekend Sale on Footwear,"Hi Nupur,
 
 Take a look at our weekend sale on sneakers and sandals, with prices starting lower than usual across select brands. The sale runs through the weekend if you want to browse when you get a chance.
 
 StyleHub Team",Promotion,LOW,Synthetic,"Weekend Sale on Footwear Hi Nupur,
 
 Take a look at our weekend sale on sneakers and sandals, with prices starting lower than usual across select brands. The sale runs through the weekend if you want to browse when you get a chance.
 
 StyleHub Team",weekend sale on footwear hi nupur take look at weekend sale on sneaker sandal price starting lower usual across select brand sale run weekend want to browse get chance stylehub team
L003,hello@urbanbasics.example,nupur@iris-mail.com,Restocked: Your Favorite Basics,"Hi Nupur,
 
 Good news, the cotton t-shirts you liked earlier are back in stock in a few new colors. Feel free to check them out next time you are browsing for essentials.
 
 Urban Basics",Promotion,LOW,Synthetic,"Restocked: Your Favorite Basics Hi Nupur,
 
 Good news, the cotton t-shirts you liked earlier are back in stock in a few new colors. Feel free to check them out next time you are browsing for essentials.
 
 Urban Basics",restocked : favorite basic hi nupur good news cotton t-shirt liked earlier back stock new color feel free to check next time browsing essential urban basic
L004,deals@trendythreads.example,nupur@iris-mail.com,End of Month Clearance,"Hi Nupur,
 
 We are clearing out select items from last season to make room for new stock. Prices have been reduced across a few categories, worth a browse if you are looking for something casual.
 
 Team TrendyThreads",Promotion,LOW,Synthetic,"End of Month Clearance Hi Nupur,
 
 We are clearing out select items from last season to make room for new stock. Prices have been reduced across a few categories, worth a browse if you are looking for something casual.
 
 Team TrendyThreads",end month clearance hi nupur clearing select item from last season to make room new stock price reduced across category worth browse looking something casual team trendythreads
L005,news@gadgetmart.example,nupur@iris-mail.com,Accessories Worth Checking Out,"Hi Nupur,
 
 We have added a few new phone cases and chargers to our accessories section this week. Nothing urgent, just thought you might want to take a look next time you are shopping for gadgets.
 
 GadgetMart Team",Promotion,LOW,Synthetic,"Accessories Worth Checking Out Hi Nupur,
 
 We have added a few new phone cases and chargers to our accessories section this week. Nothing urgent, just thought you might want to take a look next time you are shopping for gadgets.
 
 GadgetMart Team",accessory worth checking hi nupur added new phone case charger to accessory section week nothing urgent thought might want to take look next time shopping gadget gadgetmart team
L006,promo@bookbazaar.example,nupur@iris-mail.com,New Fiction Titles This Month,"Hi Nupur,
 
 A fresh batch of fiction titles has arrived this month, including a few award winning releases. Take a look when you are free, we have also added a small discount on pre orders.
 
 Book Bazaar",Promotion,LOW,Synthetic,"New Fiction Titles This Month Hi Nupur,
 
 A fresh batch of fiction titles has arrived this month, including a few award winning releases. Take a look when you are free, we have also added a small discount on pre orders.
 
 Book Bazaar",new fiction title month hi nupur fresh batch fiction title arrived month including award winning release take look free also added small discount on pre order book bazaar
L007,offers@stylehub.example,nupur@iris-mail.com,Festive Collection Preview,"Hi Nupur,
 
 Getting an early look at our festive collection before it officially launches next week. Feel free to browse the preview on our app whenever convenient, nothing needs action right now.
 
 StyleHub Team",Promotion,LOW,Synthetic,"Festive Collection Preview Hi Nupur,
 
 Getting an early look at our festive collection before it officially launches next week. Feel free to browse the preview on our app whenever convenient, nothing needs action right now.
 
 StyleHub Team",festive collection preview hi nupur getting early look at festive collection before officially launch next week feel free to browse preview on app whenever convenient nothing need action right stylehub team
L008,hello@homedecorco.example,nupur@iris-mail.com,Refresh Your Room This Season,"Hi Nupur,
 
 Looking to refresh your room decor? We have added a few new items to our home decor line, including some budget friendly wall art and lighting options worth a look.
 
 Home Decor Co",Promotion,LOW,Synthetic,"Refresh Your Room This Season Hi Nupur,
 
 Looking to refresh your room decor? We have added a few new items to our home decor line, including some budget friendly wall art and lighting options worth a look.
 
 Home Decor Co",refresh room season hi nupur looking to refresh room decor added new item to home decor line including budget friendly wall art lighting option worth look home decor co
L009,news@gadgetmart.example,nupur@iris-mail.com,Compare Our Latest Earbuds,"Hi Nupur,
 
 We put together a comparison of our top three earbud models this month if you are ever in the market for a new pair. No rush, just thought it might be a useful read.
 
 GadgetMart Team",Technology,LOW,Synthetic,"Compare Our Latest Earbuds Hi Nupur,
 
 We put together a comparison of our top three earbud models this month if you are ever in the market for a new pair. No rush, just thought it might be a useful read.
 
 GadgetMart Team",compare latest earbuds hi nupur put together comparison top three earbud model month ever market new pair no rush thought might useful read gadgetmart team
L010,deals@trendythreads.example,nupur@iris-mail.com,Your Wishlist Items on Sale,"Hi Nupur,
 
 A couple of items in your wishlist are currently on sale. You can check your wishlist on the app whenever you have a moment to see if anything catches your eye at the new price.
 
 Team TrendyThreads",Promotion,LOW,Synthetic,"Your Wishlist Items on Sale Hi Nupur,
 
 A couple of items in your wishlist are currently on sale. You can check your wishlist on the app whenever you have a moment to see if anything catches your eye at the new price.
 
 Team TrendyThreads",wishlist item on sale hi nupur couple item wishlist currently on sale check wishlist on app whenever moment to see anything catch eye at new price team trendythreads
L011,promo@bookbazaar.example,nupur@iris-mail.com,Author Interview: Behind the New Release,"Hi Nupur,
 
 We spoke to the author of this month's bestselling release about the writing process. If you enjoy behind the scenes content, the full interview is up on our blog.
 
 Book Bazaar",Newsletter,LOW,Synthetic,"Author Interview: Behind the New Release Hi Nupur,
 
 We spoke to the author of this month's bestselling release about the writing process. If you enjoy behind the scenes content, the full interview is up on our blog.
 
 Book Bazaar",author interview : behind new release hi nupur spoke to author month bestselling release writing process enjoy behind scene content full interview on blog book bazaar
L012,offers@stylehub.example,nupur@iris-mail.com,Accessories Under a Budget,"Hi Nupur,
 
 A small curated selection of accessories under a reasonable budget has been added to our store this week. Take a look whenever you happen to be browsing.
 
 StyleHub Team",Promotion,LOW,Synthetic,"Accessories Under a Budget Hi Nupur,
 
 A small curated selection of accessories under a reasonable budget has been added to our store this week. Take a look whenever you happen to be browsing.
 
 StyleHub Team",accessory under budget hi nupur small curated selection accessory under reasonable budget added to store week take look whenever happen to browsing stylehub team
L013,hello@urbanbasics.example,nupur@iris-mail.com,Our Sustainability Update,"Hi Nupur,
 
 Sharing a short update on the sustainable materials we have started using in some of our new collections. Just thought you might find this interesting as a customer who has shopped with us before.
 
 Urban Basics",Newsletter,LOW,Synthetic,"Our Sustainability Update Hi Nupur,
 
 Sharing a short update on the sustainable materials we have started using in some of our new collections. Just thought you might find this interesting as a customer who has shopped with us before.
 
 Urban Basics",sustainability update hi nupur sharing short update on sustainable material started using new collection thought might find interesting customer shopped u before urban basic
L014,news@gadgetmart.example,nupur@iris-mail.com,This Month's Top Rated Gadgets,"Hi Nupur,
 
 Here is a quick roundup of the top rated gadgets on our store this month based on customer reviews. Worth a browse if you are curious about what people are buying lately.
 
 GadgetMart Team",Technology,LOW,Synthetic,"This Month's Top Rated Gadgets Hi Nupur,
 
 Here is a quick roundup of the top rated gadgets on our store this month based on customer reviews. Worth a browse if you are curious about what people are buying lately.
 
 GadgetMart Team",month top rated gadget hi nupur quick roundup top rated gadget on store month based on customer review worth browse curious people buying lately gadgetmart team
L015,hello@homedecorco.example,nupur@iris-mail.com,Small Space Decor Ideas,"Hi Nupur,
 
 We put together a short guide on decorating small spaces like hostel rooms and studio apartments. Might be a fun read if you have a few minutes to spare.
 
 Home Decor Co",Newsletter,LOW,Synthetic,"Small Space Decor Ideas Hi Nupur,
 
 We put together a short guide on decorating small spaces like hostel rooms and studio apartments. Might be a fun read if you have a few minutes to spare.
 
 Home Decor Co",small space decor idea hi nupur put together short guide on decorating small space like hostel room studio apartment might fun read minute to spare home decor co
L016,deals@trendythreads.example,nupur@iris-mail.com,Try Our New Loyalty Points Program,"Hi Nupur,
 
 We recently launched a loyalty points program where you can earn points on every purchase. You can check your current points balance anytime on the app, no action needed unless you want to redeem them.
 
 Team TrendyThreads",Service,LOW,Synthetic,"Try Our New Loyalty Points Program Hi Nupur,
 
 We recently launched a loyalty points program where you can earn points on every purchase. You can check your current points balance anytime on the app, no action needed unless you want to redeem them.
 
 Team TrendyThreads",try new loyalty point program hi nupur recently launched loyalty point program earn point on every purchase check current point balance anytime on app no action needed unless want to redeem team trendythreads
L017,promo@bookbazaar.example,nupur@iris-mail.com,Reader Recommendations Based on Your History,"Hi Nupur,
 
 Based on what you have purchased before, we thought you might enjoy a few titles in the mystery and thriller genres. Take a look whenever you are in the mood for something new to read.
 
 Book Bazaar",Promotion,LOW,Synthetic,"Reader Recommendations Based on Your History Hi Nupur,
 
 Based on what you have purchased before, we thought you might enjoy a few titles in the mystery and thriller genres. Take a look whenever you are in the mood for something new to read.
 
 Book Bazaar",reader recommendation based on history hi nupur based on purchased before thought might enjoy title mystery thriller genre take look whenever mood something new to read book bazaar
L018,offers@stylehub.example,nupur@iris-mail.com,Try Before You Buy Now Available,"Hi Nupur,
 
 We have added a try before you buy option for select clothing categories in your city. Just wanted to let you know it exists in case you want to use it sometime.
 
 StyleHub Team",Service,LOW,Synthetic,"Try Before You Buy Now Available Hi Nupur,
 
 We have added a try before you buy option for select clothing categories in your city. Just wanted to let you know it exists in case you want to use it sometime.
 
 StyleHub Team",try before buy available hi nupur added try before buy option select clothing category city wanted to let know exists case want to use sometime stylehub team
L019,news@gadgetmart.example,nupur@iris-mail.com,Trade-In Program for Old Devices,"Hi Nupur,
 
 If you have any old gadgets lying around, our trade in program lets you exchange them for store credit. No pressure to use it, just sharing in case it is useful to you at some point.
 
 GadgetMart Team",Service,LOW,Synthetic,"Trade-In Program for Old Devices Hi Nupur,
 
 If you have any old gadgets lying around, our trade in program lets you exchange them for store credit. No pressure to use it, just sharing in case it is useful to you at some point.
 
 GadgetMart Team",trade-in program old device hi nupur old gadget lying around trade program let exchange store credit no pressure to use sharing case useful to at point gadgetmart team
L020,hello@homedecorco.example,nupur@iris-mail.com,Customer Photos We Loved This Month,"Hi Nupur,
 
 We featured a few customer submitted photos of their decorated spaces on our social media this month. Take a look if you want some inspiration for your own room.
 
 Home Decor Co",Community,LOW,Synthetic,"Customer Photos We Loved This Month Hi Nupur,
 
 We featured a few customer submitted photos of their decorated spaces on our social media this month. Take a look if you want some inspiration for your own room.
 
 Home Decor Co",customer photo loved month hi nupur featured customer submitted photo decorated space on social medium month take look want inspiration room home decor co
L021,newsletter@techdigest.example,nupur@iris-mail.com,This Week in Tech,"Hi Nupur,
 
 Here is a roundup of interesting technology news and articles from this past week, curated based on topics you have shown interest in. Read whenever you have some free time.
 
 Tech Digest Team",Newsletter,LOW,Synthetic,"This Week in Tech Hi Nupur,
 
 Here is a roundup of interesting technology news and articles from this past week, curated based on topics you have shown interest in. Read whenever you have some free time.
 
 Tech Digest Team",week tech hi nupur roundup interesting technology news article from past week curated based on topic shown interest read whenever free time tech digest team
L022,newsletter@techdigest.example,nupur@iris-mail.com,Weekly Roundup: AI and Software Trends,"Hi Nupur,
 
 This week's edition covers a few notable developments in AI tools and software trends. As always, feel free to skim through the highlights whenever convenient.
 
 Tech Digest Team",Newsletter,LOW,Synthetic,"Weekly Roundup: AI and Software Trends Hi Nupur,
 
 This week's edition covers a few notable developments in AI tools and software trends. As always, feel free to skim through the highlights whenever convenient.
 
 Tech Digest Team",weekly roundup : ai software trend hi nupur week edition cover notable development ai tool software trend always feel free to skim highlight whenever convenient tech digest team
L023,digest@campuslife.example,nupur@iris-mail.com,Campus Life Weekly Digest,"Hi Nupur,
 
 Catch up on campus happenings from the past week, including club activities and general announcements from various departments. Nothing requires action, just a summary for your reading.
 
 Campus Life Digest",Newsletter,LOW,Synthetic,"Campus Life Weekly Digest Hi Nupur,
 
 Catch up on campus happenings from the past week, including club activities and general announcements from various departments. Nothing requires action, just a summary for your reading.
 
 Campus Life Digest",campus life weekly digest hi nupur catch on campus happening from past week including club activity general announcement from various department nothing requires action summary reading campus life digest
L024,news@foodieweekly.example,nupur@iris-mail.com,This Week's Food Trends,"Hi Nupur,
 
 Our weekly roundup covers a few interesting food trends and recipe ideas we came across this week. Take a look if you are in the mood for some kitchen inspiration.
 
 Foodie Weekly",Newsletter,LOW,Synthetic,"This Week's Food Trends Hi Nupur,
 
 Our weekly roundup covers a few interesting food trends and recipe ideas we came across this week. Take a look if you are in the mood for some kitchen inspiration.
 
 Foodie Weekly",week food trend hi nupur weekly roundup cover interesting food trend recipe idea came across week take look mood kitchen inspiration foodie weekly
L025,updates@travelbuzz.example,nupur@iris-mail.com,Travel Inspiration for Your Next Trip,"Hi Nupur,
 
 This week's newsletter features a few underrated travel destinations and tips for planning a budget friendly trip. Read whenever you get a free moment, purely for inspiration.
 
 Travel Buzz Team",Newsletter,LOW,Synthetic,"Travel Inspiration for Your Next Trip Hi Nupur,
 
 This week's newsletter features a few underrated travel destinations and tips for planning a budget friendly trip. Read whenever you get a free moment, purely for inspiration.
 
 Travel Buzz Team",travel inspiration next trip hi nupur week newsletter feature underrated travel destination tip planning budget friendly trip read whenever get free moment purely inspiration travel buzz team
L026,newsletter@techdigest.example,nupur@iris-mail.com,Gadget Reviews Roundup,"Hi Nupur,
 
 A collection of gadget reviews from this month has been compiled for easy reading. Nothing here requires any action, just some light reading if you are interested in tech.
 
 Tech Digest Team",Newsletter,LOW,Synthetic,"Gadget Reviews Roundup Hi Nupur,
 
 A collection of gadget reviews from this month has been compiled for easy reading. Nothing here requires any action, just some light reading if you are interested in tech.
 
 Tech Digest Team",gadget review roundup hi nupur collection gadget review from month compiled easy reading nothing requires action light reading interested tech tech digest team
L027,digest@campuslife.example,nupur@iris-mail.com,Student Achievements This Month,"Hi Nupur,
 
 A quick digest highlighting a few student achievements across departments this month. Nice to read through if you have some time, no action needed.
 
 Campus Life Digest",Newsletter,LOW,Synthetic,"Student Achievements This Month Hi Nupur,
 
 A quick digest highlighting a few student achievements across departments this month. Nice to read through if you have some time, no action needed.
 
 Campus Life Digest",student achievement month hi nupur quick digest highlighting student achievement across department month nice to read time no action needed campus life digest
L028,news@moviebuzz.example,nupur@iris-mail.com,This Week's Entertainment News,"Hi Nupur,
 
 Catch up on the latest movie and show announcements from this week in our entertainment roundup. A light read for whenever you have a few spare minutes.
 
 Movie Buzz Team",Entertainment,LOW,Synthetic,"This Week's Entertainment News Hi Nupur,
 
 Catch up on the latest movie and show announcements from this week in our entertainment roundup. A light read for whenever you have a few spare minutes.
 
 Movie Buzz Team",week entertainment news hi nupur catch on latest movie show announcement from week entertainment roundup light read whenever spare minute movie buzz team
L029,insights@careerlaunch.example,nupur@iris-mail.com,Career Tips Weekly Digest,"Hi Nupur,
 
 This week's digest includes a few general tips on resume writing and interview preparation. Worth a skim whenever you have some time, nothing specific to act on right now.
 
 CareerLaunch Team",Newsletter,LOW,Synthetic,"Career Tips Weekly Digest Hi Nupur,
 
 This week's digest includes a few general tips on resume writing and interview preparation. Worth a skim whenever you have some time, nothing specific to act on right now.
 
 CareerLaunch Team",career tip weekly digest hi nupur week digest includes general tip on resume writing interview preparation worth skim whenever time nothing specific to act on right careerlaunch team
L030,news@foodieweekly.example,nupur@iris-mail.com,Seasonal Ingredients Spotlight,"Hi Nupur,
 
 This edition spotlights a few seasonal ingredients and simple recipes to try with them. A nice light read if you enjoy cooking in your free time.
 
 Foodie Weekly",Newsletter,LOW,Synthetic,"Seasonal Ingredients Spotlight Hi Nupur,
 
 This edition spotlights a few seasonal ingredients and simple recipes to try with them. A nice light read if you enjoy cooking in your free time.
 
 Foodie Weekly",seasonal ingredient spotlight hi nupur edition spotlight seasonal ingredient simple recipe to try nice light read enjoy cooking free time foodie weekly
L031,updates@travelbuzz.example,nupur@iris-mail.com,Weekend Getaway Ideas,"Hi Nupur,
 
 A short list of weekend getaway ideas within a few hours drive, in case you are ever looking for a quick trip idea. Purely for browsing, nothing time sensitive here.
 
 Travel Buzz Team",Newsletter,LOW,Synthetic,"Weekend Getaway Ideas Hi Nupur,
 
 A short list of weekend getaway ideas within a few hours drive, in case you are ever looking for a quick trip idea. Purely for browsing, nothing time sensitive here.
 
 Travel Buzz Team",weekend getaway idea hi nupur short list weekend getaway idea within hour drive case ever looking quick trip idea purely browsing nothing time sensitive travel buzz team
L032,digest@campuslife.example,nupur@iris-mail.com,Sports Roundup From Last Week,"Hi Nupur,
 
 A summary of last week's inter department sports matches and results. Take a look if you are curious how things went, no action needed on your part.
 
 Campus Life Digest",Newsletter,LOW,Synthetic,"Sports Roundup From Last Week Hi Nupur,
 
 A summary of last week's inter department sports matches and results. Take a look if you are curious how things went, no action needed on your part.
 
 Campus Life Digest",sport roundup from last week hi nupur summary last week inter department sport match result take look curious thing went no action needed on part campus life digest
L033,newsletter@techdigest.example,nupur@iris-mail.com,Explainer: How Cloud Storage Works,"Hi Nupur,
 
 This week's explainer piece breaks down how cloud storage works in simple terms. Might be an interesting read given your interest in tech topics.
 
 Tech Digest Team",Newsletter,LOW,Synthetic,"Explainer: How Cloud Storage Works Hi Nupur,
 
 This week's explainer piece breaks down how cloud storage works in simple terms. Might be an interesting read given your interest in tech topics.
 
 Tech Digest Team",explainer : cloud storage work hi nupur week explainer piece break cloud storage work simple term might interesting read given interest tech topic tech digest team
L034,news@moviebuzz.example,nupur@iris-mail.com,Weekend Watchlist Suggestions,"Hi Nupur,
 
 A few suggestions for your weekend watchlist based on popular picks this month. Browse whenever you are deciding what to watch next.
 
 Movie Buzz Team",Entertainment,LOW,Synthetic,"Weekend Watchlist Suggestions Hi Nupur,
 
 A few suggestions for your weekend watchlist based on popular picks this month. Browse whenever you are deciding what to watch next.
 
 Movie Buzz Team",weekend watchlist suggestion hi nupur suggestion weekend watchlist based on popular pick month browse whenever deciding to watch next movie buzz team
L035,insights@careerlaunch.example,nupur@iris-mail.com,Industry Spotlight: Data Analytics,"Hi Nupur,
 
 This week's industry spotlight covers career paths and skills relevant to data analytics roles. A useful read if you are exploring options, nothing to act on immediately.
 
 CareerLaunch Team",Newsletter,LOW,Synthetic,"Industry Spotlight: Data Analytics Hi Nupur,
 
 This week's industry spotlight covers career paths and skills relevant to data analytics roles. A useful read if you are exploring options, nothing to act on immediately.
 
 CareerLaunch Team",industry spotlight : data analytics hi nupur week industry spotlight cover career path skill relevant to data analytics role useful read exploring option nothing to act on immediately careerlaunch team
L036,news@foodieweekly.example,nupur@iris-mail.com,Reader Submitted Recipes,"Hi Nupur,
 
 A few reader submitted recipes from our community this month, ranging from quick snacks to weekend baking projects. Take a look if you enjoy trying new recipes.
 
 Foodie Weekly",Newsletter,LOW,Synthetic,"Reader Submitted Recipes Hi Nupur,
 
 A few reader submitted recipes from our community this month, ranging from quick snacks to weekend baking projects. Take a look if you enjoy trying new recipes.
 
 Foodie Weekly",reader submitted recipe hi nupur reader submitted recipe from community month ranging from quick snack to weekend baking project take look enjoy trying new recipe foodie weekly
L037,updates@travelbuzz.example,nupur@iris-mail.com,Packing Tips for Long Trips,"Hi Nupur,
 
 A short article on packing efficiently for longer trips, with a few tips we found genuinely useful. A light read for whenever you have time.
 
 Travel Buzz Team",Newsletter,LOW,Synthetic,"Packing Tips for Long Trips Hi Nupur,
 
 A short article on packing efficiently for longer trips, with a few tips we found genuinely useful. A light read for whenever you have time.
 
 Travel Buzz Team",packing tip long trip hi nupur short article on packing efficiently longer trip tip found genuinely useful light read whenever time travel buzz team
L038,digest@campuslife.example,nupur@iris-mail.com,New Clubs Formed This Semester,"Hi Nupur,
 
 A quick overview of a few new student clubs that formed this semester across various interests. Take a look if you are curious what is new on campus.
 
 Campus Life Digest",Newsletter,LOW,Synthetic,"New Clubs Formed This Semester Hi Nupur,
 
 A quick overview of a few new student clubs that formed this semester across various interests. Take a look if you are curious what is new on campus.
 
 Campus Life Digest",new club formed semester hi nupur quick overview new student club formed semester across various interest take look curious new on campus campus life digest
L039,newsletter@techdigest.example,nupur@iris-mail.com,Reader Question: Choosing a Laptop,"Hi Nupur,
 
 This week we answered a reader question about choosing between two laptop models for college use. Might be a helpful read if you are ever in the market for one.
 
 Tech Digest Team",Newsletter,LOW,Synthetic,"Reader Question: Choosing a Laptop Hi Nupur,
 
 This week we answered a reader question about choosing between two laptop models for college use. Might be a helpful read if you are ever in the market for one.
 
 Tech Digest Team",reader question : choosing laptop hi nupur week answered reader question choosing between two laptop model college use might helpful read ever market one tech digest team
L040,news@moviebuzz.example,nupur@iris-mail.com,Behind the Scenes: Upcoming Releases,"Hi Nupur,
 
 A behind the scenes look at a few upcoming entertainment releases generating buzz this month. A casual read for whenever you have a few minutes.
 
 Movie Buzz Team",Entertainment,LOW,Synthetic,"Behind the Scenes: Upcoming Releases Hi Nupur,
 
 A behind the scenes look at a few upcoming entertainment releases generating buzz this month. A casual read for whenever you have a few minutes.
 
 Movie Buzz Team",behind scene : upcoming release hi nupur behind scene look at upcoming entertainment release generating buzz month casual read whenever minute movie buzz team
L041,updates@zentracloud.example,nupur@iris-mail.com,New Dashboard Look Rolling Out,"Hi Nupur,
 
 We have refreshed the dashboard design with a cleaner layout, rolling out gradually over the next few weeks. Your data and settings remain unchanged, this is purely a visual update.
 
 Zentra Cloud Team",Technology,LOW,Synthetic,"New Dashboard Look Rolling Out Hi Nupur,
 
 We have refreshed the dashboard design with a cleaner layout, rolling out gradually over the next few weeks. Your data and settings remain unchanged, this is purely a visual update.
 
 Zentra Cloud Team",new dashboard look rolling hi nupur refreshed dashboard design cleaner layout rolling gradually over next week data setting remain unchanged purely visual update zentra cloud team
L042,news@gadgetmart.example,nupur@iris-mail.com,Product Spotlight: Smartwatches,"Hi Nupur,
 
 This week's product spotlight covers a few smartwatch models with fitness tracking features. Take a look if you are ever curious about what is available in that category.
 
 GadgetMart Team",Technology,LOW,Synthetic,"Product Spotlight: Smartwatches Hi Nupur,
 
 This week's product spotlight covers a few smartwatch models with fitness tracking features. Take a look if you are ever curious about what is available in that category.
 
 GadgetMart Team",product spotlight : smartwatches hi nupur week product spotlight cover smartwatch model fitness tracking feature take look ever curious available category gadgetmart team
L043,updates@musicstream.example,nupur@iris-mail.com,New App Update Available,"Hi Nupur,
 
 A new update for our app is available with a few performance improvements and minor bug fixes. You can update whenever convenient through your app store.
 
 MusicStream Team",Technology,LOW,Synthetic,"New App Update Available Hi Nupur,
 
 A new update for our app is available with a few performance improvements and minor bug fixes. You can update whenever convenient through your app store.
 
 MusicStream Team",new app update available hi nupur new update app available performance improvement minor bug fix update whenever convenient app store musicstream team
L044,updates@fitzone.example,nupur@iris-mail.com,New Workout Playlists Added,"Hi Nupur,
 
 We have added a few new workout playlists to the app this month across different genres. Check them out next time you are heading to the gym.
 
 FitZone Team",Technology,LOW,Synthetic,"New Workout Playlists Added Hi Nupur,
 
 We have added a few new workout playlists to the app this month across different genres. Check them out next time you are heading to the gym.
 
 FitZone Team",new workout playlist added hi nupur added new workout playlist to app month across different genre check next time heading to gym fitzone team
L045,product@internethome.example,nupur@iris-mail.com,New Router Model Available,"Hi Nupur,
 
 We have launched a new router model with slightly better range for larger homes. Not necessary for most existing customers to upgrade, just sharing in case you are interested.
 
 Internet Home Broadband",Technology,LOW,Synthetic,"New Router Model Available Hi Nupur,
 
 We have launched a new router model with slightly better range for larger homes. Not necessary for most existing customers to upgrade, just sharing in case you are interested.
 
 Internet Home Broadband",new router model available hi nupur launched new router model slightly better range larger home not necessary existing customer to upgrade sharing case interested internet home broadband
L046,updates@zentracloud.example,nupur@iris-mail.com,Tips to Organize Your Cloud Files,"Hi Nupur,
 
 A short guide on organizing your cloud files more efficiently using folders and tags. Might be useful if you ever find time to tidy up your storage.
 
 Zentra Cloud Team",Technology,LOW,Synthetic,"Tips to Organize Your Cloud Files Hi Nupur,
 
 A short guide on organizing your cloud files more efficiently using folders and tags. Might be useful if you ever find time to tidy up your storage.
 
 Zentra Cloud Team",tip to organize cloud file hi nupur short guide on organizing cloud file efficiently using folder tag might useful ever find time to tidy storage zentra cloud team
L047,news@gadgetmart.example,nupur@iris-mail.com,Behind the Design: Our New Charger,"Hi Nupur,
 
 A quick look at the design process behind our newly launched fast charger. A casual read if you are interested in product design.
 
 GadgetMart Team",Technology,LOW,Synthetic,"Behind the Design: Our New Charger Hi Nupur,
 
 A quick look at the design process behind our newly launched fast charger. A casual read if you are interested in product design.
 
 GadgetMart Team",behind design : new charger hi nupur quick look at design process behind newly launched fast charger casual read interested product design gadgetmart team
L048,updates@musicstream.example,nupur@iris-mail.com,Introducing Personalized Playlists,"Hi Nupur,
 
 We have rolled out a new feature that creates personalized playlists based on your listening habits. Explore it next time you open the app, entirely optional to use.
 
 MusicStream Team",Technology,LOW,Synthetic,"Introducing Personalized Playlists Hi Nupur,
 
 We have rolled out a new feature that creates personalized playlists based on your listening habits. Explore it next time you open the app, entirely optional to use.
 
 MusicStream Team",introducing personalized playlist hi nupur rolled new feature creates personalized playlist based on listening habit explore next time open app entirely optional to use musicstream team
L049,team@fitzone.example,nupur@iris-mail.com,New Feature: Sleep Tracking,"Hi Nupur,
 
 Sleep tracking is now available in the app for users with compatible devices. Feel free to try it out whenever you get a chance, no setup required beyond enabling it in settings.
 
 FitZone Team",Technology,LOW,Synthetic,"New Feature: Sleep Tracking Hi Nupur,
 
 Sleep tracking is now available in the app for users with compatible devices. Feel free to try it out whenever you get a chance, no setup required beyond enabling it in settings.
 
 FitZone Team",new feature : sleep tracking hi nupur sleep tracking available app user compatible device feel free to try whenever get chance no setup required beyond enabling setting fitzone team
L050,product@internethome.example,nupur@iris-mail.com,FAQ: Understanding Your Speed Test Results,"Hi Nupur,
 
 We put together a short FAQ explaining how to interpret your internet speed test results. Might be a helpful read if you are curious about your connection performance.
 
 Internet Home Broadband",Technology,LOW,Synthetic,"FAQ: Understanding Your Speed Test Results Hi Nupur,
 
 We put together a short FAQ explaining how to interpret your internet speed test results. Might be a helpful read if you are curious about your connection performance.
 
 Internet Home Broadband",faq : understanding speed test result hi nupur put together short faq explaining to interpret internet speed test result might helpful read curious connection performance internet home broadband
L051,updates@zentracloud.example,nupur@iris-mail.com,Community Forum Highlights,"Hi Nupur,
 
 A few interesting discussions from our community forum this month, covering tips and tricks shared by other users. Worth a browse if you enjoy that kind of content.
 
 Zentra Cloud Team",Technology,LOW,Synthetic,"Community Forum Highlights Hi Nupur,
 
 A few interesting discussions from our community forum this month, covering tips and tricks shared by other users. Worth a browse if you enjoy that kind of content.
 
 Zentra Cloud Team",community forum highlight hi nupur interesting discussion from community forum month covering tip trick shared by user worth browse enjoy kind content zentra cloud team
L052,news@gadgetmart.example,nupur@iris-mail.com,Comparing Wireless Charging Pads,"Hi Nupur,
 
 A short comparison of wireless charging pads currently available on our store, covering charging speed and compatibility. Read whenever you are curious about the options.
 
 GadgetMart Team",Technology,LOW,Synthetic,"Comparing Wireless Charging Pads Hi Nupur,
 
 A short comparison of wireless charging pads currently available on our store, covering charging speed and compatibility. Read whenever you are curious about the options.
 
 GadgetMart Team",comparing wireless charging pad hi nupur short comparison wireless charging pad currently available on store covering charging speed compatibility read whenever curious option gadgetmart team
L053,updates@musicstream.example,nupur@iris-mail.com,This Month's Most Streamed Tracks,"Hi Nupur,
 
 Here is a look at the most streamed tracks on our platform this month across a few genres. A fun read if you enjoy discovering new music.
 
 MusicStream Team",Entertainment,LOW,Synthetic,"This Month's Most Streamed Tracks Hi Nupur,
 
 Here is a look at the most streamed tracks on our platform this month across a few genres. A fun read if you enjoy discovering new music.
 
 MusicStream Team",month streamed track hi nupur look at streamed track on platform month across genre fun read enjoy discovering new music musicstream team
L054,team@fitzone.example,nupur@iris-mail.com,Workout of the Month Feature,"Hi Nupur,
 
 Check out this month's featured workout routine in the app, designed for beginners and intermediate users alike. Try it out whenever you feel like switching up your routine.
 
 FitZone Team",Technology,LOW,Synthetic,"Workout of the Month Feature Hi Nupur,
 
 Check out this month's featured workout routine in the app, designed for beginners and intermediate users alike. Try it out whenever you feel like switching up your routine.
 
 FitZone Team",workout month feature hi nupur check month featured workout routine app designed beginner intermediate user alike try whenever feel like switching routine fitzone team
L055,product@internethome.example,nupur@iris-mail.com,New Parental Control Settings,"Hi Nupur,
 
 We have added new parental control settings to the app for households that need them. Not relevant to every user, just sharing the update in case it is useful.
 
 Internet Home Broadband",Technology,LOW,Synthetic,"New Parental Control Settings Hi Nupur,
 
 We have added new parental control settings to the app for households that need them. Not relevant to every user, just sharing the update in case it is useful.
 
 Internet Home Broadband",new parental control setting hi nupur added new parental control setting to app household need not relevant to every user sharing update case useful internet home broadband
L056,news@moviebuzz.example,nupur@iris-mail.com,New Trailer Released This Week,"Hi Nupur,
 
 A new trailer dropped this week for one of the most anticipated releases this year. Watch it whenever you have a few minutes if you are curious.
 
 Movie Buzz Team",Entertainment,LOW,Synthetic,"New Trailer Released This Week Hi Nupur,
 
 A new trailer dropped this week for one of the most anticipated releases this year. Watch it whenever you have a few minutes if you are curious.
 
 Movie Buzz Team",new trailer released week hi nupur new trailer dropped week one anticipated release year watch whenever minute curious movie buzz team
L057,updates@musicstream.example,nupur@iris-mail.com,New Album Releases This Week,"Hi Nupur,
 
 A few notable album releases came out this week across different genres. Take a listen whenever you are looking for something new.
 
 MusicStream Team",Entertainment,LOW,Synthetic,"New Album Releases This Week Hi Nupur,
 
 A few notable album releases came out this week across different genres. Take a listen whenever you are looking for something new.
 
 MusicStream Team",new album release week hi nupur notable album release came week across different genre take listen whenever looking something new musicstream team
L058,news@moviebuzz.example,nupur@iris-mail.com,Top Rated Shows This Month,"Hi Nupur,
 
 Here is a quick list of the top rated shows this month according to viewer ratings. Might be useful if you are looking for your next watch.
 
 Movie Buzz Team",Entertainment,LOW,Synthetic,"Top Rated Shows This Month Hi Nupur,
 
 Here is a quick list of the top rated shows this month according to viewer ratings. Might be useful if you are looking for your next watch.
 
 Movie Buzz Team",top rated show month hi nupur quick list top rated show month according to viewer rating might useful looking next watch movie buzz team
L059,events@standupcircuit.example,nupur@iris-mail.com,Comedy Show Coming to Your City,"Hi Nupur,
 
 A popular comedian is doing a show in your city next month. Tickets are available on our website if you are interested in attending sometime.
 
 Standup Circuit",Entertainment,LOW,Synthetic,"Comedy Show Coming to Your City Hi Nupur,
 
 A popular comedian is doing a show in your city next month. Tickets are available on our website if you are interested in attending sometime.
 
 Standup Circuit",comedy show coming to city hi nupur popular comedian show city next month ticket available on website interested attending sometime standup circuit
L060,news@moviebuzz.example,nupur@iris-mail.com,Fan Theories Roundup,"Hi Nupur,
 
 A fun roundup of fan theories circulating online about a popular ongoing series. A light read for whenever you have some downtime.
 
 Movie Buzz Team",Entertainment,LOW,Synthetic,"Fan Theories Roundup Hi Nupur,
 
 A fun roundup of fan theories circulating online about a popular ongoing series. A light read for whenever you have some downtime.
 
 Movie Buzz Team",fan theory roundup hi nupur fun roundup fan theory circulating online popular ongoing series light read whenever downtime movie buzz team
L061,updates@musicstream.example,nupur@iris-mail.com,Podcast Recommendations Based on Your Taste,"Hi Nupur,
 
 Based on what you listen to, we thought you might enjoy a few podcasts in similar genres. Explore them whenever you are looking for something new to listen to.
 
 MusicStream Team",Entertainment,LOW,Synthetic,"Podcast Recommendations Based on Your Taste Hi Nupur,
 
 Based on what you listen to, we thought you might enjoy a few podcasts in similar genres. Explore them whenever you are looking for something new to listen to.
 
 MusicStream Team",podcast recommendation based on taste hi nupur based on listen to thought might enjoy podcasts similar genre explore whenever looking something new to listen to musicstream team
L062,news@gamezone.example,nupur@iris-mail.com,New Game Releases This Month,"Hi Nupur,
 
 A look at a few notable game releases this month across different platforms. Browse whenever you are curious what is new.
 
 GameZone Team",Entertainment,LOW,Synthetic,"New Game Releases This Month Hi Nupur,
 
 A look at a few notable game releases this month across different platforms. Browse whenever you are curious what is new.
 
 GameZone Team",new game release month hi nupur look at notable game release month across different platform browse whenever curious new gamezone team
L063,events@standupcircuit.example,nupur@iris-mail.com,Open Mic Nights in Your Area,"Hi Nupur,
 
 A list of open mic nights happening around your area this month, in case you enjoy that kind of casual entertainment. No booking required for most of these.
 
 Standup Circuit",Entertainment,LOW,Synthetic,"Open Mic Nights in Your Area Hi Nupur,
 
 A list of open mic nights happening around your area this month, in case you enjoy that kind of casual entertainment. No booking required for most of these.
 
 Standup Circuit",open mic night area hi nupur list open mic night happening around area month case enjoy kind casual entertainment no booking required standup circuit
L064,news@gamezone.example,nupur@iris-mail.com,Weekend Gaming Deals,"Hi Nupur,
 
 A few games are discounted on our platform this weekend if you are looking to add something to your library. Browse at your convenience.
 
 GameZone Team",Entertainment,LOW,Synthetic,"Weekend Gaming Deals Hi Nupur,
 
 A few games are discounted on our platform this weekend if you are looking to add something to your library. Browse at your convenience.
 
 GameZone Team",weekend gaming deal hi nupur game discounted on platform weekend looking to add something to library browse at convenience gamezone team
L065,news@moviebuzz.example,nupur@iris-mail.com,Interview With a Rising Actor,"Hi Nupur,
 
 We spoke to a rising actor about their journey and upcoming projects. A nice read if you are into entertainment interviews.
 
 Movie Buzz Team",Entertainment,LOW,Synthetic,"Interview With a Rising Actor Hi Nupur,
 
 We spoke to a rising actor about their journey and upcoming projects. A nice read if you are into entertainment interviews.
 
 Movie Buzz Team",interview rising actor hi nupur spoke to rising actor journey upcoming project nice read entertainment interview movie buzz team
L066,offers@quickbites.example,nupur@iris-mail.com,New Menu Items This Week,"Hi Nupur,
 
 We have added a few new items to our menu this week, including a couple of vegetarian options. Take a look next time you are ordering.
 
 QuickBites Team",Food/Lifestyle,LOW,Synthetic,"New Menu Items This Week Hi Nupur,
 
 We have added a few new items to our menu this week, including a couple of vegetarian options. Take a look next time you are ordering.
 
 QuickBites Team",new menu item week hi nupur added new item to menu week including couple vegetarian option take look next time ordering quickbites team
L067,news@foodieweekly.example,nupur@iris-mail.com,Cafes Worth Trying This Month,"Hi Nupur,
 
 A short list of cafes in the city that have gotten good reviews recently. Might be worth checking out sometime with friends.
 
 Foodie Weekly",Food/Lifestyle,LOW,Synthetic,"Cafes Worth Trying This Month Hi Nupur,
 
 A short list of cafes in the city that have gotten good reviews recently. Might be worth checking out sometime with friends.
 
 Foodie Weekly",cafe worth trying month hi nupur short list cafe city gotten good review recently might worth checking sometime friend foodie weekly
L068,offers@quickbites.example,nupur@iris-mail.com,Combo Deals Available This Week,"Hi Nupur,
 
 A few combo meal deals are available on our app this week, offering better value on popular pairings. Browse whenever you are ordering next.
 
 QuickBites Team",Promotion,LOW,Synthetic,"Combo Deals Available This Week Hi Nupur,
 
 A few combo meal deals are available on our app this week, offering better value on popular pairings. Browse whenever you are ordering next.
 
 QuickBites Team",combo deal available week hi nupur combo meal deal available on app week offering better value on popular pairing browse whenever ordering next quickbites team
L069,wellness@calmspace.example,nupur@iris-mail.com,This Week's Meditation Playlist,"Hi Nupur,
 
 A new meditation and relaxation playlist has been added to the app this week. Try it out whenever you have a quiet moment to unwind.
 
 CalmSpace Team",Food/Lifestyle,LOW,Synthetic,"This Week's Meditation Playlist Hi Nupur,
 
 A new meditation and relaxation playlist has been added to the app this week. Try it out whenever you have a quiet moment to unwind.
 
 CalmSpace Team",week meditation playlist hi nupur new meditation relaxation playlist added to app week try whenever quiet moment to unwind calmspace team
L070,news@foodieweekly.example,nupur@iris-mail.com,Home Baking Tips From Our Readers,"Hi Nupur,
 
 A few home baking tips shared by our readers this month, ranging from beginner tricks to more advanced techniques. A fun read if you enjoy baking.
 
 Foodie Weekly",Food/Lifestyle,LOW,Synthetic,"Home Baking Tips From Our Readers Hi Nupur,
 
 A few home baking tips shared by our readers this month, ranging from beginner tricks to more advanced techniques. A fun read if you enjoy baking.
 
 Foodie Weekly",home baking tip from reader hi nupur home baking tip shared by reader month ranging from beginner trick to advanced technique fun read enjoy baking foodie weekly
L071,offers@quickbites.example,nupur@iris-mail.com,Try Our New Dessert Range,"Hi Nupur,
 
 We have introduced a new range of desserts on our menu this month. Take a look next time you are craving something sweet.
 
 QuickBites Team",Food/Lifestyle,LOW,Synthetic,"Try Our New Dessert Range Hi Nupur,
 
 We have introduced a new range of desserts on our menu this month. Take a look next time you are craving something sweet.
 
 QuickBites Team",try new dessert range hi nupur introduced new range dessert on menu month take look next time craving something sweet quickbites team
L072,wellness@calmspace.example,nupur@iris-mail.com,Sleep Stories Now Available,"Hi Nupur,
 
 A new collection of sleep stories has been added to help with winding down at night. Explore them whenever you feel like trying something different before bed.
 
 CalmSpace Team",Food/Lifestyle,LOW,Synthetic,"Sleep Stories Now Available Hi Nupur,
 
 A new collection of sleep stories has been added to help with winding down at night. Explore them whenever you feel like trying something different before bed.
 
 CalmSpace Team",sleep story available hi nupur new collection sleep story added to help winding at night explore whenever feel like trying something different before bed calmspace team
L073,team@fitzone.example,nupur@iris-mail.com,Healthy Recipe of the Week,"Hi Nupur,
 
 This week's featured recipe focuses on a quick and healthy post workout meal. Give it a try if you are looking for meal ideas.
 
 FitZone Team",Food/Lifestyle,LOW,Synthetic,"Healthy Recipe of the Week Hi Nupur,
 
 This week's featured recipe focuses on a quick and healthy post workout meal. Give it a try if you are looking for meal ideas.
 
 FitZone Team",healthy recipe week hi nupur week featured recipe focus on quick healthy post workout meal give try looking meal idea fitzone team
L074,news@foodieweekly.example,nupur@iris-mail.com,Local Farmers Market Schedule,"Hi Nupur,
 
 Sharing this month's schedule for the local farmers market in case you enjoy picking up fresh produce on weekends.
 
 Foodie Weekly",Food/Lifestyle,LOW,Synthetic,"Local Farmers Market Schedule Hi Nupur,
 
 Sharing this month's schedule for the local farmers market in case you enjoy picking up fresh produce on weekends.
 
 Foodie Weekly",local farmer market schedule hi nupur sharing month schedule local farmer market case enjoy picking fresh produce on weekend foodie weekly
L075,offers@quickbites.example,nupur@iris-mail.com,Loyalty Rewards Update,"Hi Nupur,
 
 Just a note that your loyalty rewards balance has grown a bit with recent orders. You can check your balance anytime on the app, no action needed unless you want to redeem it.
 
 QuickBites Team",Service,LOW,Synthetic,"Loyalty Rewards Update Hi Nupur,
 
 Just a note that your loyalty rewards balance has grown a bit with recent orders. You can check your balance anytime on the app, no action needed unless you want to redeem it.
 
 QuickBites Team",loyalty reward update hi nupur note loyalty reward balance grown bit recent order check balance anytime on app no action needed unless want to redeem quickbites team
L076,deals@skywings.example,nupur@iris-mail.com,Fare Sale on Select Routes,"Hi Nupur,
 
 We are running a fare sale on select domestic routes this month. Browse the deals on our app whenever you are planning your next trip.
 
 SkyWings Airlines",Travel,LOW,Synthetic,"Fare Sale on Select Routes Hi Nupur,
 
 We are running a fare sale on select domestic routes this month. Browse the deals on our app whenever you are planning your next trip.
 
 SkyWings Airlines",fare sale on select route hi nupur running fare sale on select domestic route month browse deal on app whenever planning next trip skywings airline
L077,offers@stayhaven.example,nupur@iris-mail.com,Weekend Staycation Deals,"Hi Nupur,
 
 A few hotels in nearby hill stations are offering weekend staycation deals this month. Take a look if you are ever in the mood for a quick getaway.
 
 StayHaven Team",Travel,LOW,Synthetic,"Weekend Staycation Deals Hi Nupur,
 
 A few hotels in nearby hill stations are offering weekend staycation deals this month. Take a look if you are ever in the mood for a quick getaway.
 
 StayHaven Team",weekend staycation deal hi nupur hotel nearby hill station offering weekend staycation deal month take look ever mood quick getaway stayhaven team
L078,updates@travelbuzz.example,nupur@iris-mail.com,Off-Season Travel Perks,"Hi Nupur,
 
 Traveling during the off season can come with a few perks like lower prices and fewer crowds. A short article on that topic if you are ever curious.
 
 Travel Buzz Team",Travel,LOW,Synthetic,"Off-Season Travel Perks Hi Nupur,
 
 Traveling during the off season can come with a few perks like lower prices and fewer crowds. A short article on that topic if you are ever curious.
 
 Travel Buzz Team",off-season travel perk hi nupur traveling during season come perk like lower price fewer crowd short article on topic ever curious travel buzz team
L079,dispatch@ridenow.example,nupur@iris-mail.com,New Cities Added to Our Service,"Hi Nupur,
 
 We have expanded our ride service to a few new cities this month. Just sharing in case it is useful for any upcoming travel plans.
 
 RideNow Team",Travel,LOW,Synthetic,"New Cities Added to Our Service Hi Nupur,
 
 We have expanded our ride service to a few new cities this month. Just sharing in case it is useful for any upcoming travel plans.
 
 RideNow Team",new city added to service hi nupur expanded ride service to new city month sharing case useful upcoming travel plan ridenow team
L080,deals@skywings.example,nupur@iris-mail.com,Frequent Flyer Points Update,"Hi Nupur,
 
 Your frequent flyer points balance has increased slightly after your recent flights. You can check your total anytime through the app, no action needed right now.
 
 SkyWings Airlines",Service,LOW,Synthetic,"Frequent Flyer Points Update Hi Nupur,
 
 Your frequent flyer points balance has increased slightly after your recent flights. You can check your total anytime through the app, no action needed right now.
 
 SkyWings Airlines",frequent flyer point update hi nupur frequent flyer point balance increased slightly after recent flight check total anytime app no action needed right skywings airline
L081,community@greenmeadows.example,nupur@iris-mail.com,Society Newsletter This Month,"Dear Residents,
 
 Here is this month's society newsletter covering general updates, upcoming activities and a few resident spotlights. A light read whenever you have some free time.
 
 Green Meadows Society",Community,LOW,Synthetic,"Society Newsletter This Month Dear Residents,
 
 Here is this month's society newsletter covering general updates, upcoming activities and a few resident spotlights. A light read whenever you have some free time.
 
 Green Meadows Society",society newsletter month dear resident month society newsletter covering general update upcoming activity resident spotlight light read whenever free time green meadow society
L082,alumni@nirmaya.edu,nupur@iris-mail.com,Alumni Spotlight: Where Are They Now,"Dear Students,
 
 This month's alumni spotlight features a graduate working in an interesting field. A nice read if you enjoy hearing about career journeys.
 
 Alumni Relations, Nirmaya Institute",Community,LOW,Synthetic,"Alumni Spotlight: Where Are They Now Dear Students,
 
 This month's alumni spotlight features a graduate working in an interesting field. A nice read if you enjoy hearing about career journeys.
 
 Alumni Relations, Nirmaya Institute",alumnus spotlight : dear student month alumnus spotlight feature graduate working interesting field nice read enjoy hearing career journey alumnus relation nirmaya institute
L083,community@greenmeadows.example,nupur@iris-mail.com,Photo Highlights From Last Month's Event,"Dear Residents,
 
 Sharing a few photo highlights from last month's community event for anyone who wants to relive the memories or see what they missed.
 
 Green Meadows Society",Community,LOW,Synthetic,"Photo Highlights From Last Month's Event Dear Residents,
 
 Sharing a few photo highlights from last month's community event for anyone who wants to relive the memories or see what they missed.
 
 Green Meadows Society",photo highlight from last month event dear resident sharing photo highlight from last month community event anyone want to relive memory see missed green meadow society
L084,bookclub@nirmaya.edu,nupur@iris-mail.com,Member Spotlight This Month,"Dear Members,
 
 This month we are spotlighting a book club member who has been part of the group since the beginning. A fun little read for club members.
 
 Book Club, Nirmaya Institute",Community,LOW,Synthetic,"Member Spotlight This Month Dear Members,
 
 This month we are spotlighting a book club member who has been part of the group since the beginning. A fun little read for club members.
 
 Book Club, Nirmaya Institute",member spotlight month dear member month spotlighting book club member part group since beginning fun little read club member book club nirmaya institute
L085,photoclub@nirmaya.edu,nupur@iris-mail.com,Best Photos From the Campus Walk,"Dear Members,
 
 Sharing a few of the best photos submitted from last month's campus photo walk. Take a look whenever you get a chance.
 
 Photography Club, Nirmaya Institute",Community,LOW,Synthetic,"Best Photos From the Campus Walk Dear Members,
 
 Sharing a few of the best photos submitted from last month's campus photo walk. Take a look whenever you get a chance.
 
 Photography Club, Nirmaya Institute",best photo from campus walk dear member sharing best photo submitted from last month campus photo walk take look whenever get chance photography club nirmaya institute
L086,billing@musicstream.example,nupur@iris-mail.com,Your Yearly Listening Summary,"Hi Nupur,
 
 Your yearly listening summary is ready, showing your most played artists and genres this year. Check it out whenever you are curious about your listening habits.
 
 MusicStream Team",Service,LOW,Synthetic,"Your Yearly Listening Summary Hi Nupur,
 
 Your yearly listening summary is ready, showing your most played artists and genres this year. Check it out whenever you are curious about your listening habits.
 
 MusicStream Team",yearly listening summary hi nupur yearly listening summary ready showing played artist genre year check whenever curious listening habit musicstream team
L087,support@webnesthosting.example,nupur@iris-mail.com,Your Hosting Plan Anniversary,"Dear Customer,
 
 It has been a year since you signed up for hosting with us. Just a small note of appreciation, no action needed on your part.
 
 Webnest Hosting",Service,LOW,Synthetic,"Your Hosting Plan Anniversary Dear Customer,
 
 It has been a year since you signed up for hosting with us. Just a small note of appreciation, no action needed on your part.
 
 Webnest Hosting",hosting plan anniversary dear customer year since signed hosting u small note appreciation no action needed on part webnest hosting
L088,noreply@zentracloud.example,nupur@iris-mail.com,Your Storage Usage Summary,"Hi Nupur,
 
 Here is a summary of your cloud storage usage over the past few months. Purely informational, no action required unless you want to make changes.
 
 Zentra Cloud Team",Service,LOW,Synthetic,"Your Storage Usage Summary Hi Nupur,
 
 Here is a summary of your cloud storage usage over the past few months. Purely informational, no action required unless you want to make changes.
 
 Zentra Cloud Team",storage usage summary hi nupur summary cloud storage usage over past month purely informational no action required unless want to make change zentra cloud team
L089,care@suvidhabank.example,nupur@iris-mail.com,Did You Know: Mobile App Tips,"Dear Customer,
 
 A few lesser known tips for using our mobile banking app more efficiently, in case you find them helpful during your regular use.
 
 Suvidha Bank",Service,LOW,Synthetic,"Did You Know: Mobile App Tips Dear Customer,
 
 A few lesser known tips for using our mobile banking app more efficiently, in case you find them helpful during your regular use.
 
 Suvidha Bank",know : mobile app tip dear customer lesser known tip using mobile banking app efficiently case find helpful during regular use suvidha bank
L090,team@fitzone.example,nupur@iris-mail.com,Your Monthly Activity Summary,"Hi Nupur,
 
 Here is a summary of your workout activity for the past month based on the app data. Just a quick overview, nothing that needs action from you.
 
 FitZone Team",Service,LOW,Synthetic,"Your Monthly Activity Summary Hi Nupur,
 
 Here is a summary of your workout activity for the past month based on the app data. Just a quick overview, nothing that needs action from you.
 
 FitZone Team",monthly activity summary hi nupur summary workout activity past month based on app data quick overview nothing need action from fitzone team
L091,events@nirmaya.edu,nupur@iris-mail.com,Save the Date: Founders Day,"Dear Students,
 
 Just a heads up that Founders Day celebrations are planned for later in the semester. More details will follow closer to the date, nothing to do right now.
 
 Student Affairs, Nirmaya Institute",Event,LOW,Synthetic,"Save the Date: Founders Day Dear Students,
 
 Just a heads up that Founders Day celebrations are planned for later in the semester. More details will follow closer to the date, nothing to do right now.
 
 Student Affairs, Nirmaya Institute",save date : founder day dear student head founder day celebration planned later semester detail follow closer to date nothing to right student affair nirmaya institute
L092,musicsociety@nirmaya.edu,nupur@iris-mail.com,Recap of Last Month's Open Mic,"Dear Students,
 
 A quick recap of how last month's open mic night went, including a few audience favorite performances. A nice read if you attended or are curious.
 
 Music Society, Nirmaya Institute",Event,LOW,Synthetic,"Recap of Last Month's Open Mic Dear Students,
 
 A quick recap of how last month's open mic night went, including a few audience favorite performances. A nice read if you attended or are curious.
 
 Music Society, Nirmaya Institute",recap last month open mic dear student quick recap last month open mic night went including audience favorite performance nice read attended curious music society nirmaya institute
L093,techclub@nirmaya.edu,nupur@iris-mail.com,Thank You to Everyone Who Attended,"Dear Students,
 
 A quick thank you note to everyone who attended last month's workshop, along with a few photos from the session. Nothing further needed from attendees.
 
 Tech Club, Nirmaya Institute",Event,LOW,Synthetic,"Thank You to Everyone Who Attended Dear Students,
 
 A quick thank you note to everyone who attended last month's workshop, along with a few photos from the session. Nothing further needed from attendees.
 
 Tech Club, Nirmaya Institute",thank to everyone attended dear student quick thank note to everyone attended last month workshop along photo from session nothing needed from attendee tech club nirmaya institute
L094,events@standupcircuit.example,nupur@iris-mail.com,How Last Month's Show Went,"Hi Nupur,
 
 A quick recap of how last month's comedy show went for anyone who could not make it. A fun read if you are curious what you missed.
 
 Standup Circuit",Event,LOW,Synthetic,"How Last Month's Show Went Hi Nupur,
 
 A quick recap of how last month's comedy show went for anyone who could not make it. A fun read if you are curious what you missed.
 
 Standup Circuit",last month show went hi nupur quick recap last month comedy show went anyone could not make fun read curious missed standup circuit
L095,events@greenmeadows.example,nupur@iris-mail.com,Thank You for a Great Diwali Celebration,"Dear Residents,
 
 Thank you to everyone who participated in this year's Diwali celebration in the society. A few photos have been shared on the community board for anyone who wants to take a look.
 
 Events Committee, Green Meadows Society",Event,LOW,Synthetic,"Thank You for a Great Diwali Celebration Dear Residents,
 
 Thank you to everyone who participated in this year's Diwali celebration in the society. A few photos have been shared on the community board for anyone who wants to take a look.
 
 Events Committee, Green Meadows Society",thank great diwali celebration dear resident thank to everyone participated year diwali celebration society photo shared on community board anyone want to take look event committee green meadow society
L096,surveys@feedbackhub.example,nupur@iris-mail.com,"Share Your Feedback, Win a Voucher","Hi Nupur,
 
 We would love to hear your thoughts through a short optional survey. As a thank you, participants are entered into a draw for a small voucher. Completely optional to take part.
 
 FeedbackHub Team",Other,LOW,Synthetic,"Share Your Feedback, Win a Voucher Hi Nupur,
 
 We would love to hear your thoughts through a short optional survey. As a thank you, participants are entered into a draw for a small voucher. Completely optional to take part.
 
 FeedbackHub Team",share feedback win voucher hi nupur would love to hear thought short optional survey thank participant entered draw small voucher completely optional to take part feedbackhub team
L097,team@quickbites.example,nupur@iris-mail.com,A Little Note From Our Founder,"Hi Nupur,
 
 Just a short note from our founder reflecting on the past year and thanking loyal customers like you. Nothing to act on, just wanted to share.
 
 QuickBites Team",Other,LOW,Synthetic,"A Little Note From Our Founder Hi Nupur,
 
 Just a short note from our founder reflecting on the past year and thanking loyal customers like you. Nothing to act on, just wanted to share.
 
 QuickBites Team",little note from founder hi nupur short note from founder reflecting on past year thanking loyal customer like nothing to act on wanted to share quickbites team
L098,updates@gamezone.example,nupur@iris-mail.com,Fun Fact of the Week,"Hi Nupur,
 
 Here is a fun trivia fact about gaming history we thought you might enjoy reading during a quick break.
 
 GameZone Team",Other,LOW,Synthetic,"Fun Fact of the Week Hi Nupur,
 
 Here is a fun trivia fact about gaming history we thought you might enjoy reading during a quick break.
 
 GameZone Team",fun fact week hi nupur fun trivia fact gaming history thought might enjoy reading during quick break gamezone team
L099,hello@homedecorco.example,nupur@iris-mail.com,A Look Back at Our Year,"Hi Nupur,
 
 A short recap of our brand's highlights over the past year, shared with customers who have supported us along the way. Just a casual read, nothing needed from you.
 
 Home Decor Co",Other,LOW,Synthetic,"A Look Back at Our Year Hi Nupur,
 
 A short recap of our brand's highlights over the past year, shared with customers who have supported us along the way. Just a casual read, nothing needed from you.
 
 Home Decor Co",look back at year hi nupur short recap brand highlight over past year shared customer supported u along way casual read nothing needed from home decor co
L100,news@moviebuzz.example,nupur@iris-mail.com,Quiz: How Well Do You Know This Year's Releases,"Hi Nupur,
 
 A fun quiz to test how well you kept up with this year's entertainment releases. Purely for entertainment whenever you have a spare few minutes.
 
 Movie Buzz Team",Other,LOW,Synthetic,"Quiz: How Well Do You Know This Year's Releases Hi Nupur,
 
 A fun quiz to test how well you kept up with this year's entertainment releases. Purely for entertainment whenever you have a spare few minutes.
 
 Movie Buzz Team",quiz : well know year release hi nupur fun quiz to test well kept year entertainment release purely entertainment whenever spare minute movie buzz team
L101,deals@trendythreads.example,nupur@iris-mail.com,Layering Pieces for the Season,"Hi Nupur,
 
 We have added a few layering pieces to the store this week, perfect for the changing weather. Browse the collection whenever you get a chance.
 
 Team TrendyThreads",Promotion,LOW,Synthetic,"Layering Pieces for the Season Hi Nupur,
 
 We have added a few layering pieces to the store this week, perfect for the changing weather. Browse the collection whenever you get a chance.
 
 Team TrendyThreads",layering piece season hi nupur added layering piece to store week perfect changing weather browse collection whenever get chance team trendythreads
L102,offers@stylehub.example,nupur@iris-mail.com,New Arrivals in Ethnic Wear,"Hi Nupur,
 
 Our ethnic wear section just got a refresh with a few new designs ahead of the festive season. Take a look whenever you are shopping for something traditional.
 
 StyleHub Team",Promotion,LOW,Synthetic,"New Arrivals in Ethnic Wear Hi Nupur,
 
 Our ethnic wear section just got a refresh with a few new designs ahead of the festive season. Take a look whenever you are shopping for something traditional.
 
 StyleHub Team",new arrival ethnic wear hi nupur ethnic wear section got refresh new design ahead festive season take look whenever shopping something traditional stylehub team
L103,hello@urbanbasics.example,nupur@iris-mail.com,A Small Thank You Gesture,"Hi Nupur,
 
 As a small thank you for shopping with us this year, we have added a modest credit to your account that you can use on your next order whenever convenient.
 
 Urban Basics",Promotion,LOW,Synthetic,"A Small Thank You Gesture Hi Nupur,
 
 As a small thank you for shopping with us this year, we have added a modest credit to your account that you can use on your next order whenever convenient.
 
 Urban Basics",small thank gesture hi nupur small thank shopping u year added modest credit to account use on next order whenever convenient urban basic
L104,news@gadgetmart.example,nupur@iris-mail.com,Bundle Offers on Accessories,"Hi Nupur,
 
 We have put together a few accessory bundles this month that work out cheaper than buying items separately. Worth a look if you are in the market for any of them.
 
 GadgetMart Team",Promotion,LOW,Synthetic,"Bundle Offers on Accessories Hi Nupur,
 
 We have put together a few accessory bundles this month that work out cheaper than buying items separately. Worth a look if you are in the market for any of them.
 
 GadgetMart Team",bundle offer on accessory hi nupur put together accessory bundle month work cheaper buying item separately worth look market gadgetmart team
L105,promo@bookbazaar.example,nupur@iris-mail.com,Pre-Order Our Upcoming Release,"Hi Nupur,
 
 A highly anticipated title is opening for pre order this week. Take a look if you would like to reserve a copy ahead of the release date.
 
 Book Bazaar",Promotion,LOW,Synthetic,"Pre-Order Our Upcoming Release Hi Nupur,
 
 A highly anticipated title is opening for pre order this week. Take a look if you would like to reserve a copy ahead of the release date.
 
 Book Bazaar",pre-order upcoming release hi nupur highly anticipated title opening pre order week take look would like to reserve copy ahead release date book bazaar
L106,offers@stylehub.example,nupur@iris-mail.com,Winter Collection Preview,"Hi Nupur,
 
 Getting an early look at our winter collection before it launches next month. Browse the preview whenever you have a moment, nothing needs action right now.
 
 StyleHub Team",Promotion,LOW,Synthetic,"Winter Collection Preview Hi Nupur,
 
 Getting an early look at our winter collection before it launches next month. Browse the preview whenever you have a moment, nothing needs action right now.
 
 StyleHub Team",winter collection preview hi nupur getting early look at winter collection before launch next month browse preview whenever moment nothing need action right stylehub team
L107,hello@homedecorco.example,nupur@iris-mail.com,New Lighting Options Added,"Hi Nupur,
 
 A few new lighting fixtures have been added to our store this week, including some budget friendly options for hostel rooms. Take a look when you are browsing.
 
 Home Decor Co",Promotion,LOW,Synthetic,"New Lighting Options Added Hi Nupur,
 
 A few new lighting fixtures have been added to our store this week, including some budget friendly options for hostel rooms. Take a look when you are browsing.
 
 Home Decor Co",new lighting option added hi nupur new lighting fixture added to store week including budget friendly option hostel room take look browsing home decor co
L108,deals@trendythreads.example,nupur@iris-mail.com,Your Cart Has a Few Items Waiting,"Hi Nupur,
 
 Just a note that a few items are still sitting in your cart from your last visit. Feel free to complete the order whenever you get a chance, no rush at all.
 
 Team TrendyThreads",Promotion,LOW,Synthetic,"Your Cart Has a Few Items Waiting Hi Nupur,
 
 Just a note that a few items are still sitting in your cart from your last visit. Feel free to complete the order whenever you get a chance, no rush at all.
 
 Team TrendyThreads",cart item waiting hi nupur note item still sitting cart from last visit feel free to complete order whenever get chance no rush at team trendythreads
L109,news@gadgetmart.example,nupur@iris-mail.com,New Colors for Popular Earbuds,"Hi Nupur,
 
 The earbuds you looked at recently are now available in a couple of new colors. Take a look next time you are browsing our accessories section.
 
 GadgetMart Team",Promotion,LOW,Synthetic,"New Colors for Popular Earbuds Hi Nupur,
 
 The earbuds you looked at recently are now available in a couple of new colors. Take a look next time you are browsing our accessories section.
 
 GadgetMart Team",new color popular earbuds hi nupur earbuds looked at recently available couple new color take look next time browsing accessory section gadgetmart team
L110,promo@bookbazaar.example,nupur@iris-mail.com,This Month's Bestsellers List,"Hi Nupur,
 
 Here is a look at this month's bestselling titles across a few genres. Browse the list whenever you are looking for your next read.
 
 Book Bazaar",Promotion,LOW,Synthetic,"This Month's Bestsellers List Hi Nupur,
 
 Here is a look at this month's bestselling titles across a few genres. Browse the list whenever you are looking for your next read.
 
 Book Bazaar",month bestseller list hi nupur look at month bestselling title across genre browse list whenever looking next read book bazaar
L111,hello@urbanbasics.example,nupur@iris-mail.com,New Fabric Options This Season,"Hi Nupur,
 
 We have introduced a couple of new fabric options in our basics line this season, aimed at better breathability for warmer months. Take a look whenever convenient.
 
 Urban Basics",Promotion,LOW,Synthetic,"New Fabric Options This Season Hi Nupur,
 
 We have introduced a couple of new fabric options in our basics line this season, aimed at better breathability for warmer months. Take a look whenever convenient.
 
 Urban Basics",new fabric option season hi nupur introduced couple new fabric option basic line season aimed at better breathability warmer month take look whenever convenient urban basic
L112,offers@stylehub.example,nupur@iris-mail.com,Accessorize Your Outfit,"Hi Nupur,
 
 A small curated set of accessories has been added to complement our latest clothing line. Browse whenever you happen to be shopping for something to complete an outfit.
 
 StyleHub Team",Promotion,LOW,Synthetic,"Accessorize Your Outfit Hi Nupur,
 
 A small curated set of accessories has been added to complement our latest clothing line. Browse whenever you happen to be shopping for something to complete an outfit.
 
 StyleHub Team",accessorize outfit hi nupur small curated set accessory added to complement latest clothing line browse whenever happen to shopping something to complete outfit stylehub team
L113,hello@homedecorco.example,nupur@iris-mail.com,Customer Spotlight: Room Makeovers,"Hi Nupur,
 
 We featured a few customer room makeovers on our blog this month using items from our store. Take a look if you want some inspiration for your own space.
 
 Home Decor Co",Community,LOW,Synthetic,"Customer Spotlight: Room Makeovers Hi Nupur,
 
 We featured a few customer room makeovers on our blog this month using items from our store. Take a look if you want some inspiration for your own space.
 
 Home Decor Co",customer spotlight : room makeover hi nupur featured customer room makeover on blog month using item from store take look want inspiration space home decor co
L114,news@gadgetmart.example,nupur@iris-mail.com,Upgrade Options for Your Old Devices,"Hi Nupur,
 
 If you are considering upgrading any of your older gadgets, our trade in program offers a bit of store credit toward a new purchase. Just sharing in case it is useful sometime.
 
 GadgetMart Team",Service,LOW,Synthetic,"Upgrade Options for Your Old Devices Hi Nupur,
 
 If you are considering upgrading any of your older gadgets, our trade in program offers a bit of store credit toward a new purchase. Just sharing in case it is useful sometime.
 
 GadgetMart Team",upgrade option old device hi nupur considering upgrading older gadget trade program offer bit store credit toward new purchase sharing case useful sometime gadgetmart team
L115,deals@trendythreads.example,nupur@iris-mail.com,Restock Alert on Denim,"Hi Nupur,
 
 The denim styles you liked earlier are back in stock across a few sizes. Feel free to check them out next time you are browsing for essentials.
 
 Team TrendyThreads",Promotion,LOW,Synthetic,"Restock Alert on Denim Hi Nupur,
 
 The denim styles you liked earlier are back in stock across a few sizes. Feel free to check them out next time you are browsing for essentials.
 
 Team TrendyThreads",restock alert on denim hi nupur denim style liked earlier back stock across size feel free to check next time browsing essential team trendythreads
L116,promo@bookbazaar.example,nupur@iris-mail.com,A Look at This Month's Genre Spotlight,"Hi Nupur,
 
 This month's genre spotlight is on historical fiction, with a few staff picks included. Browse the list whenever you are in the mood for something new.
 
 Book Bazaar",Newsletter,LOW,Synthetic,"A Look at This Month's Genre Spotlight Hi Nupur,
 
 This month's genre spotlight is on historical fiction, with a few staff picks included. Browse the list whenever you are in the mood for something new.
 
 Book Bazaar",look at month genre spotlight hi nupur month genre spotlight on historical fiction staff pick included browse list whenever mood something new book bazaar
L117,offers@stylehub.example,nupur@iris-mail.com,Refer a Friend Program,"Hi Nupur,
 
 We have launched a referral program where both you and a friend get a small credit when they make their first purchase. Just sharing in case it is something you want to use.
 
 StyleHub Team",Service,LOW,Synthetic,"Refer a Friend Program Hi Nupur,
 
 We have launched a referral program where both you and a friend get a small credit when they make their first purchase. Just sharing in case it is something you want to use.
 
 StyleHub Team",refer friend program hi nupur launched referral program friend get small credit make first purchase sharing case something want to use stylehub team
L118,hello@urbanbasics.example,nupur@iris-mail.com,Behind the Scenes: Our Manufacturing Process,"Hi Nupur,
 
 A short piece on how our basics are manufactured, covering the materials and process we use. Might be an interesting read for anyone curious about where their clothes come from.
 
 Urban Basics",Newsletter,LOW,Synthetic,"Behind the Scenes: Our Manufacturing Process Hi Nupur,
 
 A short piece on how our basics are manufactured, covering the materials and process we use. Might be an interesting read for anyone curious about where their clothes come from.
 
 Urban Basics",behind scene : manufacturing process hi nupur short piece on basic manufactured covering material process use might interesting read anyone curious clothes come from urban basic
L119,news@gadgetmart.example,nupur@iris-mail.com,Compare Our Power Bank Range,"Hi Nupur,
 
 We put together a quick comparison of our power bank range this month if you are ever looking for a reliable one. No rush, just a useful read.
 
 GadgetMart Team",Technology,LOW,Synthetic,"Compare Our Power Bank Range Hi Nupur,
 
 We put together a quick comparison of our power bank range this month if you are ever looking for a reliable one. No rush, just a useful read.
 
 GadgetMart Team",compare power bank range hi nupur put together quick comparison power bank range month ever looking reliable one no rush useful read gadgetmart team
L120,hello@homedecorco.example,nupur@iris-mail.com,Seasonal Decor Trends,"Hi Nupur,
 
 A short piece on decor trends for this season, in case you are looking to refresh your space. A casual read for whenever you have time.
 
 Home Decor Co",Newsletter,LOW,Synthetic,"Seasonal Decor Trends Hi Nupur,
 
 A short piece on decor trends for this season, in case you are looking to refresh your space. A casual read for whenever you have time.
 
 Home Decor Co",seasonal decor trend hi nupur short piece on decor trend season case looking to refresh space casual read whenever time home decor co
L121,deals@trendythreads.example,nupur@iris-mail.com,Loyalty Points Update,"Hi Nupur,
 
 Your loyalty points balance has grown a little with your recent orders. You can check your total anytime on the app, no action needed unless you want to redeem them.
 
 Team TrendyThreads",Service,LOW,Synthetic,"Loyalty Points Update Hi Nupur,
 
 Your loyalty points balance has grown a little with your recent orders. You can check your total anytime on the app, no action needed unless you want to redeem them.
 
 Team TrendyThreads",loyalty point update hi nupur loyalty point balance grown little recent order check total anytime on app no action needed unless want to redeem team trendythreads
L122,promo@bookbazaar.example,nupur@iris-mail.com,Reader Poll: Vote for Next Month's Pick,"Hi Nupur,
 
 We are running a small poll to decide our featured book club pick for next month. Vote on our website if you feel like weighing in, entirely optional.
 
 Book Bazaar",Community,LOW,Synthetic,"Reader Poll: Vote for Next Month's Pick Hi Nupur,
 
 We are running a small poll to decide our featured book club pick for next month. Vote on our website if you feel like weighing in, entirely optional.
 
 Book Bazaar",reader poll : vote next month pick hi nupur running small poll to decide featured book club pick next month vote on website feel like weighing entirely optional book bazaar
L123,offers@stylehub.example,nupur@iris-mail.com,Clearance Section Updated,"Hi Nupur,
 
 The clearance section has been refreshed with a few new items at reduced prices. Worth a browse if you are looking for a good deal.
 
 StyleHub Team",Promotion,LOW,Synthetic,"Clearance Section Updated Hi Nupur,
 
 The clearance section has been refreshed with a few new items at reduced prices. Worth a browse if you are looking for a good deal.
 
 StyleHub Team",clearance section updated hi nupur clearance section refreshed new item at reduced price worth browse looking good deal stylehub team
L124,news@gadgetmart.example,nupur@iris-mail.com,New Warranty Terms Announced,"Hi Nupur,
 
 We have extended the warranty period on a few product categories starting this month. Details are on our website in case you want to check your existing purchases.
 
 GadgetMart Team",Service,LOW,Synthetic,"New Warranty Terms Announced Hi Nupur,
 
 We have extended the warranty period on a few product categories starting this month. Details are on our website in case you want to check your existing purchases.
 
 GadgetMart Team",new warranty term announced hi nupur extended warranty period on product category starting month detail on website case want to check existing purchase gadgetmart team
L125,hello@urbanbasics.example,nupur@iris-mail.com,Customer Photos From This Season,"Hi Nupur,
 
 We featured a few customer submitted photos wearing our latest collection on our social media this month. Take a look if you want some styling ideas.
 
 Urban Basics",Community,LOW,Synthetic,"Customer Photos From This Season Hi Nupur,
 
 We featured a few customer submitted photos wearing our latest collection on our social media this month. Take a look if you want some styling ideas.
 
 Urban Basics",customer photo from season hi nupur featured customer submitted photo wearing latest collection on social medium month take look want styling idea urban basic
L126,newsletter@techdigest.example,nupur@iris-mail.com,This Week's Tech Roundup,"Hi Nupur,
 
 Here is a roundup of interesting technology stories from this past week. Read whenever you have some free time.
 
 Tech Digest Team",Newsletter,LOW,Synthetic,"This Week's Tech Roundup Hi Nupur,
 
 Here is a roundup of interesting technology stories from this past week. Read whenever you have some free time.
 
 Tech Digest Team",week tech roundup hi nupur roundup interesting technology story from past week read whenever free time tech digest team
L127,digest@campuslife.example,nupur@iris-mail.com,Campus Digest: This Week's Highlights,"Hi Nupur,
 
 Catch up on campus happenings from the past week, including a few club activities and general announcements. A light read whenever you get a chance.
 
 Campus Life Digest",Newsletter,LOW,Synthetic,"Campus Digest: This Week's Highlights Hi Nupur,
 
 Catch up on campus happenings from the past week, including a few club activities and general announcements. A light read whenever you get a chance.
 
 Campus Life Digest",campus digest : week highlight hi nupur catch on campus happening from past week including club activity general announcement light read whenever get chance campus life digest
L128,news@foodieweekly.example,nupur@iris-mail.com,This Week's Recipe Roundup,"Hi Nupur,
 
 A collection of recipes shared by our readers this week, ranging from quick snacks to more elaborate weekend cooking projects. Browse whenever you feel like trying something new.
 
 Foodie Weekly",Newsletter,LOW,Synthetic,"This Week's Recipe Roundup Hi Nupur,
 
 A collection of recipes shared by our readers this week, ranging from quick snacks to more elaborate weekend cooking projects. Browse whenever you feel like trying something new.
 
 Foodie Weekly",week recipe roundup hi nupur collection recipe shared by reader week ranging from quick snack to elaborate weekend cooking project browse whenever feel like trying something new foodie weekly
L129,updates@travelbuzz.example,nupur@iris-mail.com,This Week's Travel Inspiration,"Hi Nupur,
 
 A few underrated destinations and travel tips featured in this week's edition. Purely for inspiration, read whenever you have some free time.
 
 Travel Buzz Team",Newsletter,LOW,Synthetic,"This Week's Travel Inspiration Hi Nupur,
 
 A few underrated destinations and travel tips featured in this week's edition. Purely for inspiration, read whenever you have some free time.
 
 Travel Buzz Team",week travel inspiration hi nupur underrated destination travel tip featured week edition purely inspiration read whenever free time travel buzz team
L130,newsletter@techdigest.example,nupur@iris-mail.com,Explainer: How Encryption Works,"Hi Nupur,
 
 This week's explainer piece breaks down how encryption works in everyday apps. Might be an interesting read given your interest in tech topics.
 
 Tech Digest Team",Newsletter,LOW,Synthetic,"Explainer: How Encryption Works Hi Nupur,
 
 This week's explainer piece breaks down how encryption works in everyday apps. Might be an interesting read given your interest in tech topics.
 
 Tech Digest Team",explainer : encryption work hi nupur week explainer piece break encryption work everyday apps might interesting read given interest tech topic tech digest team
L131,digest@campuslife.example,nupur@iris-mail.com,This Week's Club Activities,"Hi Nupur,
 
 A quick digest of club activities happening across campus this week. Nice to read through if you have some free time, no action needed.
 
 Campus Life Digest",Newsletter,LOW,Synthetic,"This Week's Club Activities Hi Nupur,
 
 A quick digest of club activities happening across campus this week. Nice to read through if you have some free time, no action needed.
 
 Campus Life Digest",week club activity hi nupur quick digest club activity happening across campus week nice to read free time no action needed campus life digest
L132,news@moviebuzz.example,nupur@iris-mail.com,Weekly Entertainment Roundup,"Hi Nupur,
 
 Catch up on entertainment news from this week in our roundup. A light read for whenever you have a few spare minutes.
 
 Movie Buzz Team",Newsletter,LOW,Synthetic,"Weekly Entertainment Roundup Hi Nupur,
 
 Catch up on entertainment news from this week in our roundup. A light read for whenever you have a few spare minutes.
 
 Movie Buzz Team",weekly entertainment roundup hi nupur catch on entertainment news from week roundup light read whenever spare minute movie buzz team
L133,insights@careerlaunch.example,nupur@iris-mail.com,This Week's Career Tips,"Hi Nupur,
 
 A few general tips on networking and building your professional profile in this week's digest. Worth a skim whenever you have some time.
 
 CareerLaunch Team",Newsletter,LOW,Synthetic,"This Week's Career Tips Hi Nupur,
 
 A few general tips on networking and building your professional profile in this week's digest. Worth a skim whenever you have some time.
 
 CareerLaunch Team",week career tip hi nupur general tip on networking building professional profile week digest worth skim whenever time careerlaunch team
L134,news@foodieweekly.example,nupur@iris-mail.com,Ingredient Spotlight This Week,"Hi Nupur,
 
 This edition spotlights a versatile ingredient and a few simple ways to use it. A nice light read if you enjoy cooking.
 
 Foodie Weekly",Newsletter,LOW,Synthetic,"Ingredient Spotlight This Week Hi Nupur,
 
 This edition spotlights a versatile ingredient and a few simple ways to use it. A nice light read if you enjoy cooking.
 
 Foodie Weekly",ingredient spotlight week hi nupur edition spotlight versatile ingredient simple way to use nice light read enjoy cooking foodie weekly
L135,updates@travelbuzz.example,nupur@iris-mail.com,Budget Travel Tips This Week,"Hi Nupur,
 
 A short piece on stretching your travel budget further, with a few tips we found genuinely useful. A light read for whenever you have time.
 
 Travel Buzz Team",Newsletter,LOW,Synthetic,"Budget Travel Tips This Week Hi Nupur,
 
 A short piece on stretching your travel budget further, with a few tips we found genuinely useful. A light read for whenever you have time.
 
 Travel Buzz Team",budget travel tip week hi nupur short piece on stretching travel budget tip found genuinely useful light read whenever time travel buzz team
L136,digest@campuslife.example,nupur@iris-mail.com,This Week's Sports Roundup,"Hi Nupur,
 
 A summary of this week's inter department sports matches and results. Take a look if you are curious how things went.
 
 Campus Life Digest",Newsletter,LOW,Synthetic,"This Week's Sports Roundup Hi Nupur,
 
 A summary of this week's inter department sports matches and results. Take a look if you are curious how things went.
 
 Campus Life Digest",week sport roundup hi nupur summary week inter department sport match result take look curious thing went campus life digest
L137,newsletter@techdigest.example,nupur@iris-mail.com,Reader Question: Cloud vs Local Storage,"Hi Nupur,
 
 This week we answered a reader question comparing cloud and local storage for everyday use. Might be a helpful read if you are curious about the topic.
 
 Tech Digest Team",Newsletter,LOW,Synthetic,"Reader Question: Cloud vs Local Storage Hi Nupur,
 
 This week we answered a reader question comparing cloud and local storage for everyday use. Might be a helpful read if you are curious about the topic.
 
 Tech Digest Team",reader question : cloud v local storage hi nupur week answered reader question comparing cloud local storage everyday use might helpful read curious topic tech digest team
L138,news@moviebuzz.example,nupur@iris-mail.com,This Week's Watchlist Picks,"Hi Nupur,
 
 A few picks for your watchlist based on what has been trending this week. Browse whenever you are deciding what to watch next.
 
 Movie Buzz Team",Newsletter,LOW,Synthetic,"This Week's Watchlist Picks Hi Nupur,
 
 A few picks for your watchlist based on what has been trending this week. Browse whenever you are deciding what to watch next.
 
 Movie Buzz Team",week watchlist pick hi nupur pick watchlist based on trending week browse whenever deciding to watch next movie buzz team
L139,insights@careerlaunch.example,nupur@iris-mail.com,Industry Spotlight: Product Management,"Hi Nupur,
 
 This week's spotlight covers career paths and skills relevant to product management roles. A useful read if you are exploring options.
 
 CareerLaunch Team",Newsletter,LOW,Synthetic,"Industry Spotlight: Product Management Hi Nupur,
 
 This week's spotlight covers career paths and skills relevant to product management roles. A useful read if you are exploring options.
 
 CareerLaunch Team",industry spotlight : product management hi nupur week spotlight cover career path skill relevant to product management role useful read exploring option careerlaunch team
L140,news@foodieweekly.example,nupur@iris-mail.com,This Week's Reader Recipes,"Hi Nupur,
 
 A few more reader submitted recipes from our community this week. Take a look if you enjoy trying new dishes over the weekend.
 
 Foodie Weekly",Newsletter,LOW,Synthetic,"This Week's Reader Recipes Hi Nupur,
 
 A few more reader submitted recipes from our community this week. Take a look if you enjoy trying new dishes over the weekend.
 
 Foodie Weekly",week reader recipe hi nupur reader submitted recipe from community week take look enjoy trying new dish over weekend foodie weekly
L141,updates@travelbuzz.example,nupur@iris-mail.com,This Week's Packing Guide,"Hi Nupur,
 
 A short guide on packing smart for shorter trips, with a few tips worth trying. A light read for whenever you have time.
 
 Travel Buzz Team",Newsletter,LOW,Synthetic,"This Week's Packing Guide Hi Nupur,
 
 A short guide on packing smart for shorter trips, with a few tips worth trying. A light read for whenever you have time.
 
 Travel Buzz Team",week packing guide hi nupur short guide on packing smart shorter trip tip worth trying light read whenever time travel buzz team
L142,digest@campuslife.example,nupur@iris-mail.com,New Clubs and Societies Update,"Hi Nupur,
 
 A quick overview of a couple of new student societies that formed this month. Take a look if you are curious what is new on campus.
 
 Campus Life Digest",Newsletter,LOW,Synthetic,"New Clubs and Societies Update Hi Nupur,
 
 A quick overview of a couple of new student societies that formed this month. Take a look if you are curious what is new on campus.
 
 Campus Life Digest",new club society update hi nupur quick overview couple new student society formed month take look curious new on campus campus life digest
L143,newsletter@techdigest.example,nupur@iris-mail.com,This Week's Product Roundup,"Hi Nupur,
 
 A collection of interesting product launches from this week has been compiled for easy reading. Nothing here requires any action, just some light reading.
 
 Tech Digest Team",Newsletter,LOW,Synthetic,"This Week's Product Roundup Hi Nupur,
 
 A collection of interesting product launches from this week has been compiled for easy reading. Nothing here requires any action, just some light reading.
 
 Tech Digest Team",week product roundup hi nupur collection interesting product launch from week compiled easy reading nothing requires action light reading tech digest team
L144,news@moviebuzz.example,nupur@iris-mail.com,Behind the Scenes This Week,"Hi Nupur,
 
 A behind the scenes look at a few entertainment projects generating buzz this week. A casual read for whenever you have a few minutes.
 
 Movie Buzz Team",Newsletter,LOW,Synthetic,"Behind the Scenes This Week Hi Nupur,
 
 A behind the scenes look at a few entertainment projects generating buzz this week. A casual read for whenever you have a few minutes.
 
 Movie Buzz Team",behind scene week hi nupur behind scene look at entertainment project generating buzz week casual read whenever minute movie buzz team
L145,insights@careerlaunch.example,nupur@iris-mail.com,This Week's Resume Tip,"Hi Nupur,
 
 A quick tip on formatting your resume for tech roles, part of our ongoing weekly series. A short read whenever you have a moment.
 
 CareerLaunch Team",Newsletter,LOW,Synthetic,"This Week's Resume Tip Hi Nupur,
 
 A quick tip on formatting your resume for tech roles, part of our ongoing weekly series. A short read whenever you have a moment.
 
 CareerLaunch Team",week resume tip hi nupur quick tip on formatting resume tech role part ongoing weekly series short read whenever moment careerlaunch team
L146,news@foodieweekly.example,nupur@iris-mail.com,This Week's Cafe Spotlight,"Hi Nupur,
 
 A cafe that has been getting good reviews recently is featured in this week's edition. Might be worth checking out sometime with friends.
 
 Foodie Weekly",Newsletter,LOW,Synthetic,"This Week's Cafe Spotlight Hi Nupur,
 
 A cafe that has been getting good reviews recently is featured in this week's edition. Might be worth checking out sometime with friends.
 
 Foodie Weekly",week cafe spotlight hi nupur cafe getting good review recently featured week edition might worth checking sometime friend foodie weekly
L147,updates@travelbuzz.example,nupur@iris-mail.com,This Week's Hidden Gem Destination,"Hi Nupur,
 
 A lesser known travel destination is featured in this week's newsletter. Purely for inspiration whenever you are planning a future trip.
 
 Travel Buzz Team",Newsletter,LOW,Synthetic,"This Week's Hidden Gem Destination Hi Nupur,
 
 A lesser known travel destination is featured in this week's newsletter. Purely for inspiration whenever you are planning a future trip.
 
 Travel Buzz Team",week hidden gem destination hi nupur lesser known travel destination featured week newsletter purely inspiration whenever planning future trip travel buzz team
L148,digest@campuslife.example,nupur@iris-mail.com,Faculty Achievements This Month,"Hi Nupur,
 
 A quick digest highlighting a few faculty achievements and publications this month. A nice read through if you have some time.
 
 Campus Life Digest",Newsletter,LOW,Synthetic,"Faculty Achievements This Month Hi Nupur,
 
 A quick digest highlighting a few faculty achievements and publications this month. A nice read through if you have some time.
 
 Campus Life Digest",faculty achievement month hi nupur quick digest highlighting faculty achievement publication month nice read time campus life digest
L149,newsletter@techdigest.example,nupur@iris-mail.com,This Week's Startup Spotlight,"Hi Nupur,
 
 A quick look at an interesting startup making news this week. A casual read if you enjoy following the tech industry.
 
 Tech Digest Team",Newsletter,LOW,Synthetic,"This Week's Startup Spotlight Hi Nupur,
 
 A quick look at an interesting startup making news this week. A casual read if you enjoy following the tech industry.
 
 Tech Digest Team",week startup spotlight hi nupur quick look at interesting startup making news week casual read enjoy following tech industry tech digest team
L150,news@moviebuzz.example,nupur@iris-mail.com,This Week's Award Season Buzz,"Hi Nupur,
 
 A roundup of award season buzz and predictions from this week. A light read for whenever you have some downtime.
 
 Movie Buzz Team",Newsletter,LOW,Synthetic,"This Week's Award Season Buzz Hi Nupur,
 
 A roundup of award season buzz and predictions from this week. A light read for whenever you have some downtime.
 
 Movie Buzz Team",week award season buzz hi nupur roundup award season buzz prediction from week light read whenever downtime movie buzz team
L151,insights@careerlaunch.example,nupur@iris-mail.com,This Week's Interview Tip,"Hi Nupur,
 
 A quick tip on answering behavioral interview questions, part of our regular weekly series. Worth a skim whenever you have time.
 
 CareerLaunch Team",Newsletter,LOW,Synthetic,"This Week's Interview Tip Hi Nupur,
 
 A quick tip on answering behavioral interview questions, part of our regular weekly series. Worth a skim whenever you have time.
 
 CareerLaunch Team",week interview tip hi nupur quick tip on answering behavioral interview question part regular weekly series worth skim whenever time careerlaunch team
L152,news@foodieweekly.example,nupur@iris-mail.com,This Week's Kitchen Hack,"Hi Nupur,
 
 A simple kitchen hack that a few readers swear by, featured in this week's edition. A quick and fun read.
 
 Foodie Weekly",Newsletter,LOW,Synthetic,"This Week's Kitchen Hack Hi Nupur,
 
 A simple kitchen hack that a few readers swear by, featured in this week's edition. A quick and fun read.
 
 Foodie Weekly",week kitchen hack hi nupur simple kitchen hack reader swear by featured week edition quick fun read foodie weekly
L153,updates@travelbuzz.example,nupur@iris-mail.com,This Week's Travel Photography Feature,"Hi Nupur,
 
 A short feature on travel photography tips from this week's edition, with a few reader submitted shots. A nice read whenever you have time.
 
 Travel Buzz Team",Newsletter,LOW,Synthetic,"This Week's Travel Photography Feature Hi Nupur,
 
 A short feature on travel photography tips from this week's edition, with a few reader submitted shots. A nice read whenever you have time.
 
 Travel Buzz Team",week travel photography feature hi nupur short feature on travel photography tip from week edition reader submitted shot nice read whenever time travel buzz team
L154,digest@campuslife.example,nupur@iris-mail.com,This Week's Event Recap,"Hi Nupur,
 
 A quick recap of a campus event from earlier this week for anyone who missed it. Nothing needing action, just a summary.
 
 Campus Life Digest",Newsletter,LOW,Synthetic,"This Week's Event Recap Hi Nupur,
 
 A quick recap of a campus event from earlier this week for anyone who missed it. Nothing needing action, just a summary.
 
 Campus Life Digest",week event recap hi nupur quick recap campus event from earlier week anyone missed nothing needing action summary campus life digest
L155,newsletter@techdigest.example,nupur@iris-mail.com,This Week's Reader Mailbag,"Hi Nupur,
 
 A few reader questions answered in this week's mailbag section, covering topics from gadgets to software. A light read whenever convenient.
 
 Tech Digest Team",Newsletter,LOW,Synthetic,"This Week's Reader Mailbag Hi Nupur,
 
 A few reader questions answered in this week's mailbag section, covering topics from gadgets to software. A light read whenever convenient.
 
 Tech Digest Team",week reader mailbag hi nupur reader question answered week mailbag section covering topic from gadget to software light read whenever convenient tech digest team
L156,updates@zentracloud.example,nupur@iris-mail.com,Minor Interface Tweaks Rolling Out,"Hi Nupur,
 
 A few minor interface tweaks are rolling out this week based on user feedback. Your data and settings remain unchanged, purely a visual update.
 
 Zentra Cloud Team",Technology,LOW,Synthetic,"Minor Interface Tweaks Rolling Out Hi Nupur,
 
 A few minor interface tweaks are rolling out this week based on user feedback. Your data and settings remain unchanged, purely a visual update.
 
 Zentra Cloud Team",minor interface tweak rolling hi nupur minor interface tweak rolling week based on user feedback data setting remain unchanged purely visual update zentra cloud team
L157,news@gadgetmart.example,nupur@iris-mail.com,Spotlight: Budget Smartphones,"Hi Nupur,
 
 This week's spotlight covers a few budget friendly smartphone options available on our store. Take a look if you are ever curious about what is available.
 
 GadgetMart Team",Technology,LOW,Synthetic,"Spotlight: Budget Smartphones Hi Nupur,
 
 This week's spotlight covers a few budget friendly smartphone options available on our store. Take a look if you are ever curious about what is available.
 
 GadgetMart Team",spotlight : budget smartphones hi nupur week spotlight cover budget friendly smartphone option available on store take look ever curious available gadgetmart team
L158,updates@musicstream.example,nupur@iris-mail.com,Minor Bug Fixes in Latest Update,"Hi Nupur,
 
 The latest app update includes a few minor bug fixes and performance improvements. Update whenever convenient through your app store.
 
 MusicStream Team",Technology,LOW,Synthetic,"Minor Bug Fixes in Latest Update Hi Nupur,
 
 The latest app update includes a few minor bug fixes and performance improvements. Update whenever convenient through your app store.
 
 MusicStream Team",minor bug fix latest update hi nupur latest app update includes minor bug fix performance improvement update whenever convenient app store musicstream team
L159,updates@fitzone.example,nupur@iris-mail.com,New Icons and Theme Options,"Hi Nupur,
 
 We have added a few new icon and theme options to personalize your app experience. Explore them whenever you next open the app.
 
 FitZone Team",Technology,LOW,Synthetic,"New Icons and Theme Options Hi Nupur,
 
 We have added a few new icon and theme options to personalize your app experience. Explore them whenever you next open the app.
 
 FitZone Team",new icon theme option hi nupur added new icon theme option to personalize app experience explore whenever next open app fitzone team
L160,product@internethome.example,nupur@iris-mail.com,New Modem Model Available,"Hi Nupur,
 
 A new modem model with slightly improved performance is now available. Not necessary for most existing customers to upgrade, just sharing in case you are interested.
 
 Internet Home Broadband",Technology,LOW,Synthetic,"New Modem Model Available Hi Nupur,
 
 A new modem model with slightly improved performance is now available. Not necessary for most existing customers to upgrade, just sharing in case you are interested.
 
 Internet Home Broadband",new modem model available hi nupur new modem model slightly improved performance available not necessary existing customer to upgrade sharing case interested internet home broadband
L161,updates@zentracloud.example,nupur@iris-mail.com,Tips for Faster File Sharing,"Hi Nupur,
 
 A short guide on sharing files more quickly using our platform's link sharing feature. Might be useful if you ever collaborate on documents.
 
 Zentra Cloud Team",Technology,LOW,Synthetic,"Tips for Faster File Sharing Hi Nupur,
 
 A short guide on sharing files more quickly using our platform's link sharing feature. Might be useful if you ever collaborate on documents.
 
 Zentra Cloud Team",tip faster file sharing hi nupur short guide on sharing file quickly using platform link sharing feature might useful ever collaborate on document zentra cloud team
L162,news@gadgetmart.example,nupur@iris-mail.com,Behind the Design: Our New Speaker,"Hi Nupur,
 
 A quick look at the design process behind our newly launched portable speaker. A casual read if you are interested in product design.
 
 GadgetMart Team",Technology,LOW,Synthetic,"Behind the Design: Our New Speaker Hi Nupur,
 
 A quick look at the design process behind our newly launched portable speaker. A casual read if you are interested in product design.
 
 GadgetMart Team",behind design : new speaker hi nupur quick look at design process behind newly launched portable speaker casual read interested product design gadgetmart team
L163,updates@musicstream.example,nupur@iris-mail.com,Introducing Collaborative Playlists,"Hi Nupur,
 
 We have rolled out a new feature letting you build playlists together with friends. Explore it next time you open the app, entirely optional to use.
 
 MusicStream Team",Technology,LOW,Synthetic,"Introducing Collaborative Playlists Hi Nupur,
 
 We have rolled out a new feature letting you build playlists together with friends. Explore it next time you open the app, entirely optional to use.
 
 MusicStream Team",introducing collaborative playlist hi nupur rolled new feature letting build playlist together friend explore next time open app entirely optional to use musicstream team
L164,team@fitzone.example,nupur@iris-mail.com,New Feature: Hydration Reminders,"Hi Nupur,
 
 Hydration reminders are now available in the app for anyone who wants a gentle nudge throughout the day. Try it out whenever you get a chance.
 
 FitZone Team",Technology,LOW,Synthetic,"New Feature: Hydration Reminders Hi Nupur,
 
 Hydration reminders are now available in the app for anyone who wants a gentle nudge throughout the day. Try it out whenever you get a chance.
 
 FitZone Team",new feature : hydration reminder hi nupur hydration reminder available app anyone want gentle nudge throughout day try whenever get chance fitzone team
L165,product@internethome.example,nupur@iris-mail.com,FAQ: Setting Up a Guest Network,"Hi Nupur,
 
 We put together a short FAQ on setting up a guest network at home for visitors. Might be a helpful read if you ever need to do this.
 
 Internet Home Broadband",Technology,LOW,Synthetic,"FAQ: Setting Up a Guest Network Hi Nupur,
 
 We put together a short FAQ on setting up a guest network at home for visitors. Might be a helpful read if you ever need to do this.
 
 Internet Home Broadband",faq : setting guest network hi nupur put together short faq on setting guest network at home visitor might helpful read ever need to internet home broadband
L166,updates@zentracloud.example,nupur@iris-mail.com,Community Forum Tips of the Month,"Hi Nupur,
 
 A few useful tips shared by other users on our community forum this month. Worth a browse if you enjoy that kind of content.
 
 Zentra Cloud Team",Technology,LOW,Synthetic,"Community Forum Tips of the Month Hi Nupur,
 
 A few useful tips shared by other users on our community forum this month. Worth a browse if you enjoy that kind of content.
 
 Zentra Cloud Team",community forum tip month hi nupur useful tip shared by user on community forum month worth browse enjoy kind content zentra cloud team
L167,news@gadgetmart.example,nupur@iris-mail.com,Comparing Fitness Trackers,"Hi Nupur,
 
 A short comparison of fitness trackers currently on our store, covering battery life and features. Read whenever you are curious about the options.
 
 GadgetMart Team",Technology,LOW,Synthetic,"Comparing Fitness Trackers Hi Nupur,
 
 A short comparison of fitness trackers currently on our store, covering battery life and features. Read whenever you are curious about the options.
 
 GadgetMart Team",comparing fitness tracker hi nupur short comparison fitness tracker currently on store covering battery life feature read whenever curious option gadgetmart team
L168,updates@musicstream.example,nupur@iris-mail.com,This Month's Trending Genres,"Hi Nupur,
 
 A look at which genres have been trending on our platform this month. A fun read if you enjoy discovering new music.
 
 MusicStream Team",Technology,LOW,Synthetic,"This Month's Trending Genres Hi Nupur,
 
 A look at which genres have been trending on our platform this month. A fun read if you enjoy discovering new music.
 
 MusicStream Team",month trending genre hi nupur look at genre trending on platform month fun read enjoy discovering new music musicstream team
L169,team@fitzone.example,nupur@iris-mail.com,New Guided Workout Series,"Hi Nupur,
 
 A new guided workout series has been added to the app this month, aimed at beginners. Try it out whenever you feel like switching up your routine.
 
 FitZone Team",Technology,LOW,Synthetic,"New Guided Workout Series Hi Nupur,
 
 A new guided workout series has been added to the app this month, aimed at beginners. Try it out whenever you feel like switching up your routine.
 
 FitZone Team",new guided workout series hi nupur new guided workout series added to app month aimed at beginner try whenever feel like switching routine fitzone team
L170,product@internethome.example,nupur@iris-mail.com,Understanding Your Router's Indicator Lights,"Hi Nupur,
 
 A short guide explaining what the different indicator lights on your router mean. Might be a handy read for troubleshooting minor issues yourself.
 
 Internet Home Broadband",Technology,LOW,Synthetic,"Understanding Your Router's Indicator Lights Hi Nupur,
 
 A short guide explaining what the different indicator lights on your router mean. Might be a handy read for troubleshooting minor issues yourself.
 
 Internet Home Broadband",understanding router indicator light hi nupur short guide explaining different indicator light on router mean might handy read troubleshooting minor issue internet home broadband
L171,news@gadgetmart.example,nupur@iris-mail.com,New Case Designs for Popular Phones,"Hi Nupur,
 
 A few new phone case designs have been added to our store this month across popular models. Take a look next time you are browsing accessories.
 
 GadgetMart Team",Technology,LOW,Synthetic,"New Case Designs for Popular Phones Hi Nupur,
 
 A few new phone case designs have been added to our store this month across popular models. Take a look next time you are browsing accessories.
 
 GadgetMart Team",new case design popular phone hi nupur new phone case design added to store month across popular model take look next time browsing accessory gadgetmart team
L172,updates@zentracloud.example,nupur@iris-mail.com,Dark Mode Now Available,"Hi Nupur,
 
 Dark mode is now available across the app based on popular request. You can enable it anytime from the display settings.
 
 Zentra Cloud Team",Technology,LOW,Synthetic,"Dark Mode Now Available Hi Nupur,
 
 Dark mode is now available across the app based on popular request. You can enable it anytime from the display settings.
 
 Zentra Cloud Team",dark mode available hi nupur dark mode available across app based on popular request enable anytime from display setting zentra cloud team
L173,team@fitzone.example,nupur@iris-mail.com,New Badges and Milestones Added,"Hi Nupur,
 
 We have added a few new badges and milestones to celebrate your workout streaks. Check your profile next time you open the app to see what you have earned.
 
 FitZone Team",Technology,LOW,Synthetic,"New Badges and Milestones Added Hi Nupur,
 
 We have added a few new badges and milestones to celebrate your workout streaks. Check your profile next time you open the app to see what you have earned.
 
 FitZone Team",new badge milestone added hi nupur added new badge milestone to celebrate workout streak check profile next time open app to see earned fitzone team
L174,updates@musicstream.example,nupur@iris-mail.com,Offline Listening Improvements,"Hi Nupur,
 
 We have made a few improvements to offline listening, including faster downloads. Nothing you need to do, the update applies automatically.
 
 MusicStream Team",Technology,LOW,Synthetic,"Offline Listening Improvements Hi Nupur,
 
 We have made a few improvements to offline listening, including faster downloads. Nothing you need to do, the update applies automatically.
 
 MusicStream Team",offline listening improvement hi nupur made improvement to offline listening including faster downloads nothing need to update applies automatically musicstream team
L175,product@internethome.example,nupur@iris-mail.com,New Speed Test Tool Added,"Hi Nupur,
 
 A new built in speed test tool is now available in the app for checking your connection performance. Try it out whenever you are curious.
 
 Internet Home Broadband",Technology,LOW,Synthetic,"New Speed Test Tool Added Hi Nupur,
 
 A new built in speed test tool is now available in the app for checking your connection performance. Try it out whenever you are curious.
 
 Internet Home Broadband",new speed test tool added hi nupur new built speed test tool available app checking connection performance try whenever curious internet home broadband
L176,news@moviebuzz.example,nupur@iris-mail.com,Trailer Drop This Week,"Hi Nupur,
 
 A new trailer dropped this week for an upcoming release generating a fair bit of buzz. Watch it whenever you have a few minutes if you are curious.
 
 Movie Buzz Team",Entertainment,LOW,Synthetic,"Trailer Drop This Week Hi Nupur,
 
 A new trailer dropped this week for an upcoming release generating a fair bit of buzz. Watch it whenever you have a few minutes if you are curious.
 
 Movie Buzz Team",trailer drop week hi nupur new trailer dropped week upcoming release generating fair bit buzz watch whenever minute curious movie buzz team
L177,updates@musicstream.example,nupur@iris-mail.com,New Singles Out This Week,"Hi Nupur,
 
 A few notable singles came out this week across different genres. Take a listen whenever you are looking for something new.
 
 MusicStream Team",Entertainment,LOW,Synthetic,"New Singles Out This Week Hi Nupur,
 
 A few notable singles came out this week across different genres. Take a listen whenever you are looking for something new.
 
 MusicStream Team",new single week hi nupur notable single came week across different genre take listen whenever looking something new musicstream team
L178,news@moviebuzz.example,nupur@iris-mail.com,This Week's Top Rated Series,"Hi Nupur,
 
 Here is a quick list of top rated series this week according to viewer ratings. Might be useful if you are looking for your next watch.
 
 Movie Buzz Team",Entertainment,LOW,Synthetic,"This Week's Top Rated Series Hi Nupur,
 
 Here is a quick list of top rated series this week according to viewer ratings. Might be useful if you are looking for your next watch.
 
 Movie Buzz Team",week top rated series hi nupur quick list top rated series week according to viewer rating might useful looking next watch movie buzz team
L179,events@standupcircuit.example,nupur@iris-mail.com,Comedy Special Streaming Now,"Hi Nupur,
 
 A popular comedian's new special is now streaming. Worth a watch if you are in the mood for some laughs this weekend.
 
 Standup Circuit",Entertainment,LOW,Synthetic,"Comedy Special Streaming Now Hi Nupur,
 
 A popular comedian's new special is now streaming. Worth a watch if you are in the mood for some laughs this weekend.
 
 Standup Circuit",comedy special streaming hi nupur popular comedian new special streaming worth watch mood laugh weekend standup circuit
L180,news@moviebuzz.example,nupur@iris-mail.com,Fan Reactions Roundup,"Hi Nupur,
 
 A roundup of fan reactions to a recent finale that has people talking online. A light read for whenever you have some downtime.
 
 Movie Buzz Team",Entertainment,LOW,Synthetic,"Fan Reactions Roundup Hi Nupur,
 
 A roundup of fan reactions to a recent finale that has people talking online. A light read for whenever you have some downtime.
 
 Movie Buzz Team",fan reaction roundup hi nupur roundup fan reaction to recent finale people talking online light read whenever downtime movie buzz team
L181,updates@musicstream.example,nupur@iris-mail.com,New Podcast Category Added,"Hi Nupur,
 
 We have added a new podcast category focused on storytelling and fiction. Explore it whenever you are looking for something new to listen to.
 
 MusicStream Team",Entertainment,LOW,Synthetic,"New Podcast Category Added Hi Nupur,
 
 We have added a new podcast category focused on storytelling and fiction. Explore it whenever you are looking for something new to listen to.
 
 MusicStream Team",new podcast category added hi nupur added new podcast category focused on storytelling fiction explore whenever looking something new to listen to musicstream team
L182,news@gamezone.example,nupur@iris-mail.com,This Week's Game Discounts,"Hi Nupur,
 
 A few games are discounted on our platform this week if you are looking to add something to your library. Browse at your convenience.
 
 GameZone Team",Entertainment,LOW,Synthetic,"This Week's Game Discounts Hi Nupur,
 
 A few games are discounted on our platform this week if you are looking to add something to your library. Browse at your convenience.
 
 GameZone Team",week game discount hi nupur game discounted on platform week looking to add something to library browse at convenience gamezone team
L183,events@standupcircuit.example,nupur@iris-mail.com,Open Mic Recap From Last Week,"Hi Nupur,
 
 A quick recap of how last week's open mic night went for anyone who could not attend. A fun read if you are curious what you missed.
 
 Standup Circuit",Entertainment,LOW,Synthetic,"Open Mic Recap From Last Week Hi Nupur,
 
 A quick recap of how last week's open mic night went for anyone who could not attend. A fun read if you are curious what you missed.
 
 Standup Circuit",open mic recap from last week hi nupur quick recap last week open mic night went anyone could not attend fun read curious missed standup circuit
L184,news@gamezone.example,nupur@iris-mail.com,New Indie Titles Worth Trying,"Hi Nupur,
 
 A short list of indie game titles worth trying this month based on player reviews. Browse whenever you are looking for something different.
 
 GameZone Team",Entertainment,LOW,Synthetic,"New Indie Titles Worth Trying Hi Nupur,
 
 A short list of indie game titles worth trying this month based on player reviews. Browse whenever you are looking for something different.
 
 GameZone Team",new indie title worth trying hi nupur short list indie game title worth trying month based on player review browse whenever looking something different gamezone team
L185,news@moviebuzz.example,nupur@iris-mail.com,Interview With a Director,"Hi Nupur,
 
 We spoke with a director about their creative process on their latest project. A nice read if you are into behind the scenes content.
 
 Movie Buzz Team",Entertainment,LOW,Synthetic,"Interview With a Director Hi Nupur,
 
 We spoke with a director about their creative process on their latest project. A nice read if you are into behind the scenes content.
 
 Movie Buzz Team",interview director hi nupur spoke director creative process on latest project nice read behind scene content movie buzz team
L186,updates@musicstream.example,nupur@iris-mail.com,This Month's Editor's Picks,"Hi Nupur,
 
 Our editors have put together a playlist of their favorite tracks from this month. Take a listen whenever you are looking for something curated.
 
 MusicStream Team",Entertainment,LOW,Synthetic,"This Month's Editor's Picks Hi Nupur,
 
 Our editors have put together a playlist of their favorite tracks from this month. Take a listen whenever you are looking for something curated.
 
 MusicStream Team",month editor pick hi nupur editor put together playlist favorite track from month take listen whenever looking something curated musicstream team
L187,news@moviebuzz.example,nupur@iris-mail.com,Casting News This Week,"Hi Nupur,
 
 A few casting announcements from this week for upcoming projects. A casual read for anyone following entertainment news.
 
 Movie Buzz Team",Entertainment,LOW,Synthetic,"Casting News This Week Hi Nupur,
 
 A few casting announcements from this week for upcoming projects. A casual read for anyone following entertainment news.
 
 Movie Buzz Team",casting news week hi nupur casting announcement from week upcoming project casual read anyone following entertainment news movie buzz team
L188,news@gamezone.example,nupur@iris-mail.com,Multiplayer Update Notes,"Hi Nupur,
 
 Notes on a recent multiplayer update for a popular title, covering new maps and balance changes. Read whenever you are curious about the changes.
 
 GameZone Team",Entertainment,LOW,Synthetic,"Multiplayer Update Notes Hi Nupur,
 
 Notes on a recent multiplayer update for a popular title, covering new maps and balance changes. Read whenever you are curious about the changes.
 
 GameZone Team",multiplayer update note hi nupur note on recent multiplayer update popular title covering new map balance change read whenever curious change gamezone team
L189,events@standupcircuit.example,nupur@iris-mail.com,Ticket Prices for Upcoming Shows,"Hi Nupur,
 
 Sharing ticket price details for a few upcoming shows in your city. Browse our website whenever you are deciding on plans for the coming weeks.
 
 Standup Circuit",Entertainment,LOW,Synthetic,"Ticket Prices for Upcoming Shows Hi Nupur,
 
 Sharing ticket price details for a few upcoming shows in your city. Browse our website whenever you are deciding on plans for the coming weeks.
 
 Standup Circuit",ticket price upcoming show hi nupur sharing ticket price detail upcoming show city browse website whenever deciding on plan coming week standup circuit
L190,news@moviebuzz.example,nupur@iris-mail.com,This Week's Soundtrack Spotlight,"Hi Nupur,
 
 A spotlight on a soundtrack from a recent release that has been getting attention. A nice listen for whenever you have some free time.
 
 Movie Buzz Team",Entertainment,LOW,Synthetic,"This Week's Soundtrack Spotlight Hi Nupur,
 
 A spotlight on a soundtrack from a recent release that has been getting attention. A nice listen for whenever you have some free time.
 
 Movie Buzz Team",week soundtrack spotlight hi nupur spotlight on soundtrack from recent release getting attention nice listen whenever free time movie buzz team
L191,offers@quickbites.example,nupur@iris-mail.com,New Wraps Added to the Menu,"Hi Nupur,
 
 We have added a few new wraps to our menu this week, including a couple of vegetarian options. Take a look next time you are ordering.
 
 QuickBites Team",Food/Lifestyle,LOW,Synthetic,"New Wraps Added to the Menu Hi Nupur,
 
 We have added a few new wraps to our menu this week, including a couple of vegetarian options. Take a look next time you are ordering.
 
 QuickBites Team",new wrap added to menu hi nupur added new wrap to menu week including couple vegetarian option take look next time ordering quickbites team
L192,news@foodieweekly.example,nupur@iris-mail.com,Weekend Brunch Spots Worth Trying,"Hi Nupur,
 
 A short list of brunch spots in the city that have gotten good reviews recently. Might be worth checking out sometime with friends.
 
 Foodie Weekly",Food/Lifestyle,LOW,Synthetic,"Weekend Brunch Spots Worth Trying Hi Nupur,
 
 A short list of brunch spots in the city that have gotten good reviews recently. Might be worth checking out sometime with friends.
 
 Foodie Weekly",weekend brunch spot worth trying hi nupur short list brunch spot city gotten good review recently might worth checking sometime friend foodie weekly
L193,offers@quickbites.example,nupur@iris-mail.com,Combo Deals This Week,"Hi Nupur,
 
 A few combo meal deals are available on our app this week, offering better value on popular pairings. Browse whenever you are ordering next.
 
 QuickBites Team",Promotion,LOW,Synthetic,"Combo Deals This Week Hi Nupur,
 
 A few combo meal deals are available on our app this week, offering better value on popular pairings. Browse whenever you are ordering next.
 
 QuickBites Team",combo deal week hi nupur combo meal deal available on app week offering better value on popular pairing browse whenever ordering next quickbites team
L194,wellness@calmspace.example,nupur@iris-mail.com,New Breathing Exercise Series,"Hi Nupur,
 
 A new breathing exercise series has been added to the app this week. Try it out whenever you have a quiet moment to unwind.
 
 CalmSpace Team",Food/Lifestyle,LOW,Synthetic,"New Breathing Exercise Series Hi Nupur,
 
 A new breathing exercise series has been added to the app this week. Try it out whenever you have a quiet moment to unwind.
 
 CalmSpace Team",new breathing exercise series hi nupur new breathing exercise series added to app week try whenever quiet moment to unwind calmspace team
L195,news@foodieweekly.example,nupur@iris-mail.com,Baking Tips for Beginners,"Hi Nupur,
 
 A few baking tips for beginners featured in this week's edition, covering common mistakes to avoid. A fun read if you enjoy baking.
 
 Foodie Weekly",Food/Lifestyle,LOW,Synthetic,"Baking Tips for Beginners Hi Nupur,
 
 A few baking tips for beginners featured in this week's edition, covering common mistakes to avoid. A fun read if you enjoy baking.
 
 Foodie Weekly",baking tip beginner hi nupur baking tip beginner featured week edition covering common mistake to avoid fun read enjoy baking foodie weekly
L196,offers@quickbites.example,nupur@iris-mail.com,New Beverage Range Launched,"Hi Nupur,
 
 We have introduced a new range of beverages on our menu this month. Take a look next time you are placing an order.
 
 QuickBites Team",Food/Lifestyle,LOW,Synthetic,"New Beverage Range Launched Hi Nupur,
 
 We have introduced a new range of beverages on our menu this month. Take a look next time you are placing an order.
 
 QuickBites Team",new beverage range launched hi nupur introduced new range beverage on menu month take look next time placing order quickbites team
L197,wellness@calmspace.example,nupur@iris-mail.com,New Guided Journaling Prompts,"Hi Nupur,
 
 A new set of guided journaling prompts has been added to help with reflection before bed. Explore them whenever you feel like trying something different.
 
 CalmSpace Team",Food/Lifestyle,LOW,Synthetic,"New Guided Journaling Prompts Hi Nupur,
 
 A new set of guided journaling prompts has been added to help with reflection before bed. Explore them whenever you feel like trying something different.
 
 CalmSpace Team",new guided journaling prompt hi nupur new set guided journaling prompt added to help reflection before bed explore whenever feel like trying something different calmspace team
L198,team@fitzone.example,nupur@iris-mail.com,Healthy Snack Ideas This Week,"Hi Nupur,
 
 This week's featured content focuses on quick and healthy snack ideas for busy days. Give a few a try if you are looking for meal inspiration.
 
 FitZone Team",Food/Lifestyle,LOW,Synthetic,"Healthy Snack Ideas This Week Hi Nupur,
 
 This week's featured content focuses on quick and healthy snack ideas for busy days. Give a few a try if you are looking for meal inspiration.
 
 FitZone Team",healthy snack idea week hi nupur week featured content focus on quick healthy snack idea busy day give try looking meal inspiration fitzone team
L199,news@foodieweekly.example,nupur@iris-mail.com,This Weekend's Farmers Market,"Hi Nupur,
 
 Sharing this weekend's farmers market schedule in case you enjoy picking up fresh produce on weekends.
 
 Foodie Weekly",Food/Lifestyle,LOW,Synthetic,"This Weekend's Farmers Market Hi Nupur,
 
 Sharing this weekend's farmers market schedule in case you enjoy picking up fresh produce on weekends.
 
 Foodie Weekly",weekend farmer market hi nupur sharing weekend farmer market schedule case enjoy picking fresh produce on weekend foodie weekly
L200,offers@quickbites.example,nupur@iris-mail.com,Loyalty Rewards Growing,"Hi Nupur,
 
 Just a note that your loyalty rewards balance has grown a bit with recent orders. Check your balance anytime on the app, no action needed unless you want to redeem it.
 
 QuickBites Team",Service,LOW,Synthetic,"Loyalty Rewards Growing Hi Nupur,
 
 Just a note that your loyalty rewards balance has grown a bit with recent orders. Check your balance anytime on the app, no action needed unless you want to redeem it.
 
 QuickBites Team",loyalty reward growing hi nupur note loyalty reward balance grown bit recent order check balance anytime on app no action needed unless want to redeem quickbites team
L201,news@foodieweekly.example,nupur@iris-mail.com,Quick Weeknight Dinner Ideas,"Hi Nupur,
 
 A few quick weeknight dinner ideas featured in this week's edition for busy days. Browse whenever you are planning your meals.
 
 Foodie Weekly",Food/Lifestyle,LOW,Synthetic,"Quick Weeknight Dinner Ideas Hi Nupur,
 
 A few quick weeknight dinner ideas featured in this week's edition for busy days. Browse whenever you are planning your meals.
 
 Foodie Weekly",quick weeknight dinner idea hi nupur quick weeknight dinner idea featured week edition busy day browse whenever planning meal foodie weekly
L202,wellness@calmspace.example,nupur@iris-mail.com,New Nature Sounds Collection,"Hi Nupur,
 
 A new collection of nature sounds has been added for background listening while studying or relaxing. Explore it whenever convenient.
 
 CalmSpace Team",Food/Lifestyle,LOW,Synthetic,"New Nature Sounds Collection Hi Nupur,
 
 A new collection of nature sounds has been added for background listening while studying or relaxing. Explore it whenever convenient.
 
 CalmSpace Team",new nature sound collection hi nupur new collection nature sound added background listening studying relaxing explore whenever convenient calmspace team
L203,team@fitzone.example,nupur@iris-mail.com,Stretching Routine of the Week,"Hi Nupur,
 
 This week's featured content is a short stretching routine ideal for after long study sessions. Give it a try whenever you have a few minutes.
 
 FitZone Team",Food/Lifestyle,LOW,Synthetic,"Stretching Routine of the Week Hi Nupur,
 
 This week's featured content is a short stretching routine ideal for after long study sessions. Give it a try whenever you have a few minutes.
 
 FitZone Team",stretching routine week hi nupur week featured content short stretching routine ideal after long study session give try whenever minute fitzone team
L204,offers@quickbites.example,nupur@iris-mail.com,New Regional Cuisine Added,"Hi Nupur,
 
 We have added a new regional cuisine section to our menu this month. Take a look next time you are in the mood to try something different.
 
 QuickBites Team",Food/Lifestyle,LOW,Synthetic,"New Regional Cuisine Added Hi Nupur,
 
 We have added a new regional cuisine section to our menu this month. Take a look next time you are in the mood to try something different.
 
 QuickBites Team",new regional cuisine added hi nupur added new regional cuisine section to menu month take look next time mood to try something different quickbites team
L205,news@foodieweekly.example,nupur@iris-mail.com,Coffee Brewing Tips,"Hi Nupur,
 
 A short piece on brewing better coffee at home, with a few tips from local baristas. A nice read for coffee enthusiasts.
 
 Foodie Weekly",Food/Lifestyle,LOW,Synthetic,"Coffee Brewing Tips Hi Nupur,
 
 A short piece on brewing better coffee at home, with a few tips from local baristas. A nice read for coffee enthusiasts.
 
 Foodie Weekly",coffee brewing tip hi nupur short piece on brewing better coffee at home tip from local baristas nice read coffee enthusiast foodie weekly
L206,deals@skywings.example,nupur@iris-mail.com,Fare Sale on International Routes,"Hi Nupur,
 
 We are running a fare sale on select international routes this month. Browse the deals on our app whenever you are planning a future trip.
 
 SkyWings Airlines",Travel,LOW,Synthetic,"Fare Sale on International Routes Hi Nupur,
 
 We are running a fare sale on select international routes this month. Browse the deals on our app whenever you are planning a future trip.
 
 SkyWings Airlines",fare sale on international route hi nupur running fare sale on select international route month browse deal on app whenever planning future trip skywings airline
L207,offers@stayhaven.example,nupur@iris-mail.com,Off-Season Hotel Deals,"Hi Nupur,
 
 A few hotels are offering off season deals this month in popular hill station destinations. Take a look if you are ever in the mood for a quick getaway.
 
 StayHaven Team",Travel,LOW,Synthetic,"Off-Season Hotel Deals Hi Nupur,
 
 A few hotels are offering off season deals this month in popular hill station destinations. Take a look if you are ever in the mood for a quick getaway.
 
 StayHaven Team",off-season hotel deal hi nupur hotel offering season deal month popular hill station destination take look ever mood quick getaway stayhaven team
L208,updates@travelbuzz.example,nupur@iris-mail.com,Solo Travel Tips,"Hi Nupur,
 
 A short article on tips for solo travelers, covering safety and budgeting basics. A read for whenever you are curious about the topic.
 
 Travel Buzz Team",Travel,LOW,Synthetic,"Solo Travel Tips Hi Nupur,
 
 A short article on tips for solo travelers, covering safety and budgeting basics. A read for whenever you are curious about the topic.
 
 Travel Buzz Team",solo travel tip hi nupur short article on tip solo traveler covering safety budgeting basic read whenever curious topic travel buzz team
L209,dispatch@ridenow.example,nupur@iris-mail.com,New Vehicle Options Added,"Hi Nupur,
 
 We have added a couple of new vehicle categories to choose from on the app. Just sharing in case it is useful for any upcoming travel plans.
 
 RideNow Team",Travel,LOW,Synthetic,"New Vehicle Options Added Hi Nupur,
 
 We have added a couple of new vehicle categories to choose from on the app. Just sharing in case it is useful for any upcoming travel plans.
 
 RideNow Team",new vehicle option added hi nupur added couple new vehicle category to choose from on app sharing case useful upcoming travel plan ridenow team
L210,deals@skywings.example,nupur@iris-mail.com,Seat Selection Now Free on Select Fares,"Hi Nupur,
 
 Seat selection is now included at no extra cost on select fare types. Check your upcoming bookings to see if this applies to you.
 
 SkyWings Airlines",Travel,LOW,Synthetic,"Seat Selection Now Free on Select Fares Hi Nupur,
 
 Seat selection is now included at no extra cost on select fare types. Check your upcoming bookings to see if this applies to you.
 
 SkyWings Airlines",seat selection free on select fare hi nupur seat selection included at no extra cost on select fare type check upcoming booking to see applies to skywings airline
L211,offers@stayhaven.example,nupur@iris-mail.com,New Properties Added This Month,"Hi Nupur,
 
 A few new properties have been added to our platform this month across popular destinations. Browse whenever you are planning your next trip.
 
 StayHaven Team",Travel,LOW,Synthetic,"New Properties Added This Month Hi Nupur,
 
 A few new properties have been added to our platform this month across popular destinations. Browse whenever you are planning your next trip.
 
 StayHaven Team",new property added month hi nupur new property added to platform month across popular destination browse whenever planning next trip stayhaven team
L212,updates@travelbuzz.example,nupur@iris-mail.com,Monsoon Travel Guide,"Hi Nupur,
 
 A short guide on traveling during the monsoon season, covering what to pack and destinations that are especially scenic this time of year. A read for whenever you are curious.
 
 Travel Buzz Team",Travel,LOW,Synthetic,"Monsoon Travel Guide Hi Nupur,
 
 A short guide on traveling during the monsoon season, covering what to pack and destinations that are especially scenic this time of year. A read for whenever you are curious.
 
 Travel Buzz Team",monsoon travel guide hi nupur short guide on traveling during monsoon season covering to pack destination especially scenic time year read whenever curious travel buzz team
L213,dispatch@ridenow.example,nupur@iris-mail.com,Referral Program Now Live,"Hi Nupur,
 
 Our new referral program lets you earn ride credits when friends sign up using your code. Entirely optional to use whenever it suits you.
 
 RideNow Team",Travel,LOW,Synthetic,"Referral Program Now Live Hi Nupur,
 
 Our new referral program lets you earn ride credits when friends sign up using your code. Entirely optional to use whenever it suits you.
 
 RideNow Team",referral program live hi nupur new referral program let earn ride credit friend sign using code entirely optional to use whenever suit ridenow team
L214,visaservices@globalvisa.example,nupur@iris-mail.com,General Update on Processing Times,"Hi Nupur,
 
 A general update that visa processing times have improved slightly across most categories this quarter. Just sharing for your general awareness.
 
 Visa Services Team",Travel,LOW,Synthetic,"General Update on Processing Times Hi Nupur,
 
 A general update that visa processing times have improved slightly across most categories this quarter. Just sharing for your general awareness.
 
 Visa Services Team",general update on processing time hi nupur general update visa processing time improved slightly across category quarter sharing general awareness visa service team
L215,updates@travelbuzz.example,nupur@iris-mail.com,Airport Lounge Access Guide,"Hi Nupur,
 
 A short guide on airport lounge access options for frequent travelers, covering a few common membership programs. A read for whenever you have time.
 
 Travel Buzz Team",Travel,LOW,Synthetic,"Airport Lounge Access Guide Hi Nupur,
 
 A short guide on airport lounge access options for frequent travelers, covering a few common membership programs. A read for whenever you have time.
 
 Travel Buzz Team",airport lounge access guide hi nupur short guide on airport lounge access option frequent traveler covering common membership program read whenever time travel buzz team
L216,community@greenmeadows.example,nupur@iris-mail.com,This Month's Society Newsletter,"Dear Residents,
 
 Here is this month's society newsletter covering general updates and a few resident spotlights. A light read whenever you have some free time.
 
 Green Meadows Society",Community,LOW,Synthetic,"This Month's Society Newsletter Dear Residents,
 
 Here is this month's society newsletter covering general updates and a few resident spotlights. A light read whenever you have some free time.
 
 Green Meadows Society",month society newsletter dear resident month society newsletter covering general update resident spotlight light read whenever free time green meadow society
L217,alumni@nirmaya.edu,nupur@iris-mail.com,Alumni Spotlight This Month,"Dear Students,
 
 This month's alumni spotlight features a graduate working in an interesting field abroad. A nice read if you enjoy hearing about career journeys.
 
 Alumni Relations, Nirmaya Institute",Community,LOW,Synthetic,"Alumni Spotlight This Month Dear Students,
 
 This month's alumni spotlight features a graduate working in an interesting field abroad. A nice read if you enjoy hearing about career journeys.
 
 Alumni Relations, Nirmaya Institute",alumnus spotlight month dear student month alumnus spotlight feature graduate working interesting field abroad nice read enjoy hearing career journey alumnus relation nirmaya institute
L218,community@greenmeadows.example,nupur@iris-mail.com,Photo Highlights From Last Weekend,"Dear Residents,
 
 Sharing a few photo highlights from last weekend's community gathering for anyone who wants to relive the memories.
 
 Green Meadows Society",Community,LOW,Synthetic,"Photo Highlights From Last Weekend Dear Residents,
 
 Sharing a few photo highlights from last weekend's community gathering for anyone who wants to relive the memories.
 
 Green Meadows Society",photo highlight from last weekend dear resident sharing photo highlight from last weekend community gathering anyone want to relive memory green meadow society
L219,bookclub@nirmaya.edu,nupur@iris-mail.com,Member Spotlight This Month,"Dear Members,
 
 This month we are spotlighting a long standing book club member and their favorite reads over the years. A fun little read for club members.
 
 Book Club, Nirmaya Institute",Community,LOW,Synthetic,"Member Spotlight This Month Dear Members,
 
 This month we are spotlighting a long standing book club member and their favorite reads over the years. A fun little read for club members.
 
 Book Club, Nirmaya Institute",member spotlight month dear member month spotlighting long standing book club member favorite read over year fun little read club member book club nirmaya institute
L220,photoclub@nirmaya.edu,nupur@iris-mail.com,Best Photos From the Recent Walk,"Dear Members,
 
 Sharing a few of the best photos submitted from the recent campus photo walk. Take a look whenever you get a chance.
 
 Photography Club, Nirmaya Institute",Community,LOW,Synthetic,"Best Photos From the Recent Walk Dear Members,
 
 Sharing a few of the best photos submitted from the recent campus photo walk. Take a look whenever you get a chance.
 
 Photography Club, Nirmaya Institute",best photo from recent walk dear member sharing best photo submitted from recent campus photo walk take look whenever get chance photography club nirmaya institute
L221,musicsociety@nirmaya.edu,nupur@iris-mail.com,Recap From the Music Society Jam,"Dear Students,
 
 A short recap of last week's informal jam session organized by the music society. A nice read if you attended or are curious what you missed.
 
 Music Society, Nirmaya Institute",Community,LOW,Synthetic,"Recap From the Music Society Jam Dear Students,
 
 A short recap of last week's informal jam session organized by the music society. A nice read if you attended or are curious what you missed.
 
 Music Society, Nirmaya Institute",recap from music society jam dear student short recap last week informal jam session organized by music society nice read attended curious missed music society nirmaya institute
L222,vikas.neighbor@gmail.example,nupur@iris-mail.com,General Update on the Garden Project,"Hi Nupur,
 
 Just a small update on the community garden project, things are coming along slowly. Nothing needed from residents right now, just sharing progress.
 
 Vikas",Community,LOW,Synthetic,"General Update on the Garden Project Hi Nupur,
 
 Just a small update on the community garden project, things are coming along slowly. Nothing needed from residents right now, just sharing progress.
 
 Vikas",general update on garden project hi nupur small update on community garden project thing coming along slowly nothing needed from resident right sharing progress vikas
L223,community@greenmeadows.example,nupur@iris-mail.com,New Resident Welcome Note,"Dear Residents,
 
 A quick note welcoming the new families who moved in this month. Feel free to say hello if you see them around the building.
 
 Green Meadows Society",Community,LOW,Synthetic,"New Resident Welcome Note Dear Residents,
 
 A quick note welcoming the new families who moved in this month. Feel free to say hello if you see them around the building.
 
 Green Meadows Society",new resident welcome note dear resident quick note welcoming new family moved month feel free to say hello see around building green meadow society
L224,techclub@nirmaya.edu,nupur@iris-mail.com,Thank You Note From the Tech Club,"Dear Students,
 
 A quick thank you to everyone who supported this semester's tech club activities. Looking forward to more sessions next semester.
 
 Tech Club, Nirmaya Institute",Community,LOW,Synthetic,"Thank You Note From the Tech Club Dear Students,
 
 A quick thank you to everyone who supported this semester's tech club activities. Looking forward to more sessions next semester.
 
 Tech Club, Nirmaya Institute",thank note from tech club dear student quick thank to everyone supported semester tech club activity looking forward to session next semester tech club nirmaya institute
L225,alumni@nirmaya.edu,nupur@iris-mail.com,Alumni Newsletter This Quarter,"Dear Students,
 
 This quarter's alumni newsletter is out, featuring updates from various batches. A light read whenever you have some time.
 
 Alumni Relations, Nirmaya Institute",Community,LOW,Synthetic,"Alumni Newsletter This Quarter Dear Students,
 
 This quarter's alumni newsletter is out, featuring updates from various batches. A light read whenever you have some time.
 
 Alumni Relations, Nirmaya Institute",alumnus newsletter quarter dear student quarter alumnus newsletter featuring update from various batch light read whenever time alumnus relation nirmaya institute
L226,events@nirmaya.edu,nupur@iris-mail.com,Save the Date: Annual Fest,"Dear Students,
 
 Just a heads up that this year's annual fest is planned for later in the semester. More details will follow closer to the date.
 
 Student Affairs, Nirmaya Institute",Event,LOW,Synthetic,"Save the Date: Annual Fest Dear Students,
 
 Just a heads up that this year's annual fest is planned for later in the semester. More details will follow closer to the date.
 
 Student Affairs, Nirmaya Institute",save date : annual fest dear student head year annual fest planned later semester detail follow closer to date student affair nirmaya institute
L227,musicsociety@nirmaya.edu,nupur@iris-mail.com,Recap of the Recent Concert,"Dear Students,
 
 A quick recap of how the recent music society concert went, including a few audience favorite performances. A nice read if you attended.
 
 Music Society, Nirmaya Institute",Event,LOW,Synthetic,"Recap of the Recent Concert Dear Students,
 
 A quick recap of how the recent music society concert went, including a few audience favorite performances. A nice read if you attended.
 
 Music Society, Nirmaya Institute",recap recent concert dear student quick recap recent music society concert went including audience favorite performance nice read attended music society nirmaya institute
L228,techclub@nirmaya.edu,nupur@iris-mail.com,Thank You to Workshop Attendees,"Dear Students,
 
 A quick thank you note to everyone who attended the recent workshop, along with a few photos from the session.
 
 Tech Club, Nirmaya Institute",Event,LOW,Synthetic,"Thank You to Workshop Attendees Dear Students,
 
 A quick thank you note to everyone who attended the recent workshop, along with a few photos from the session.
 
 Tech Club, Nirmaya Institute",thank to workshop attendee dear student quick thank note to everyone attended recent workshop along photo from session tech club nirmaya institute
L229,events@standupcircuit.example,nupur@iris-mail.com,How the Last Show Went,"Hi Nupur,
 
 A quick recap of how last month's comedy show went for anyone who could not make it. A fun read if you are curious what you missed.
 
 Standup Circuit",Event,LOW,Synthetic,"How the Last Show Went Hi Nupur,
 
 A quick recap of how last month's comedy show went for anyone who could not make it. A fun read if you are curious what you missed.
 
 Standup Circuit",last show went hi nupur quick recap last month comedy show went anyone could not make fun read curious missed standup circuit
L230,events@greenmeadows.example,nupur@iris-mail.com,Thank You for a Great Sports Day,"Dear Residents,
 
 Thank you to everyone who participated in this year's society sports day. A few photos have been shared on the community board.
 
 Events Committee, Green Meadows Society",Event,LOW,Synthetic,"Thank You for a Great Sports Day Dear Residents,
 
 Thank you to everyone who participated in this year's society sports day. A few photos have been shared on the community board.
 
 Events Committee, Green Meadows Society",thank great sport day dear resident thank to everyone participated year society sport day photo shared on community board event committee green meadow society
L231,sportsoffice@nirmaya.edu,nupur@iris-mail.com,Sports Day Results Announced,"Dear Students,
 
 Results from the recent inter department sports day have been posted on the notice board. Take a look to see how your department fared.
 
 Sports Office, Nirmaya Institute",Event,LOW,Synthetic,"Sports Day Results Announced Dear Students,
 
 Results from the recent inter department sports day have been posted on the notice board. Take a look to see how your department fared.
 
 Sports Office, Nirmaya Institute",sport day result announced dear student result from recent inter department sport day posted on notice board take look to see department fared sport office nirmaya institute
L232,bookclub@nirmaya.edu,nupur@iris-mail.com,Recap of Last Meeting's Discussion,"Dear Members,
 
 A short recap of the discussion points from last meeting for anyone who could not attend. Our next pick will be announced soon.
 
 Book Club, Nirmaya Institute",Event,LOW,Synthetic,"Recap of Last Meeting's Discussion Dear Members,
 
 A short recap of the discussion points from last meeting for anyone who could not attend. Our next pick will be announced soon.
 
 Book Club, Nirmaya Institute",recap last meeting discussion dear member short recap discussion point from last meeting anyone could not attend next pick announced soon book club nirmaya institute
L233,photoclub@nirmaya.edu,nupur@iris-mail.com,Exhibition Recap and Photos,"Dear Members,
 
 A recap of how the recent photo exhibition went, along with a gallery of the featured work. Take a look whenever you get a chance.
 
 Photography Club, Nirmaya Institute",Event,LOW,Synthetic,"Exhibition Recap and Photos Dear Members,
 
 A recap of how the recent photo exhibition went, along with a gallery of the featured work. Take a look whenever you get a chance.
 
 Photography Club, Nirmaya Institute",exhibition recap photo dear member recap recent photo exhibition went along gallery featured work take look whenever get chance photography club nirmaya institute
L234,alumni@nirmaya.edu,nupur@iris-mail.com,Alumni Meet Recap,"Dear Students,
 
 A short recap of how the recent alumni meet went, including a few highlights from the panel discussions. A nice read if you attended or are curious.
 
 Alumni Relations, Nirmaya Institute",Event,LOW,Synthetic,"Alumni Meet Recap Dear Students,
 
 A short recap of how the recent alumni meet went, including a few highlights from the panel discussions. A nice read if you attended or are curious.
 
 Alumni Relations, Nirmaya Institute",alumnus meet recap dear student short recap recent alumnus meet went including highlight from panel discussion nice read attended curious alumnus relation nirmaya institute
L235,events@nirmaya.edu,nupur@iris-mail.com,Thank You Note From Student Affairs,"Dear Students,
 
 A quick thank you to everyone who contributed to making this semester's events successful. Looking forward to an even better lineup next semester.
 
 Student Affairs, Nirmaya Institute",Event,LOW,Synthetic,"Thank You Note From Student Affairs Dear Students,
 
 A quick thank you to everyone who contributed to making this semester's events successful. Looking forward to an even better lineup next semester.
 
 Student Affairs, Nirmaya Institute",thank note from student affair dear student quick thank to everyone contributed to making semester event successful looking forward to even better lineup next semester student affair nirmaya institute
L236,billing@musicstream.example,nupur@iris-mail.com,Your Yearly Listening Summary Is Ready,"Hi Nupur,
 
 Your yearly listening summary is ready, showing your most played artists and genres this year. Check it out whenever you are curious.
 
 MusicStream Team",Service,LOW,Synthetic,"Your Yearly Listening Summary Is Ready Hi Nupur,
 
 Your yearly listening summary is ready, showing your most played artists and genres this year. Check it out whenever you are curious.
 
 MusicStream Team",yearly listening summary ready hi nupur yearly listening summary ready showing played artist genre year check whenever curious musicstream team
L237,support@webnesthosting.example,nupur@iris-mail.com,Your Hosting Plan Anniversary,"Dear Customer,
 
 It has been a year since you signed up for hosting with us. Just a small note of appreciation, no action needed on your part.
 
 Webnest Hosting",Service,LOW,Synthetic,"Your Hosting Plan Anniversary Dear Customer,
 
 It has been a year since you signed up for hosting with us. Just a small note of appreciation, no action needed on your part.
 
 Webnest Hosting",hosting plan anniversary dear customer year since signed hosting u small note appreciation no action needed on part webnest hosting
L238,noreply@zentracloud.example,nupur@iris-mail.com,Your Monthly Storage Summary,"Hi Nupur,
 
 Here is a summary of your cloud storage usage over the past month. Purely informational, no action required unless you want to make changes.
 
 Zentra Cloud Team",Service,LOW,Synthetic,"Your Monthly Storage Summary Hi Nupur,
 
 Here is a summary of your cloud storage usage over the past month. Purely informational, no action required unless you want to make changes.
 
 Zentra Cloud Team",monthly storage summary hi nupur summary cloud storage usage over past month purely informational no action required unless want to make change zentra cloud team
L239,care@suvidhabank.example,nupur@iris-mail.com,Did You Know: App Shortcuts,"Dear Customer,
 
 A few lesser known shortcuts for using our mobile banking app more efficiently, in case you find them helpful during your regular use.
 
 Suvidha Bank",Service,LOW,Synthetic,"Did You Know: App Shortcuts Dear Customer,
 
 A few lesser known shortcuts for using our mobile banking app more efficiently, in case you find them helpful during your regular use.
 
 Suvidha Bank",know : app shortcut dear customer lesser known shortcut using mobile banking app efficiently case find helpful during regular use suvidha bank
L240,team@fitzone.example,nupur@iris-mail.com,Your Monthly Activity Summary,"Hi Nupur,
 
 Here is a summary of your workout activity for the past month based on the app data. Just a quick overview, nothing needing action.
 
 FitZone Team",Service,LOW,Synthetic,"Your Monthly Activity Summary Hi Nupur,
 
 Here is a summary of your workout activity for the past month based on the app data. Just a quick overview, nothing needing action.
 
 FitZone Team",monthly activity summary hi nupur summary workout activity past month based on app data quick overview nothing needing action fitzone team
L241,support@internethome.example,nupur@iris-mail.com,Your Usage Summary for This Month,"Dear Customer,
 
 Here is a summary of your data usage for this billing cycle. Purely informational, your plan continues as usual with no action needed.
 
 Internet Home Broadband",Service,LOW,Synthetic,"Your Usage Summary for This Month Dear Customer,
 
 Here is a summary of your data usage for this billing cycle. Purely informational, your plan continues as usual with no action needed.
 
 Internet Home Broadband",usage summary month dear customer summary data usage billing cycle purely informational plan continues usual no action needed internet home broadband
L242,billing@musicstream.example,nupur@iris-mail.com,Your Top Artists This Month,"Hi Nupur,
 
 A quick look at your most played artists this month based on your listening activity. A fun little summary to check out.
 
 MusicStream Team",Service,LOW,Synthetic,"Your Top Artists This Month Hi Nupur,
 
 A quick look at your most played artists this month based on your listening activity. A fun little summary to check out.
 
 MusicStream Team",top artist month hi nupur quick look at played artist month based on listening activity fun little summary to check musicstream team
L243,noreply@zentracloud.example,nupur@iris-mail.com,New Terms and Conditions Notice,"Hi Nupur,
 
 We have made minor updates to our terms and conditions, effective next month. You can review the changes on our website at your convenience.
 
 Zentra Cloud Team",Service,LOW,Synthetic,"New Terms and Conditions Notice Hi Nupur,
 
 We have made minor updates to our terms and conditions, effective next month. You can review the changes on our website at your convenience.
 
 Zentra Cloud Team",new term condition notice hi nupur made minor update to term condition effective next month review change on website at convenience zentra cloud team
L244,policy@securelife.example,nupur@iris-mail.com,Your Annual Policy Summary,"Dear Nupur,
 
 Here is a summary of your policy coverage for the year for your records. No action needed unless you would like to make any changes.
 
 SecureLife Insurance",Service,LOW,Synthetic,"Your Annual Policy Summary Dear Nupur,
 
 Here is a summary of your policy coverage for the year for your records. No action needed unless you would like to make any changes.
 
 SecureLife Insurance",annual policy summary dear nupur summary policy coverage year record no action needed unless would like to make change securelife insurance
L245,care@suvidhabank.example,nupur@iris-mail.com,New App Interface Rolling Out,"Dear Customer,
 
 We are rolling out a refreshed interface for our mobile banking app over the coming weeks. Your account details and features remain unchanged.
 
 Suvidha Bank",Service,LOW,Synthetic,"New App Interface Rolling Out Dear Customer,
 
 We are rolling out a refreshed interface for our mobile banking app over the coming weeks. Your account details and features remain unchanged.
 
 Suvidha Bank",new app interface rolling dear customer rolling refreshed interface mobile banking app over coming week account detail feature remain unchanged suvidha bank
L246,surveys@feedbackhub.example,nupur@iris-mail.com,Quick Survey on Your Recent Experience,"Hi Nupur,
 
 We would love to hear your thoughts through a short optional survey about a recent interaction. Completely optional to take part.
 
 FeedbackHub Team",Other,LOW,Synthetic,"Quick Survey on Your Recent Experience Hi Nupur,
 
 We would love to hear your thoughts through a short optional survey about a recent interaction. Completely optional to take part.
 
 FeedbackHub Team",quick survey on recent experience hi nupur would love to hear thought short optional survey recent interaction completely optional to take part feedbackhub team
L247,team@quickbites.example,nupur@iris-mail.com,A Short Note From Our Team,"Hi Nupur,
 
 Just a short note from our team reflecting on the past few months and thanking customers like you. Nothing to act on, just wanted to share.
 
 QuickBites Team",Other,LOW,Synthetic,"A Short Note From Our Team Hi Nupur,
 
 Just a short note from our team reflecting on the past few months and thanking customers like you. Nothing to act on, just wanted to share.
 
 QuickBites Team",short note from team hi nupur short note from team reflecting on past month thanking customer like nothing to act on wanted to share quickbites team
L248,updates@gamezone.example,nupur@iris-mail.com,Fun Fact of the Week,"Hi Nupur,
 
 Here is a fun trivia fact about gaming history we thought you might enjoy reading during a quick break.
 
 GameZone Team",Other,LOW,Synthetic,"Fun Fact of the Week Hi Nupur,
 
 Here is a fun trivia fact about gaming history we thought you might enjoy reading during a quick break.
 
 GameZone Team",fun fact week hi nupur fun trivia fact gaming history thought might enjoy reading during quick break gamezone team
L249,hello@homedecorco.example,nupur@iris-mail.com,A Short Look Back,"Hi Nupur,
 
 A short recap of our brand's highlights over the past few months, shared with customers who have supported us along the way.
 
 Home Decor Co",Other,LOW,Synthetic,"A Short Look Back Hi Nupur,
 
 A short recap of our brand's highlights over the past few months, shared with customers who have supported us along the way.
 
 Home Decor Co",short look back hi nupur short recap brand highlight over past month shared customer supported u along way home decor co
L250,news@moviebuzz.example,nupur@iris-mail.com,Quiz: Test Your Movie Knowledge,"Hi Nupur,
 
 A fun quiz to test how well you know classic films. Purely for entertainment whenever you have a spare few minutes.
 
 Movie Buzz Team",Other,LOW,Synthetic,"Quiz: Test Your Movie Knowledge Hi Nupur,
 
 A fun quiz to test how well you know classic films. Purely for entertainment whenever you have a spare few minutes.
 
 Movie Buzz Team",quiz : test movie knowledge hi nupur fun quiz to test well know classic film purely entertainment whenever spare minute movie buzz team
